date,wti,brent,ovx,vix,dxy,return_t,abs_return_t,rolling_vol_5,rolling_vol_10,rolling_vol_20,delta_ovx_t,spread_wti_brent,event_count_total,mentions_total,avg_tone_daily,goldstein_mean,goldstein_min,count_military,count_diplomatic,count_armed,count_agreement,extreme_event_dummy,gpr,gpr_act,gpr_threat,abs_return_t1,delta_ovx_t1,high_stress_day
2015-01-05,50.05,51.08,57.66999816894531,19.92,91.37999725341795,,,,,,,-1.0300000000000011,1,24,-8.36416605001193,-9.0,-9.0,1,0,1,0,1,"100,72","111,57",74.45,0.042238248349681026,-1.2199974060058594,1
2015-01-06,47.98,50.12,56.45000076293945,21.12,91.5,-0.042238248349681026,0.042238248349681026,,,,-1.2199974060058594,-2.1400000000000006,0,0,0.0,0.0,0.0,0,0,0,0,0,"66,82","104,69",31.75,0.014689412783060962,-3.200000762939453,0
2015-01-07,48.69,49.06,53.25,19.31,91.88999938964844,0.014689412783060962,0.014689412783060962,,,,-3.200000762939453,-0.37000000000000455,0,0,0.0,0.0,0.0,0,0,0,0,0,"78,76","92,37",61.64,0.002256642664491936,-2.2900009155273438,0
2015-01-08,48.8,49.43,50.959999084472656,17.01,92.37000274658205,0.002256642664491936,0.002256642664491936,0.02993083054095619,,,-2.2900009155273438,-0.6300000000000026,0,0,0.0,0.0,0.0,0,0,0,0,0,"168,64","232,17",133.55,0.009264090959798046,-0.8899993896484375,0
2015-01-09,48.35,47.64,50.06999969482422,17.55,91.94000244140624,-0.009264090959798046,0.009264090959798046,0.02444197278181257,,,-0.8899993896484375,0.7100000000000009,0,0,0.0,0.0,0.0,0,0,0,0,0,"64,71","112,90",26.91,0.04852132750676419,3.0600013732910156,1
2015-01-12,46.06,46.9,53.130001068115234,19.6,91.9800033569336,-0.04852132750676419,0.04852132750676419,0.02767989166281339,0.02767989166281339,,3.0600013732910156,-0.8399999999999963,0,0,0.0,0.0,0.0,0,0,0,0,0,"148,08","240,57",91.21,0.0030441423812281325,0.6499977111816477,0
2015-01-13,45.92,45.13,53.77999877929688,20.56,92.30999755859376,-0.0030441423812281325,0.0030441423812281325,0.023901507703234424,0.025370025239835156,,0.6499977111816477,0.7899999999999991,1,30,-2.00234788579529,7.4,7.4,0,1,0,0,0,"151,56","259,01",79.21,0.05445683910594985,-0.6100006103515696,1
2015-01-14,48.49,45.82,53.16999816894531,21.48,92.16000366210938,0.05445683910594985,0.05445683910594985,0.036798983502603674,0.03482494202722078,,-0.6100006103515696,2.6700000000000017,1,28,-2.76916452947605,-5.0,-5.0,0,0,0,0,0,"88,39","151,06",77.0,0.04470489271389159,4.600002288818359,1
2015-01-15,46.37,47.66,57.77000045776367,22.39,92.3499984741211,-0.04470489271389159,0.04470489271389159,0.041508130605465286,0.0352326586287095,,4.600002288818359,-1.2899999999999991,0,0,0.0,0.0,0.0,0,0,0,0,0,"132,79","257,61",23.87,0.04470489271389145,-1.3300018310546946,1
2015-01-16,48.49,47.38,56.43999862670898,20.95,92.5199966430664,0.04470489271389145,0.04470489271389145,0.04828176729676887,0.03759246114747694,,-1.3300018310546946,1.1099999999999994,0,0,0.0,0.0,0.0,0,0,0,0,0,"156,11","258,12",82.32,0.03568808623913604,1.5500030517578196,1
2015-01-20,46.79,46.49,57.9900016784668,19.89,93.0500030517578,-0.03568808623913604,0.03568808623913604,0.0452660353294745,0.03687358182883699,0.03687358182883699,1.5500030517578196,0.29999999999999716,2,24,-8.32230887063083,-7.0,-7.0,0,0,0,0,0,"175,29","250,93",119.6,0.022401613020838415,-2.9000015258789062,0
2015-01-21,47.85,46.5,55.09000015258789,18.85,92.9000015258789,0.022401613020838415,0.022401613020838415,0.04582323141817693,0.035602151206028075,0.036067618277997426,-2.9000015258789062,1.3500000000000014,0,0,0.0,0.0,0.0,0,0,0,0,0,"148,51","189,18",123.49,0.0409526195612612,1.3100013732910156,1
2015-01-22,45.93,46.09,56.400001525878906,16.4,94.23999786376952,-0.0409526195612612,0.0409526195612612,0.04141638517026801,0.037311243821916876,0.035998210955588694,1.3100013732910156,-0.1600000000000037,0,0,0.0,0.0,0.0,0,0,0,0,0,"98,54","136,02",69.34,0.01469485813231077,1.2199974060058594,0
2015-01-23,45.26,46.69,57.619998931884766,16.66,95.0,-0.01469485813231077,0.01469485813231077,0.03724797192510581,0.037287814174022535,0.034528983600758886,1.2199974060058594,-1.4299999999999997,0,0,0.0,0.0,0.0,0,0,0,0,0,"109,12","124,32",97.22,0.010215500784451884,-0.9699974060058594,0
2015-01-26,44.8,46.07,56.650001525878906,15.52,94.8000030517578,-0.010215500784451884,0.010215500784451884,0.02509958657685925,0.03729394176023657,0.03318097967780926,-0.9699974060058594,-1.2700000000000031,0,0,0.0,0.0,0.0,0,0,0,0,0,"135,93","200,75",117.21,0.022948932985544783,-2.420001983642578,0
2015-01-27,45.84,46.55,54.22999954223633,17.22,94.0199966430664,0.022948932985544783,0.022948932985544783,0.027118933306202186,0.03538536156958174,0.03295213108007541,-2.420001983642578,-0.7099999999999937,0,0,0.0,0.0,0.0,0,0,0,0,0,"95,16","126,49",67.83,0.039150907561825155,0.9500007629394531,1
2015-01-28,44.08,47.07,55.18000030517578,20.44,94.47000122070312,-0.039150907561825155,0.039150907561825155,0.026028485092604997,0.037457674897812036,0.03290487480684081,0.9500007629394531,-2.990000000000002,0,0,0.0,0.0,0.0,0,0,0,0,0,"146,46","197,54",107.46,0.0009070295406426232,-0.490001678466804,0
2015-01-29,44.12,46.61,54.68999862670898,18.76,94.77999877929688,0.0009070295406426232,0.0009070295406426232,0.022678579151382574,0.031514078643035105,0.031932157562867734,-0.490001678466804,-2.490000000000002,1,30,0.628946160026787,3.5,3.5,0,1,0,0,0,"105,28","89,96",125.06,0.0799032182047651,3.9300003051757884,1
2015-01-30,47.79,47.52,58.619998931884766,20.97,94.8000030517578,0.0799032182047651,0.0799032182047651,0.0446022302942757,0.039616523858170674,0.03719267750612804,3.9300003051757884,0.269999999999996,0,0,0.0,0.0,0.0,0,0,0,0,0,"126,52","107,02",133.9,0.03009295502803106,-0.779998779296875,1
2015-02-02,49.25,51.74,57.84000015258789,19.43,94.5,0.03009295502803106,0.03009295502803106,0.043464685343576774,0.038150401721088786,0.036913225375778055,-0.779998779296875,-2.490000000000002,0,0,0.0,0.0,0.0,0,0,0,0,0,"101,15","121,00",109.34,0.07413697825950925,1.8400001525878906,1
2015-02-03,53.04,54.41,59.68000030517578,17.33,93.5999984741211,0.07413697825950925,0.07413697825950925,0.05015795552543014,0.041864836688635755,0.03964856796265161,1.8400001525878906,-1.3699999999999974,2,30,2.36220472440945,-7.2,-7.2,2,0,0,0,1,"141,25","190,78",136.4,0.09051400754083173,3.049999237060547,1
2015-02-04,48.45,55.07,62.72999954223633,18.33,93.98999786376952,-0.09051400754083173,0.09051400754083173,0.06926934844490266,0.05272711855317232,0.043794059241883114,3.049999237060547,-6.619999999999997,0,0,0.0,0.0,0.0,0,0,0,0,0,"90,70","51,67",122.1,0.041044879896182405,0.4099998474121094,1
2015-02-05,50.48,55.98,63.13999938964844,16.85,94.6999969482422,0.041044879896182405,0.041044879896182405,0.0689872988858705,0.05180324916890422,0.04463238978210251,0.4099998474121094,-5.5,0,0,0.0,0.0,0.0,0,0,0,0,0,"89,43","59,44",99.15,0.023106569434736716,-2.30999755859375,0
2015-02-06,51.66,55.88,60.83000183105469,17.29,94.6999969482422,0.023106569434736716,0.023106569434736716,0.06245116721349198,0.05122188619825597,0.044886267765792104,-2.30999755859375,-4.220000000000006,1,34,-0.155675722893886,-10.0,-10.0,1,0,1,0,1,"166,44","161,88",168.78,0.02541942883697647,-4.8300018310546875,0
2015-02-09,52.99,57.0,56.0,18.55,94.4499969482422,0.02541942883697647,0.02541942883697647,0.06221405042817709,0.05064618501291807,0.04506335049660382,-4.8300018310546875,-4.009999999999998,0,0,0.0,0.0,0.0,0,0,0,0,0,"128,99","61,73",163.04,0.05688093050104256,3.2900009155273438,1
2015-02-10,50.06,55.79,59.290000915527344,17.23,94.76000213623048,-0.05688093050104256,0.05688093050104256,0.058361469555771,0.055615184520314935,0.045617192842980145,3.2900009155273438,-5.729999999999997,1,18,-1.50479461896538,-7.2,-7.2,1,0,0,0,1,"134,23","95,58",183.37,0.025491973144526732,0.9399986267089844,0
2015-02-11,48.8,53.48,60.22999954223633,16.96,94.98999786376952,-0.025491973144526732,0.025491973144526732,0.041047721803875274,0.05446227423191359,0.04607771221168464,0.9399986267089844,-4.68,0,0,0.0,0.0,0.0,0,0,0,0,0,"110,85","136,00",113.44,0.04742310995789911,-1.5400009155273509,1
2015-02-12,51.17,56.23,58.68999862670898,15.34,94.08999633789062,0.04742310995789911,0.04742310995789911,0.04265392876044232,0.055558423886210906,0.045689842198005884,-1.5400009155273509,-5.059999999999995,1,58,-0.8858412755498761,-5.8,-5.8,0,0,0,0,0,"76,61","116,38",54.6,0.028702731251162777,-3.159999847412095,1
2015-02-13,52.66,60.33,55.52999877929688,14.69,94.1999969482422,0.028702731251162777,0.028702731251162777,0.04338983326927091,0.05107273035606709,0.04461806035615888,-3.159999847412095,-7.670000000000002,0,0,0.0,0.0,0.0,0,0,0,0,0,"139,64","77,34",174.17,0.01694636675480855,0.8000030517578054,0
2015-02-17,53.56,60.78,56.33000183105469,15.8,94.05999755859376,0.01694636675480855,0.01694636675480855,0.04249224462307953,0.0506570961413098,0.04378649038053164,0.8000030517578054,-7.219999999999999,0,0,0.0,0.0,0.0,0,0,0,0,0,"123,75","151,83",134.56,0.027061922042957192,-0.3600006103515625,0
2015-02-18,52.13,60.72,55.970001220703125,15.45,94.1999969482422,-0.027061922042957192,0.027061922042957192,0.03321828965703717,0.04595309905114894,0.04340572531823643,-0.3600006103515625,-8.589999999999996,7,376,-7.454804694602882,-2.6285714285714286,-9.0,2,3,2,0,1,"154,67","171,33",135.76,0.019564788710735265,-0.220001220703125,0
2015-02-19,51.12,58.78,55.75,15.29,94.4000015258789,-0.019564788710735265,0.019564788710735265,0.031794925795158815,0.0348606239029802,0.043554870450666736,-0.220001220703125,-7.660000000000004,16,502,-0.5367636696496945,-2.4,-10.0,3,7,2,0,1,"143,86","158,51",157.4,0.02315330497471675,-1.75,0
2015-02-20,49.95,60.99,54.0,14.3,94.25,-0.02315330497471675,0.02315330497471675,0.02571852446509418,0.03344212789733222,0.04277786192135612,-1.75,-11.04,35,1182,-5.0469945823745075,-4.914285714285715,-10.0,11,9,10,0,1,"136,85","128,40",147.26,0.007838448333620783,4.6699981689453125,1
2015-02-23,49.56,59.78,58.66999816894531,14.56,94.56999969482422,-0.007838448333620783,0.007838448333620783,0.017773604399101084,0.03237253365356427,0.04264577958649947,4.6699981689453125,-10.219999999999999,23,591,-3.433950012905092,-6.439130434782609,-10.0,9,2,7,0,1,"168,18","162,58",161.03,0.022032714999882803,-2.3999977111816406,0
2015-02-24,48.48,60.33,56.27000045776367,13.69,94.48999786376952,-0.022032714999882803,0.022032714999882803,0.007280357444282348,0.031005556399389088,0.042941786230795684,-2.3999977111816406,-11.850000000000001,32,878,-5.3686274011835025,-2.25625,-10.0,13,16,9,0,1,"149,09","130,05",154.97,0.035859205178126206,-1.3400001525878906,1
2015-02-25,50.25,59.77,54.93000030517578,13.84,94.20999908447266,0.035859205178126206,0.035859205178126206,0.024908841529935756,0.028852790352277946,0.04333767085073534,-1.3400001525878906,-9.520000000000003,33,887,-4.578922490459625,-3.7666666666666666,-10.0,10,10,4,0,1,"114,38","96,48",124.37,0.05312791683897407,1.529998779296875,1
2015-02-26,47.65,61.39,56.459999084472656,13.91,95.29000091552734,-0.05312791683897407,0.05312791683897407,0.03241600394643161,0.03267627468848329,0.044184611760712346,1.529998779296875,-13.740000000000002,11,257,-6.314845697295134,-4.663636363636363,-10.0,4,3,3,0,1,"95,06","58,32",121.61,0.04493524437898662,-0.6100006103515696,1
2015-02-27,49.84,61.89,55.84999847412109,13.34,95.25,0.04493524437898662,0.04493524437898662,0.04084588123167992,0.03226175972269952,0.045114982654184246,-0.6100006103515696,-12.049999999999997,25,631,-4.434130122142217,-3.012,-10.0,5,10,5,0,1,"105,94","97,49",115.19,0.005028673978155234,-0.9300003051757741,0
2015-03-02,49.59,60.75,54.91999816894531,13.04,95.45999908447266,-0.005028673978155234,0.005028673978155234,0.040737848444384446,0.030326708551100784,0.041667432075463605,-0.9300003051757741,-11.159999999999997,32,996,-3.291410110229162,-2.584375,-10.0,12,13,6,0,1,"105,47","28,67",151.48,0.016797035587591443,-1.8699989318847656,0
2015-03-03,50.43,61.18,53.04999923706055,13.86,95.37999725341795,0.016797035587591443,0.016797035587591443,0.03912812326012817,0.030314184649353322,0.041297506697379985,-1.8699989318847656,-10.75,25,569,-4.862402712568389,-3.9560000000000004,-10.0,11,9,8,0,1,"149,37","105,12",175.35,0.02157792625149903,-4.130001068115234,0
2015-03-04,51.53,59.18,48.91999816894531,14.23,95.97000122070312,0.02157792625149903,0.02157792625149903,0.03704134760414688,0.030464927196710536,0.037947216223800075,-4.130001068115234,-7.649999999999999,31,1031,-4.147370607603127,-1.0290322580645161,-10.0,5,15,2,0,1,"218,32","125,57",279.29,0.015055519493946033,-1.8299980163574219,0
2015-03-05,50.76,60.33,47.09000015258789,14.04,96.37999725341795,-0.015055519493946033,0.015055519493946033,0.02355511613697487,0.03019437165111972,0.031893703131131886,-1.8299980163574219,-9.57,34,922,-3.9244785318511806,-3.7911764705882356,-10.0,20,13,8,0,1,"77,49","84,97",64.43,0.022916216533229335,1.8699989318847656,1
2015-03-06,49.61,59.15,48.959999084472656,15.2,97.62000274658205,-0.022916216533229335,0.022916216533229335,0.01949729187032936,0.030174874852430734,0.031001514870462855,1.8699989318847656,-9.54,11,228,-1.4461547901137706,0.5272727272727274,-9.2,1,8,0,0,1,"86,04","93,57",91.06,0.006830078781605005,0.030002593994140625,0
2015-03-09,49.95,58.67,48.9900016784668,15.06,97.58999633789062,0.006830078781605005,0.006830078781605005,0.019594353717147628,0.030144904167686833,0.03054933752267268,0.030002593994140625,-8.719999999999999,20,470,-3.1008685791837216,-4.675,-10.0,10,5,2,0,1,"79,82","29,84",116.15,0.031109553584650115,1.9299964904785156,1
2015-03-10,48.42,55.95,50.91999816894531,16.69,98.62000274658205,-0.031109553584650115,0.031109553584650115,0.021800341932297688,0.03103186853984471,0.030524860707022712,1.9299964904785156,-7.530000000000001,21,589,-3.76840385156572,-5.128571428571429,-10.0,14,4,3,0,1,"89,77","62,65",104.51,0.0074627212015896,-1.75,0
2015-03-11,48.06,56.46,49.16999816894531,16.87,99.8000030517578,-0.0074627212015896,0.0074627212015896,0.014577051242407327,0.028359189332972986,0.02795430804221139,-1.75,-8.399999999999999,12,240,-4.922074004766648,-5.875,-10.0,4,2,3,0,1,"78,04","77,80",72.11,0.01975269096499171,0.4200019836425781,0
2015-03-12,47.12,56.66,49.59000015258789,15.42,99.1500015258789,-0.01975269096499171,0.01975269096499171,0.014816087740911707,0.023550978714318403,0.027729430304362954,0.4200019836425781,-9.54,23,616,-5.538422894836154,-6.352173913043478,-10.0,13,3,3,0,1,"105,61","112,30",81.96,0.04870527812889028,4.970001220703125,1
2015-03-13,44.88,54.8,54.560001373291016,16.0,100.33000183105467,-0.04870527812889028,0.04870527812889028,0.02135711128025524,0.02175248394941124,0.027080736793194435,4.970001220703125,-9.919999999999995,38,1068,-3.3692937471063042,2.197368421052632,-10.0,7,25,1,0,1,"67,85","63,66",59.74,0.02139480322675275,2.3699989318847656,1
2015-03-16,43.93,52.0,56.93000030517578,15.61,99.5999984741211,-0.02139480322675275,0.02139480322675275,0.015370495357752607,0.02191164616552464,0.025940496073478737,2.3699989318847656,-8.07,22,541,-3.9770830071459407,-3.9045454545454548,-10.0,10,7,5,0,1,"109,26","99,02",107.37,0.012368458177428885,2.9199981689453054,1
2015-03-17,43.39,52.17,59.84999847412109,15.66,99.58999633789062,-0.012368458177428885,0.012368458177428885,0.015989587521349487,0.019436319060287248,0.02521147625417171,2.9199981689453054,-8.780000000000001,21,440,-1.9439862139147712,-5.619047619047619,-10.0,14,5,8,0,1,"97,29","46,19",130.98,0.02817727883091931,-6.19999694824218,1
2015-03-18,44.63,52.59,53.650001525878906,13.97,98.5500030517578,0.02817727883091931,0.02817727883091931,0.02770625817115779,0.02087631184457292,0.02630687964649646,-6.19999694824218,-7.960000000000001,11,337,-5.862029556408019,-4.190909090909091,-10.0,7,4,4,0,1,"117,37","69,34",144.59,0.013762202542862933,0.1699981689453125,0
2015-03-19,44.02,52.96,53.81999969482422,14.07,99.0999984741211,-0.013762202542862933,0.013762202542862933,0.027568201653485006,0.020875639051773125,0.026201701689350335,0.1699981689453125,-8.939999999999998,13,293,-3.7034081877357674,-4.638461538461538,-10.0,8,3,2,0,1,"55,87","39,31",65.58,0.04399732039077927,-2.979999542236328,1
2015-03-20,46.0,53.88,50.84000015258789,13.02,97.91000366210938,0.04399732039077927,0.04399732039077927,0.02919041731268875,0.0274703101160983,0.028305102336874544,-2.979999542236328,-7.880000000000003,16,418,-2.0348678047599327,-3.74375,-10.0,3,4,3,0,1,"94,76","90,36",102.78,0.029980832211935857,-1.5200004577636719,1
2015-03-23,47.4,53.82,49.31999969482422,13.41,97.02999877929688,0.029980832211935857,0.029980832211935857,0.02652827438846538,0.02970218600066257,0.029289706385035794,-1.5200004577636719,-6.420000000000002,9,187,-2.8463535062824747,-5.433333333333334,-10.0,4,2,2,0,1,"98,30","39,20",130.78,0.00783653274407409,-1.3800010681152415,0
2015-03-24,47.03,53.61,47.93999862670898,13.62,97.19000244140624,-0.00783653274407409,0.00783653274407409,0.02540426514126106,0.02833004842758041,0.02895459787253181,-1.3800010681152415,-6.579999999999998,10,406,-2.688618748524322,-3.15,-10.0,3,4,2,0,1,"100,38","90,97",106.23,0.03591950148689962,-0.9099998474120952,1
2015-03-25,48.75,54.18,47.02999877929688,15.44,96.9800033569336,0.03591950148689962,0.03591950148689962,0.02653438684373482,0.030772214139305382,0.028958697379247778,-0.9099998474120952,-5.43,14,373,-2.7216128905310955,-3.9714285714285715,-10.0,2,3,1,0,1,"105,38","100,49",91.44,0.05312750862355714,2.5500030517578054,1
2015-03-26,51.41,57.02,49.58000183105469,15.8,97.44000244140624,0.05312750862355714,0.05312750862355714,0.023409754016298898,0.03369106792328927,0.028737444450606227,2.5500030517578054,-5.6100000000000065,28,1007,-2.702709705418833,-3.9035714285714285,-10.0,11,7,2,0,1,"103,41","120,86",94.88,0.051487827993844416,3.259998321533203,1
2015-03-27,48.83,56.44,52.84000015258789,15.07,97.29000091552734,-0.051487827993844416,0.051487827993844416,0.04186615457038328,0.034225237869673256,0.029549474413783704,3.259998321533203,-7.609999999999999,24,735,-6.439747603822568,-6.870833333333334,-10.0,17,2,9,0,1,"199,25","215,19",214.01,0.003487540718192365,-0.8600006103515625,0
2015-03-30,48.66,53.99,51.97999954223633,14.51,97.9800033569336,-0.003487540718192365,0.003487540718192365,0.040925716828255305,0.032935215203554274,0.02954048881553276,-0.8600006103515625,-5.330000000000005,16,385,-3.1123849169897895,-0.9,-9.5,4,9,2,0,1,"123,24","78,63",172.16,0.019506740125661094,1.7400016784667969,1
2015-03-31,47.72,53.69,53.720001220703125,15.29,98.36000061035156,-0.019506740125661094,0.019506740125661094,0.042172229523441476,0.03355093345356458,0.02950817335270423,1.7400016784667969,-5.969999999999999,41,1038,-4.01339404856706,-1.7317073170731707,-10.0,11,22,4,0,1,"131,06","63,07",165.35,0.04906953279815209,-2.8199996948242188,1
2015-04-01,50.12,55.73,50.900001525878906,15.11,98.19000244140624,0.04906953279815209,0.04906953279815209,0.04505663104933235,0.0354396775213709,0.03128829272303643,-2.8199996948242188,-5.609999999999999,23,585,-3.773804245633068,-3.8130434782608695,-10.0,6,8,4,0,1,"138,93","112,53",158.84,0.01995028384731063,-1.0600013732910156,0
2015-04-02,49.13,55.73,49.84000015258789,14.67,97.44000244140624,-0.01995028384731063,0.01995028384731063,0.03687121962082726,0.03598163680741714,0.03141970144698833,-1.0600013732910156,-6.599999999999994,26,664,-6.843140521969768,-2.1384615384615384,-10.0,9,13,7,0,1,"113,85","146,45",85.51,0.05831115171975679,-1.5099983215332031,1
2015-04-06,52.08,55.73,48.33000183105469,14.74,97.11000061035156,0.05831115171975679,0.05831115171975679,0.03797465086221165,0.037685298950571634,0.03369133471600392,-1.5099983215332031,-3.6499999999999986,18,442,-4.455173373864235,0.35555555555555557,-10.0,3,12,3,0,1,"116,79","148,18",97.11,0.035276693803829876,-2.0800018310546875,1
2015-04-07,53.95,57.55,46.25,14.78,97.83000183105467,0.035276693803829876,0.035276693803829876,0.03775221416691581,0.03799552721355667,0.03447816340143347,-2.0800018310546875,-3.5999999999999943,22,624,-2.525021542178948,-1.5545454545454545,-10.0,9,11,5,0,1,"110,13","70,26",146.52,0.06727318060742499,1.8499984741210866,1
2015-04-08,50.44,56.42,48.09999847412109,13.98,98.06999969482422,-0.06727318060742499,0.06727318060742499,0.05329532222190614,0.045512612261635006,0.03724541975629652,1.8499984741210866,-5.980000000000004,6,188,-1.649892721984047,0.08333333333333348,-5.8,0,3,0,0,0,"166,76","143,78",209.87,0.006914973716434805,-1.4499969482421804,0
2015-04-09,50.79,56.04,46.650001525878906,13.09,99.16000366210938,0.006914973716434805,0.006914973716434805,0.048940981814930506,0.04437481442933138,0.03719099313032941,-1.4499969482421804,-5.25,10,314,-5.814033161693634,-4.64,-10.0,4,2,1,0,1,"134,81","138,24",128.12,0.01640341407840418,-3.6100006103515625,0
2015-04-10,51.63,56.82,43.040000915527344,12.58,99.38999938964844,0.01640341407840418,0.01640341407840418,0.04741971436095136,0.04127803683778785,0.03691669829131888,-3.6100006103515625,-5.189999999999998,20,560,-4.133350400900838,-1.85,-10.0,3,10,2,0,1,"142,14","86,59",183.85,0.006178818653678714,1.1599998474121094,0
2015-04-13,51.95,57.14,44.20000076293945,13.94,99.48999786376952,0.006178818653678714,0.006178818653678714,0.039127814049571434,0.03702892944317531,0.03472273641615108,1.1599998474121094,-5.189999999999998,17,416,-4.473259401775566,-5.717647058823529,-10.0,11,3,6,0,1,"79,22","78,98",98.82,0.025654613626562257,0.4500007629394531,0
2015-04-14,53.3,57.69,44.650001525878906,13.67,98.76000213623048,0.025654613626562257,0.025654613626562257,0.037113074542598934,0.03732790094159352,0.034266107171414345,0.4500007629394531,-4.390000000000001,29,681,-4.589807573718294,-6.679310344827586,-10.0,10,2,8,0,1,"121,65","83,96",147.84,0.05386970991273077,1.4899978637695312,1
2015-04-15,56.25,59.32,46.13999938964844,12.84,98.33000183105467,0.05386970991273077,0.05386970991273077,0.019608880010820083,0.03827787501969898,0.03521221885543579,1.4899978637695312,-3.0700000000000003,29,950,-5.194890915232201,-2.3241379310344823,-10.0,8,12,4,0,1,"143,66","134,79",175.67,0.007791787251682768,-2.6599998474121094,0
2015-04-16,56.69,60.13,43.47999954223633,12.6,97.41999816894533,0.007791787251682768,0.007791787251682768,0.01944567693952591,0.036555800739043756,0.03504376348867887,-2.6599998474121094,-3.440000000000005,14,460,-3.9092859524274357,0.9285714285714286,-10.0,2,11,2,0,1,"104,72","97,44",133.52,0.017438164303488102,-1.4799995422363281,0
2015-04-17,55.71,61.31,42.0,13.89,97.5199966430664,-0.017438164303488102,0.017438164303488102,0.026486590307494427,0.036317269174479354,0.03519508297690589,-1.4799995422363281,-5.600000000000001,17,483,-5.4447827962123965,-8.229411764705883,-10.0,14,1,10,0,1,"99,06","94,80",92.26,0.011777438060759399,0.060001373291015625,0
2015-04-20,56.37,61.2,42.060001373291016,13.3,97.94000244140624,0.011777438060759399,0.011777438060759399,0.026125150963159496,0.03259556572276174,0.03437031285336523,0.060001373291015625,-4.830000000000005,19,489,-3.0289831367079496,-3.1105263157894734,-10.0,9,7,1,0,1,"91,73","60,97",118.66,0.014113677779125965,-1.0200004577636719,0
2015-04-21,55.58,60.12,41.040000915527344,13.25,97.9800033569336,-0.014113677779125965,0.014113677779125965,0.028520805573624828,0.03171918087272093,0.03444645079042197,-1.0200004577636719,-4.539999999999999,22,656,-3.221967828845238,-5.181818181818182,-9.2,13,4,2,0,1,"85,28","107,39",82.11,0.010559382229983816,-2.0300025939941406,0
2015-04-22,56.17,60.12,39.0099983215332,12.71,98.0199966430664,0.010559382229983816,0.010559382229983816,0.014263597936237663,0.019921061458293685,0.034247477914438024,-2.0300025939941406,-3.9499999999999957,26,883,-3.9330580595364086,-5.111538461538462,-10.0,13,7,6,0,1,"75,59","70,92",96.13,0.007449484610091148,-1.029998779296875,0
2015-04-23,56.59,62.66,37.97999954223633,12.48,97.27999877929688,0.007449484610091148,0.007449484610091148,0.014215884352813752,0.019910313083319864,0.03365090249896984,-1.029998779296875,-6.069999999999993,28,1000,-3.9755049635609976,-5.707142857142857,-10.0,17,6,13,0,1,"61,08","35,82",83.65,0.010837807067125099,-1.3699989318847656,0
2015-04-24,55.98,62.96,36.61000061035156,12.29,96.91999816894533,-0.010837807067125099,0.010837807067125099,0.012426607409054661,0.020899486164483495,0.03208502316013294,-1.3699989318847656,-6.980000000000004,22,778,-3.3324406064764243,-3.159090909090909,-10.0,9,9,4,0,1,"156,40","183,91",126.72,0.007530966201164329,0.8499984741210938,0
2015-04-27,55.56,62.86,37.459999084472656,13.12,96.7699966430664,-0.007530966201164329,0.007530966201164329,0.011163196904043542,0.021480326335371638,0.02946388493818498,0.8499984741210938,-7.299999999999997,18,910,-5.677225201035046,-4.327777777777778,-10.0,7,5,4,0,1,"76,04","85,28",71.13,0.026464558421941575,-0.14999771118164062,0
2015-04-28,57.05,62.61,37.310001373291016,12.41,96.08999633789062,0.026464558421941575,0.026464558421941575,0.015043696099262215,0.021561037690044013,0.029692198042559768,-0.14999771118164062,-5.560000000000002,22,626,-3.231150775788218,-4.6863636363636365,-10.0,10,5,3,0,1,"46,01","27,52",61.21,0.02595301373564165,-0.6300010681152344,0
2015-04-29,58.55,63.97,36.68000030517578,13.39,95.12000274658205,0.02595301373564165,0.02595301373564165,0.017742453343992413,0.015836684480743827,0.029215614745341827,-0.6300010681152344,-5.420000000000002,31,657,-3.941492291911563,-2.958064516129032,-10.0,16,12,4,0,1,"84,10","93,16",62.16,0.018109998206199077,-0.40000152587889914,0
2015-04-30,59.62,63.9,36.27999877929688,14.55,94.5999984741211,0.018109998206199077,0.018109998206199077,0.018248077299518745,0.016435456776168866,0.02783687065334204,-0.40000152587889914,-4.280000000000001,35,1498,-6.537313285923586,-4.314285714285714,-10.0,11,9,4,0,1,"52,75","49,08",52.63,0.008760163837872823,-0.6599998474121165,0
2015-05-01,59.1,64.13,35.619998931884766,12.7,95.3000030517578,-0.008760163837872823,0.008760163837872823,0.0176567369580907,0.01530713608221715,0.027339169613508983,-0.6599998474121165,-5.029999999999994,29,904,-5.630930611423188,-4.655172413793103,-10.0,15,7,3,0,1,"76,24","38,00",95.09,0.00305033281762298,0.5800018310546875,0
2015-05-04,58.92,64.62,36.20000076293945,12.85,95.4800033569336,-0.00305033281762298,0.00305033281762298,0.016571133495110336,0.015393234308679182,0.024874154456564386,0.5800018310546875,-5.700000000000003,17,551,-2.7407258286839076,-0.9588235294117645,-10.0,6,9,2,0,1,"70,60","64,96",63.22,0.0244773326842633,0.04000091552734375,0
2015-05-05,60.38,65.44,36.2400016784668,14.31,95.12999725341795,0.0244773326842633,0.0244773326842633,0.01614822469296565,0.015063207844531787,0.024320096406989348,0.04000091552734375,-5.059999999999995,12,270,-3.0401193447393733,0.1333333333333334,-10.0,4,7,2,0,1,"44,76","39,67",49.63,0.009067739981710295,0.6399993896484375,0
2015-05-06,60.93,66.22,36.880001068115234,15.15,94.12999725341795,0.009067739981710295,0.009067739981710295,0.013945095379770045,0.015045541305936175,0.017234329916657222,0.6399993896484375,-5.289999999999999,14,550,-4.874808892720476,-4.35,-9.2,5,4,2,0,1,"99,69","108,42",82.9,0.03235772624541901,1.25,1
2015-05-07,58.99,64.93,38.130001068115234,15.13,94.62000274658205,-0.03235772624541901,0.03235772624541901,0.021165189038060275,0.019770875042862308,0.01961139798268739,1.25,-5.940000000000005,24,1540,-5.222070007444963,-3.5749999999999997,-10.0,14,5,2,0,1,"64,28","67,86",69.18,0.00709462435266617,-3.0400009155273438,0
2015-05-08,59.41,63.82,35.09000015258789,12.86,94.79000091552734,0.00709462435266617,0.00709462435266617,0.02111013020654724,0.01906054358237993,0.019498696211184198,-3.0400009155273438,-4.410000000000004,17,565,-3.826984492159296,-5.905882352941177,-10.0,7,3,4,0,1,"71,75","55,64",86.18,0.0030343920787762207,-0.22999954223632812,0
2015-05-11,59.23,62.82,34.86000061035156,13.85,95.01000213623048,-0.0030343920787762207,0.0030343920787762207,0.02110935802581285,0.018757897702634134,0.019627968516100693,-0.22999954223632812,-3.5900000000000034,23,925,-2.320443921633586,-0.9043478260869564,-10.0,7,12,1,0,1,"118,67","72,01",145.88,0.02484496279850082,-1.1199989318847656,0
2015-05-12,60.72,65.09,33.7400016784668,13.86,94.52999877929688,0.02484496279850082,0.02484496279850082,0.02121175174642844,0.01857143842096077,0.019587300257437764,-1.1199989318847656,-4.3700000000000045,26,1090,-6.5932932022547295,-3.9884615384615385,-10.0,9,7,4,0,1,"62,17","35,41",88.62,0.0036297680505787237,0.5900001525878906,0
2015-05-13,60.5,66.33,34.33000183105469,13.76,93.62000274658205,-0.0036297680505787237,0.0036297680505787237,0.02077847009447528,0.01740068697098409,0.01619768367910295,0.5900001525878906,-5.829999999999998,26,948,-4.2694732509873505,-5.230769230769231,-10.0,12,6,6,0,1,"114,38","100,35",129.36,0.010133818760424728,-1.7000007629394531,0
2015-05-14,59.89,65.58,32.630001068115234,12.74,93.36000061035156,-0.010133818760424728,0.010133818760424728,0.01366408838044045,0.0170133033933209,0.016449948741817957,-1.7000007629394531,-5.689999999999998,19,757,-3.3801391599492336,-1.0421052631578949,-10.0,7,11,2,0,1,"77,47","73,55",67.48,0.002675139532156475,-2.6800003051757812,0
2015-05-15,59.73,64.69,29.950000762939453,12.38,93.13999938964844,-0.002675139532156475,0.002675139532156475,0.013635745667473323,0.016754059523874005,0.015815579603274513,-2.6800003051757812,-4.960000000000001,26,814,-4.937519332921597,-1.8038461538461539,-10.0,10,12,1,0,1,"95,24","74,30",117.07,0.004867006334710836,0.6799983978271484,0
2015-05-18,59.44,65.15,30.6299991607666,12.73,94.19000244140624,-0.004867006334710836,0.004867006334710836,0.013797468675796083,0.016813329361521627,0.015794096449675096,0.6799983978271484,-5.710000000000008,24,573,-5.721212178953431,-4.795833333333333,-10.0,15,5,4,0,1,"112,12","81,29",152.56,0.036666776688809806,4.190000534057617,1
2015-05-19,57.3,63.48,34.81999969482422,12.85,95.2699966430664,-0.036666776688809806,0.036666776688809806,0.014309120913265725,0.01832756637819774,0.01773940072810986,4.190000534057617,-6.18,40,1635,-4.670091029995543,-1.8875,-10.0,16,19,5,0,1,"128,44","138,71",151.3,0.028558624160387316,-1.1199989318847656,1
2015-05-20,58.96,63.52,33.70000076293945,12.88,95.4499969482422,0.028558624160387316,0.028558624160387316,0.02324124454514614,0.020876826252234037,0.018654870398992815,-1.1199989318847656,-4.560000000000002,14,510,-4.593178320491991,-3.4642857142857144,-10.0,7,5,3,0,1,"71,46","58,67",76.9,0.020480823320818044,-2.090000152587894,0
2015-05-21,60.18,64.7,31.61000061035156,12.11,95.26000213623048,0.020480823320818044,0.020480823320818044,0.025522974839089885,0.0193308908444981,0.019062758986429215,-2.090000152587894,-4.520000000000003,24,576,-3.974582989433021,-3.9916666666666667,-10.0,14,7,4,0,1,"56,79","37,74",62.96,0.021838596781278276,-0.3199996948242152,0
2015-05-22,58.88,64.7,31.290000915527344,12.13,96.01000213623048,-0.021838596781278276,0.021838596781278276,0.027563731246053665,0.02060636143128586,0.01963544809690936,-0.3199996948242152,-5.82,29,730,-5.1584175457163735,-3.4068965517241376,-10.0,18,10,10,0,1,"84,29","92,43",70.09,0.02737538600013438,3.3699989318847656,1
2015-05-26,57.29,61.65,34.65999984741211,14.06,97.3000030517578,-0.02737538600013438,0.02737538600013438,0.029725373272664977,0.02225840827478273,0.020645759174749197,3.3699989318847656,-4.359999999999999,48,2379,-5.621679161202488,-3.0875,-10.0,22,15,13,0,1,"37,40","42,61",35.54,0.003832757305176436,0.6300010681152344,0
2015-05-27,57.51,61.35,35.290000915527344,13.27,97.37000274658205,0.003832757305176436,0.003832757305176436,0.024866688142861373,0.02019968973072925,0.019810685900267196,0.6300010681152344,-3.8400000000000034,46,2239,-3.863225497182423,-1.5217391304347827,-10.0,13,21,8,0,1,"83,28","92,25",76.94,0.0031250025431352807,-1.0900001525878906,0
2015-05-28,57.69,60.12,34.20000076293945,13.31,96.97000122070312,0.0031250025431352807,0.0031250025431352807,0.019845794615801098,0.020378777166982304,0.018897626841454948,-1.0900001525878906,-2.4299999999999997,32,1180,-4.521594438817948,-2.378125,-10.0,13,16,10,0,1,"55,89","37,15",74.36,0.04341872410196637,-0.45999908447265625,1
2015-05-29,60.25,63.16,33.7400016784668,13.84,96.91000366210938,0.04341872410196637,0.04341872410196637,0.027998692194171098,0.025260292680434566,0.020961019743975122,-0.45999908447265625,-2.9099999999999966,47,2623,-6.261242910965902,-4.942553191489362,-10.0,19,12,16,0,1,"55,47","71,10",32.95,0.0001659888791261938,1.55999755859375,1
2015-06-01,60.24,62.87,35.29999923706055,13.97,97.38999938964844,-0.0001659888791261938,0.0001659888791261938,0.025272475847277782,0.025236603911194807,0.020848429149153847,1.55999755859375,-2.6299999999999955,12,451,-6.275504222842792,-3.65,-10.0,6,4,3,0,1,"106,23","154,05",88.34,0.017443259450527562,0.44000244140625,0
2015-06-02,61.3,63.14,35.7400016784668,14.24,95.83999633789062,0.017443259450527562,0.017443259450527562,0.0180175610481007,0.02565766764708117,0.021142737967888178,0.44000244140625,-1.8400000000000034,18,390,-3.6309140360855827,-6.894444444444444,-10.0,13,1,7,0,1,"65,35","60,13",66.88,0.026950461408175173,1.6599998474121094,1
2015-06-03,59.67,62.78,37.400001525878906,13.66,95.47000122070312,-0.026950461408175173,0.026950461408175173,0.025756970823733297,0.024123295978169108,0.021388497739828292,1.6599998474121094,-3.1099999999999994,20,556,-4.305090122496517,-0.12999999999999995,-10.0,6,12,3,0,1,"129,12","142,04",118.47,0.02838637098757116,1.0199966430664062,1
2015-06-04,58.0,60.34,38.41999816894531,14.71,95.45999908447266,-0.02838637098757116,0.02838637098757116,0.030478885146536586,0.024415160271458406,0.022125250814579323,1.0199966430664062,-2.3400000000000034,39,1461,-5.328968674413409,-5.707692307692308,-10.0,21,7,8,0,1,"84,13","97,85",58.3,0.018957104289858827,-4.879997253417969,0
2015-06-05,59.11,60.36,33.540000915527344,14.21,96.30999755859376,0.018957104289858827,0.018957104289858827,0.02303692311708092,0.024266055899524856,0.021440971127062333,-4.879997253417969,-1.25,27,985,-7.822463459870234,-5.444444444444445,-10.0,11,4,5,0,1,"62,50","65,97",61.14,0.016374235871604758,0.5,0
2015-06-08,58.15,61.33,34.040000915527344,15.29,95.3000030517578,-0.016374235871604758,0.016374235871604758,0.023529231610984407,0.023821989530020057,0.021678999585577688,0.5,-3.1799999999999997,9,281,-4.074856043090416,-4.5,-7.0,0,2,0,0,0,"81,79","40,77",110.52,0.03381556345601445,-1.0300025939941406,1
2015-06-09,60.15,63.23,33.0099983215332,14.47,95.16999816894533,0.03381556345601445,0.03381556345601445,0.028422528742084383,0.024220539301199166,0.02302742570345376,-1.0300025939941406,-3.0799999999999983,26,1263,-5.4740375501086485,-5.315384615384615,-10.0,5,4,2,0,1,"95,46","76,14",103.19,0.019916714638312932,-1.2199974060058594,0
2015-06-10,61.36,64.68,31.790000915527344,13.22,94.6500015258789,0.019916714638312932,0.019916714638312932,0.026539772110202833,0.024673692031980166,0.022781305081446504,-1.2199974060058594,-3.3200000000000074,36,1602,-3.174888553411274,-1.2,-10.0,10,19,3,0,1,"48,58","26,42",58.76,0.010155697441397951,-0.03000068664550426,0
2015-06-11,60.74,63.76,31.76000022888184,12.85,94.9800033569336,-0.010155697441397951,0.010155697441397951,0.02147472060398832,0.025225583573084857,0.02289040870433035,-0.03000068664550426,-3.019999999999996,24,739,-6.378986365638344,-4.970833333333333,-10.0,12,5,4,0,1,"54,97","21,92",79.22,0.012924786383205721,-0.25,0
2015-06-12,59.96,63.19,31.51000022888184,13.78,94.97000122070312,-0.012924786383205721,0.012924786383205721,0.02257045642549711,0.021786652045579377,0.022965095618101353,-0.25,-3.229999999999997,28,552,-7.142289658714338,-5.360714285714286,-10.0,14,7,6,0,1,"41,64","45,29",37.78,0.007197286069098194,1.0399990081787074,0
2015-06-15,59.53,60.99,32.54999923706055,15.39,94.80999755859376,-0.007197286069098194,0.007197286069098194,0.02092925155839453,0.02188852633657774,0.023015632018637,1.0399990081787074,-1.4600000000000009,13,277,-3.8985747259686128,-5.815384615384615,-10.0,7,2,3,0,1,"63,20","84,00",43.79,0.008030827836122587,-0.15999984741210938,0
2015-06-16,60.01,60.75,32.38999938964844,14.81,95.0,0.008030827836122587,0.008030827836122587,0.013982783575575024,0.02118966374816643,0.02305768706700508,-0.15999984741210938,-0.740000000000002,18,572,-9.198110036768124,-4.8277777777777775,-10.0,11,4,6,0,1,"114,23","100,21",113.98,0.0020016687250504475,0.44000244140625,0
2015-06-17,59.89,60.75,32.83000183105469,14.5,94.3000030517578,-0.0020016687250504475,0.0020016687250504475,0.008259707452052185,0.01932924395719147,0.021358923523815868,0.44000244140625,-0.8599999999999994,35,1189,-5.244698017129533,-4.688571428571429,-10.0,14,8,11,0,1,"79,93","79,68",81.23,0.008645107874278803,-1.2400016784667969,0
2015-06-18,60.41,61.37,31.59000015258789,13.19,94.04000091552734,0.008645107874278803,0.008645107874278803,0.009436022420848032,0.016556769171821535,0.020513435452787963,-1.2400016784667969,-0.9600000000000009,16,697,-4.215014184019426,-1.09375,-10.0,4,9,1,0,1,"83,09","100,84",78.1,0.01316356590072447,-1.19000053405761,0
2015-06-19,59.62,59.41,30.39999961853028,13.96,94.08999633789062,-0.01316356590072447,0.01316356590072447,0.00951120007940943,0.016463462653616884,0.020227883510458334,-1.19000053405761,0.21000000000000085,17,431,-7.8147075121390825,-4.5588235294117645,-10.0,7,5,4,0,1,"44,27","48,15",46.86,0.006520126751496196,-0.34000015258789773,0
2015-06-22,60.01,60.54,30.059999465942383,12.74,94.33000183105467,0.006520126751496196,0.006520126751496196,0.009302304076246494,0.01535525505155473,0.019636254815874905,-0.34000015258789773,-0.5300000000000011,25,1125,-5.07828409777405,-5.636,-10.0,13,4,5,0,1,"90,68","116,99",70.97,0.017181985555292302,-0.3699989318847656,0
2015-06-23,61.05,61.67,29.690000534057617,12.11,95.43000030517578,0.017181985555292302,0.017181985555292302,0.011518600067053223,0.012251340886344738,0.018761531267087083,-0.3699989318847656,-0.6200000000000045,32,1119,-5.021217163434059,-2.78125,-10.0,10,12,5,0,1,"103,52","88,46",106.57,0.017181985555292215,-0.09000015258789062,0
2015-06-24,60.01,61.63,29.600000381469727,13.26,95.26000213623048,-0.017181985555292215,0.017181985555292215,0.014833823933360753,0.011652220180152871,0.019303586159887334,-0.09000015258789062,-1.6200000000000045,35,1474,-1.9811028114376976,-2.662857142857143,-10.0,6,14,2,0,1,"84,82","75,16",86.2,0.0070234402425339,-0.3400001525878871,0
2015-06-25,59.59,60.24,29.26000022888184,14.01,95.19000244140624,-0.0070234402425339,0.0070234402425339,0.01430213943525135,0.011455780509936717,0.01940908345392597,-0.3400001525878871,-0.6499999999999986,38,1792,-5.541127863018083,-2.1184210526315788,-10.0,4,15,3,0,1,"131,01","67,17",174.3,0.003025212391237618,-0.25,0
2015-06-26,59.41,60.14,29.01000022888184,14.02,95.47000122070312,-0.003025212391237618,0.003025212391237618,0.013123869779644701,0.010807719780495205,0.01673972398978832,-0.25,-0.730000000000004,39,1321,-5.239924137984528,-4.071794871794872,-10.0,9,12,7,0,1,"81,49","89,36",60.99,0.01817459792807454,4.629999160766598,1
2015-06-29,58.34,59.03,33.63999938964844,18.85,94.79000091552734,-0.01817459792807454,0.01817459792807454,0.014317188214598129,0.012006918274456586,0.017187721563368768,4.629999160766598,-0.6899999999999977,39,1089,-4.592297945540883,-4.615384615384615,-10.0,19,11,17,0,1,"136,93","178,51",87.58,0.019352157152378816,-1.2099990844726562,0
2015-06-30,59.48,60.31,32.43000030517578,18.23,95.48999786376952,0.019352157152378816,0.019352157152378816,0.015188570226189437,0.013500659788353235,0.017303957447349073,-1.2099990844726562,-0.8300000000000054,19,663,-2.676677932438088,-4.189473684210526,-10.0,3,5,2,0,1,"169,32","173,13",187.73,0.043642039742062856,1.6800003051757812,1
2015-07-01,56.94,61.65,34.11000061035156,16.09,96.30999755859376,-0.043642039742062856,0.043642039742062856,0.02300219783694489,0.019130429842495758,0.018922520410230573,1.6800003051757812,-4.710000000000001,31,1186,-1.4516999645364788,-0.5,-10.0,9,17,3,0,1,"93,14","96,89",87.55,0.0001756388869009817,-0.3100013732910156,0
2015-07-02,56.93,61.73,33.79999923706055,16.79,96.11000061035156,-0.0001756388869009817,0.0001756388869009817,0.02346043415289957,0.018625438840162177,0.01790286781005163,-0.3100013732910156,-4.799999999999997,35,1263,-1.244492933927339,-0.7799999999999999,-10.0,9,19,4,0,1,"84,56","87,97",73.37,0.08139029832715697,6.209999084472656,1
2015-07-06,52.48,57.19,40.0099983215332,17.01,96.3000030517578,-0.08139029832715697,0.08139029832715697,0.03923376172189506,0.030364757827502534,0.02477734223838412,6.209999084472656,-4.710000000000001,18,579,-5.368988435497962,-3.7222222222222223,-10.0,5,6,5,0,1,"109,33","65,39",127.27,0.0028623242517171093,0.5300025939941406,0
2015-07-07,52.33,54.72,40.540000915527344,16.09,96.87000274658205,-0.0028623242517171093,0.0028623242517171093,0.040459272919967364,0.029843445887932016,0.024662046550817055,0.5300025939941406,-2.3900000000000006,36,1061,-1.8767848848840512,-2.5166666666666666,-10.0,10,14,4,0,1,"82,09","86,65",64.24,0.013854368223480665,1.6599998474121094,1
2015-07-08,51.61,55.7,42.20000076293945,19.66,96.29000091552734,-0.013854368223480665,0.013854368223480665,0.03428065490916831,0.027820948170187817,0.022928075203665584,1.6599998474121094,-4.090000000000003,24,654,-3.691648765313522,-3.670833333333333,-10.0,14,8,5,0,1,"61,78","37,90",79.04,0.02203787568847795,-0.15999984741210938,0
2015-07-09,52.76,57.83,42.040000915527344,19.97,96.61000061035156,0.02203787568847795,0.02203787568847795,0.039203199461679605,0.030405202033464227,0.02306681825485929,-0.15999984741210938,-5.07,34,1112,-4.228007976461628,0.7794117647058825,-10.0,3,24,2,0,1,"58,63","21,92",79.22,0.00037914692397314964,-0.8199996948242188,0
2015-07-10,52.74,57.72,41.220001220703125,16.83,96.02999877929688,-0.00037914692397314964,0.00037914692397314964,0.039183738477545055,0.030619144712463107,0.023112244570486645,-0.8199996948242188,-4.979999999999997,18,359,-3.8628301812567702,-0.2444444444444444,-10.0,2,9,1,0,1,"107,39","82,35",123.64,0.01048327526981887,-3.1399993896484375,0
2015-07-13,52.19,57.63,38.08000183105469,13.9,96.86000061035156,-0.01048327526981887,0.01048327526981887,0.014050855229660318,0.030460952991324456,0.02308607814968565,-3.1399993896484375,-5.440000000000005,18,594,-5.1122430079383605,-5.366666666666666,-10.0,10,5,10,0,1,"123,07","92,02",153.5,0.01634395940467027,-1.7700004577636719,0
2015-07-14,53.05,57.2,36.310001373291016,13.37,96.63999938964844,0.01634395940467027,0.01634395940467027,0.0159486097852456,0.03173327760076109,0.023665107547079248,-1.7700004577636719,-4.150000000000006,27,1341,-4.208120218029543,-0.3407407407407406,-9.2,5,16,0,0,1,"67,70","19,28",104.55,0.0315966925988727,0.9399986267089844,1
2015-07-15,51.4,57.34,37.25,13.23,97.12999725341795,-0.0315966925988727,0.0315966925988727,0.02155146124914219,0.03065707353121731,0.024104333885836316,0.9399986267089844,-5.940000000000005,19,555,-4.944124476030184,-1.4736842105263157,-10.0,4,8,2,0,1,"229,98","35,27",367.76,0.00977524890464233,-1.3300018310546875,0
2015-07-16,50.9,57.31,35.91999816894531,12.11,97.66000366210938,-0.00977524890464233,0.00977524890464233,0.017417305130758943,0.028913397160481167,0.02406952092558429,-1.3300018310546875,-6.410000000000004,16,357,-1.8959951363135052,-1.90625,-10.0,5,8,3,0,1,"117,65","21,99",183.43,0.0003930045246102828,-1.2399978637695312,0
2015-07-17,50.88,56.38,34.68000030517578,11.95,97.86000061035156,-0.0003930045246102828,0.0003930045246102828,0.017415953834601455,0.028904257339158714,0.023821513117594874,-1.2399978637695312,-5.5,8,190,-4.0496630950731705,-3.525,-10.0,2,2,1,0,1,"146,96","134,63",138.72,0.015249330060233442,1.7099990844726562,1
2015-07-20,50.11,56.42,36.38999938964844,12.25,98.02999877929688,-0.015249330060233442,0.015249330060233442,0.017768744126758638,0.015549292274483999,0.02384716793265349,1.7099990844726562,-6.310000000000002,24,903,-1.6310250495757284,-3.545833333333333,-10.0,14,9,13,0,1,"125,31","108,63",144.97,0.00953333933221149,-1.4199981689453125,0
2015-07-21,50.59,55.94,34.970001220703125,12.22,97.33000183105467,0.00953333933221149,0.00953333933221149,0.01554509313217928,0.016186123696306325,0.023957572397753382,-1.4199981689453125,-5.349999999999994,14,313,-1.1236402859828674,0.9714285714285715,-10.0,4,10,1,0,1,"193,98","178,51",231.61,0.026438551747972987,2.6899986267089844,1
2015-07-22,49.27,56.36,37.65999984741211,12.12,97.5999984741211,-0.026438551747972987,0.026438551747972987,0.013783049170048531,0.01752466089883781,0.023473531114220625,2.6899986267089844,-7.089999999999996,15,307,-3.898463931745082,-4.446666666666667,-10.0,7,4,4,0,1,"152,95","148,13",167.16,0.02382532084450945,0.7999992370605469,0
2015-07-23,48.11,55.76,38.459999084472656,12.64,97.12000274658205,-0.02382532084450945,0.02382532084450945,0.015448656614111326,0.015670379588796066,0.023616371229150217,0.7999992370605469,-7.649999999999999,22,581,-5.186272796612183,-6.6909090909090905,-10.0,13,3,9,0,1,"87,72","41,64",131.99,0.0027057982998138675,0.5400009155273438,0
2015-07-24,47.98,54.29,39.0,13.74,97.23999786376952,-0.0027057982998138675,0.0027057982998138675,0.015071409410365935,0.015541165892513703,0.023674788237131233,0.5400009155273438,-6.310000000000002,9,201,-3.6966211522657324,-4.511111111111111,-9.0,5,2,1,0,1,"113,36","142,31",111.72,0.01702616011537811,2.1500015258789062,1
2015-07-27,47.17,54.07,41.150001525878906,15.6,96.5,-0.01702616011537811,0.01702616011537811,0.015195364288902677,0.015725713105008112,0.023638670139134177,2.1500015258789062,-6.899999999999999,12,418,-3.6363762865791562,-5.091666666666667,-9.0,8,2,0,0,1,"171,44","209,50",147.15,0.016817718217802254,-1.210002899169929,0
2015-07-28,47.97,54.3,39.93999862670898,13.44,96.7699966430664,0.016817718217802254,0.016817718217802254,0.017896282537602285,0.015814737072642047,0.024403982286695193,-1.210002899169929,-6.329999999999998,16,617,-3.360430866917162,-3.45625,-10.0,8,6,4,0,1,"132,93","148,42",114.96,0.0165395542079888,-1.3499984741210866,0
2015-07-29,48.77,54.73,38.59000015258789,12.5,96.9800033569336,0.0165395542079888,0.0165395542079888,0.01871123898641949,0.015858818062641507,0.02423475315705864,-1.3499984741210866,-5.959999999999994,10,251,-6.3639123333324,-6.34,-10.0,6,2,4,0,1,"99,95","37,96",150.39,0.004933206304836506,-1.2599983215332031,0
2015-07-30,48.53,54.29,37.33000183105469,12.13,97.55999755859376,-0.004933206304836506,0.004933206304836506,0.014686983602313726,0.01577909664505212,0.0229098901978952,-1.2599983215332031,-5.759999999999998,14,515,-7.235578658661005,-1.4785714285714284,-7.2,3,7,0,0,1,"74,98","43,97",88.03,0.029696870705175123,1.4899978637695312,1
2015-07-31,47.11,53.29,38.81999969482422,12.12,97.37000274658205,-0.029696870705175123,0.029696870705175123,0.020527742569736114,0.017503177220510875,0.02332707953762632,1.4899978637695312,-6.18,22,539,-6.921862232491482,-6.609090909090909,-10.0,12,2,7,0,1,"72,27","72,05",66.78,0.040282622566014586,2.0900001525878906,1
2015-08-03,45.25,49.49,40.90999984741211,12.56,97.48999786376952,-0.040282622566014586,0.040282622566014586,0.026172276024672807,0.020273946668439603,0.017816370565229892,2.0900001525878906,-4.240000000000002,9,286,-5.110870988559737,-4.766666666666667,-10.0,3,2,1,0,1,"28,46","11,35",37.86,0.010989121575595165,-0.7900009155273438,0
2015-08-04,45.75,49.08,40.119998931884766,13.0,97.93000030517578,0.010989121575595165,0.010989121575595165,0.024870659617165457,0.020435980526092225,0.018266063098329424,-0.7900009155273438,-3.3299999999999983,15,487,-4.272210818404508,-3.4066666666666667,-7.5,5,5,0,0,1,"155,10","77,31",202.67,0.013644577882620391,0.060001373291015625,0
2015-08-05,45.13,49.04,40.18000030517578,12.51,97.95999908447266,-0.013644577882620391,0.013644577882620391,0.02020211543440801,0.019683017159072076,0.01826180954384595,0.060001373291015625,-3.9099999999999966,13,367,-1.762536210535427,-2.4538461538461536,-10.0,5,6,2,0,1,"77,83","87,29",80.9,0.009797450893549838,1.3600006103515625,1
2015-08-06,44.69,47.8,41.540000915527344,13.77,97.83000183105467,-0.009797450893549838,0.009797450893549838,0.01967548616666193,0.018978632932783974,0.016965753086933544,1.3600006103515625,-3.1099999999999994,19,481,-2.739687137745185,-3.2736842105263158,-10.0,7,8,6,0,1,"128,80","88,28",167.35,0.018519047767237527,-0.37000274658203125,0
2015-08-07,43.87,47.54,41.16999816894531,13.39,97.55999755859376,-0.018519047767237527,0.018519047767237527,0.018392438593794462,0.019203905108678906,0.017004842244298272,-0.37000274658203125,-3.6700000000000017,17,527,-1.9077011449964325,-1.7999999999999998,-10.0,8,8,4,0,1,"90,14","62,90",97.44,0.024097551579060524,-0.17999649047851562,0
2015-08-10,44.94,48.3,40.9900016784668,12.23,97.16000366210938,0.024097551579060524,0.024097551579060524,0.018146080709963763,0.02154414189697046,0.018555624935505683,-0.17999649047851562,-3.3599999999999994,19,609,-5.662560173346039,-6.815789473684211,-10.0,13,1,7,0,1,"88,93","66,49",92.43,0.04157327799813979,1.1699981689453125,1
2015-08-11,43.11,47.33,42.15999984741211,13.71,97.29000091552734,-0.04157327799813979,0.04157327799813979,0.02359874152443004,0.02289184278270134,0.019151995563058796,1.1699981689453125,-4.219999999999999,19,610,-6.055292467044117,-4.342105263157895,-10.0,7,5,2,0,1,"93,80","78,75",90.31,0.0025483623196966947,0.24000167846679688,0
2015-08-12,43.22,48.29,42.400001525878906,13.61,96.26000213623048,0.0025483623196966947,0.0025483623196966947,0.024394991427858764,0.021423714816893768,0.018676568281272475,0.24000167846679688,-5.07,14,443,-5.3973276890496305,-3.3,-9.5,7,6,1,0,1,"97,43","135,98",64.81,0.02222573650004133,0.8299980163574219,0
2015-08-13,42.27,48.01,43.22999954223633,13.49,96.4499969482422,-0.02222573650004133,0.02222573650004133,0.025162394851003,0.021480468108395115,0.01892135619922607,0.8299980163574219,-5.739999999999995,14,371,-5.594316411881507,-0.24999999999999986,-10.0,6,8,4,0,1,"110,11","155,51",68.67,0.004249298178657749,-2.3100013732910156,0
2015-08-14,42.45,47.79,40.91999816894531,12.83,96.56999969482422,0.004249298178657749,0.004249298178657749,0.025549126410505687,0.021372975735840013,0.019064169182673923,-2.3100013732910156,-5.339999999999996,15,530,-3.2443821534668627,-3.2,-10.0,8,6,8,0,1,"78,32","64,30",84.28,0.012325351574685058,-0.5699996948242259,0
2015-08-17,41.93,47.77,40.34999847412109,13.02,96.81999969482422,-0.012325351574685058,0.012325351574685058,0.018957500905183028,0.01869253370745859,0.019025355592287258,-0.5699996948242259,-5.840000000000003,15,342,-2.7618796801431222,-4.92,-10.0,6,3,1,0,1,"95,61","56,07",121.59,0.015383098282662096,-0.8699989318847585,0
2015-08-18,42.58,47.0,39.47999954223633,13.79,96.97000122070312,0.015383098282662096,0.015383098282662096,0.014802728155136925,0.019222702850328757,0.019365755122874265,-0.8699989318847585,-4.420000000000002,11,321,-3.6703141390012397,-5.2727272727272725,-10.0,3,2,2,0,1,"88,54","93,46",77.96,0.04392881977846167,1.8100013732910156,1
2015-08-19,40.75,45.75,41.290000915527344,15.25,96.45999908447266,-0.04392881977846167,0.04392881977846167,0.023117791795062303,0.022466120176446325,0.020570273904596557,1.8100013732910156,-5.0,13,518,-5.3300890244186405,-3.069230769230769,-10.0,7,5,5,0,1,"121,07","115,87",120.81,0.006116227017436054,1.2900009155273438,0
2015-08-20,41.0,45.63,42.58000183105469,19.14,95.75,0.006116227017436054,0.006116227017436054,0.023386119221980844,0.023054434438817693,0.020561836836696858,1.2900009155273438,-4.630000000000003,12,440,-6.869597253332455,-8.183333333333334,-10.0,10,0,5,0,1,"28,85","19,17",31.98,0.013505423199807007,2.079998016357422,1
2015-08-21,40.45,43.84,44.65999984741211,28.03,94.83000183105467,-0.013505423199807007,0.013505423199807007,0.022761201541248187,0.022868956958000158,0.020557405676407934,2.079998016357422,-3.3900000000000006,12,250,-5.751092923798789,-2.0749999999999997,-10.0,4,5,2,0,1,"86,26","34,40",129.12,0.056707704692373774,5.450000762939453,1
2015-08-24,38.22,41.59,50.11000061035156,40.74,93.30999755859376,-0.056707704692373774,0.056707704692373774,0.031166561745629408,0.024443424119247135,0.023168990356114562,5.450000762939453,-3.3700000000000045,20,430,-4.476007260082121,-5.575,-10.0,11,3,4,0,1,"103,36","72,13",120.32,0.02404148362468523,-1.1100006103515625,0
2015-08-25,39.15,41.86,49.0,36.02,94.52999877929688,0.02404148362468523,0.02404148362468523,0.033662412971904504,0.025651446590805916,0.023668517546435102,-1.1100006103515625,-2.710000000000001,18,511,-5.56746037921404,-6.083333333333333,-10.0,12,3,7,0,1,"58,12","92,70",28.99,0.016742181143073524,-2.1300010681152344,0
2015-08-26,38.5,41.76,46.869998931884766,30.32,95.0999984741211,-0.016742181143073524,0.016742181143073524,0.030202105008881996,0.025357045902513906,0.022848393757292744,-2.1300010681152344,-3.259999999999998,15,397,-5.278029827281146,-4.88,-10.0,7,4,4,0,1,"79,11","88,72",65.78,0.09813970303144129,2.1599998474121165,1
2015-08-27,42.47,44.46,49.02999877929688,26.1,95.61000061035156,0.09813970303144129,0.09813970303144129,0.058394525881828606,0.042504100365176455,0.03358573382853174,2.1599998474121165,-1.990000000000002,6,186,-3.314263788165824,-6.75,-10.0,4,1,4,0,1,"85,71","111,08",71.27,0.06428831324294279,2.5300025939941335,1
2015-08-28,45.29,47.97,51.560001373291016,26.05,96.11000061035156,0.06428831324294279,0.06428831324294279,0.06181375096587565,0.047089947609215685,0.03663120987828093,2.5300025939941335,-2.6799999999999997,17,505,-3.1549970285354627,-5.305882352941176,-10.0,10,3,1,0,1,"52,89","28,76",79.96,0.08280736593013992,2.80999755859375,1
2015-08-31,49.2,,54.369998931884766,28.43,95.9499969482422,0.08280736593013992,0.08280736593013992,0.046703823594564015,0.05220168597562012,0.04003737779424367,2.80999755859375,,11,263,-4.783483602772794,-6.5,-10.0,6,1,3,0,1,"79,25","42,14",105.44,0.08082214414656676,3.1399993896484375,1
2015-09-01,45.38,48.8,57.5099983215332,31.4,95.4499969482422,-0.08082214414656676,0.08082214414656676,0.07594837027022774,0.06052700911932637,0.044257149760526665,3.1399993896484375,-3.4199999999999946,12,322,-4.405223631373268,-5.316666666666666,-10.0,6,1,1,0,1,"96,33","32,01",142.4,0.02007048174049266,-3.759998321533203,0
2015-09-02,46.3,47.67,53.75,26.09,95.83000183105467,0.02007048174049266,0.02007048174049266,0.07202368192237117,0.05794631525943887,0.04436831666177412,-3.759998321533203,-1.3700000000000045,17,411,-5.634502055129471,-4.4941176470588236,-10.0,9,5,8,0,1,"75,72","56,61",78.7,0.009672294642507727,-3.3100013732910227,0
2015-09-03,46.75,50.41,50.43999862670898,25.61,96.41000366210938,0.009672294642507727,0.009672294642507727,0.06359012731149453,0.057911855878705565,0.04432605287915052,-3.3100013732910227,-3.6599999999999966,8,190,-3.434518775226929,-1.1375,-10.0,1,4,1,0,1,"85,49","68,18",92.41,0.015738171127476084,-1.1499977111816335,0
2015-09-04,46.02,48.59,49.290000915527344,27.8,96.2300033569336,-0.015738171127476084,0.015738171127476084,0.05933424701294589,0.05803011542414922,0.04426177908642832,-1.1499977111816335,-2.5700000000000003,15,404,-4.3002620836846015,-5.3,-9.2,6,2,0,0,1,"98,03","40,72",129.06,0.0021753325959088295,0.8499984741210938,0
2015-09-08,45.92,48.88,50.13999938964844,24.9,95.87999725341795,-0.0021753325959088295,0.0021753325959088295,0.039777554426249265,0.05311622563963468,0.04397261534936774,0.8499984741210938,-2.960000000000001,12,292,-7.0401246665065935,-5.383333333333333,-9.2,5,1,0,0,1,"117,95","127,39",114.43,0.03976092872985516,-0.6399993896484375,1
2015-09-09,44.13,48.04,49.5,26.23,96.01000213623048,-0.03976092872985516,0.03976092872985516,0.023311454237042253,0.056105007364337094,0.04388186725641058,-0.6399993896484375,-3.9099999999999966,23,480,-3.7706763653272697,-4.017391304347826,-9.2,10,6,0,0,1,"142,71","163,83",129.45,0.03823537542101809,0.5499992370605469,1
2015-09-10,45.85,47.77,50.04999923706055,24.37,95.45999908447266,0.03823537542101809,0.03823537542101809,0.029024872280181573,0.055670399931877244,0.044659569230102024,0.5499992370605469,-1.9200000000000017,19,562,-4.504634159344452,-2.3263157894736843,-10.0,6,9,5,0,1,"143,31","89,80",183.86,0.024283753981609504,-0.4199981689453125,0
2015-09-11,44.75,46.87,49.630001068115234,23.2,95.19000244140624,-0.024283753981609504,0.024283753981609504,0.029591643061160206,0.04902400858056921,0.044722964791284736,-0.4199981689453125,-2.1199999999999974,17,597,-9.477061510143582,-2.4470588235294115,-10.0,5,7,4,0,1,"118,87","126,41",118.61,0.015312165866968779,0.18000030517578125,0
2015-09-14,44.07,45.87,49.810001373291016,24.25,95.25,-0.015312165866968779,0.015312165866968779,0.02956707591324476,0.04463500105099108,0.04490430102381845,0.18000030517578125,-1.7999999999999972,17,675,-4.090982744899771,-3.2588235294117647,-9.2,10,5,1,0,1,"79,94","89,66",91.4,0.011506049103827137,1.3299980163574219,0
2015-09-15,44.58,45.91,51.13999938964844,22.54,95.61000061035156,0.011506049103827137,0.011506049103827137,0.03091930228687502,0.03384291604325661,0.04482383800452433,1.3299980163574219,-1.3299999999999983,11,232,-4.729176625600955,-5.127272727272727,-10.0,5,2,2,0,1,"122,69","144,96",113.35,0.05541221138560843,-0.8999977111816406,1
2015-09-16,47.12,49.35,50.2400016784668,21.35,95.41999816894533,0.05541221138560843,0.05541221138560843,0.034020018276509745,0.02920648413335032,0.04627310011771561,-0.8999977111816406,-2.230000000000004,15,384,-3.3809862068841734,-1.3733333333333335,-9.0,5,7,1,0,1,"83,47","43,80",109.6,0.004040409537004974,-4.900001525878906,0
2015-09-17,46.93,48.27,45.34000015258789,21.14,94.5500030517578,-0.004040409537004974,0.004040409537004974,0.03136471231193482,0.028701481129664377,0.04488916441904757,-4.900001525878906,-1.3400000000000034,13,271,-4.328949432579702,-0.6307692307692307,-9.2,5,7,0,0,1,"83,41","71,27",99.08,0.048459939560436975,0.5,1
2015-09-18,44.71,47.28,45.84000015258789,22.28,94.86000061035156,-0.048459939560436975,0.048459939560436975,0.03808508721722754,0.03246876337365903,0.04657668079684806,0.5,-2.5700000000000003,7,181,-0.8581209830978757,-3.442857142857143,-7.0,0,2,0,0,0,"83,91","79,67",86.39,0.04290436971583506,1.6699981689453125,1
2015-09-21,46.67,47.64,47.5099983215332,20.14,95.88999938964844,0.04290436971583506,0.04290436971583506,0.041082870963708926,0.03537179843823885,0.04714423077224026,1.6699981689453125,-0.9699999999999989,6,156,-7.4069919059768266,-7.75,-10.0,5,1,5,0,1,"86,41","57,43",127.75,0.010771323442826641,1.3900032043457031,1
2015-09-22,46.17,46.69,48.900001525878906,22.44,96.27999877929688,-0.010771323442826641,0.010771323442826641,0.04226813530392044,0.03557228934827392,0.04493661667322939,1.3900032043457031,-0.519999999999996,22,592,-2.418530245367172,-2.168181818181818,-10.0,10,11,3,0,1,"188,75","131,72",219.73,0.0361671171852865,2.2199974060058594,1
2015-09-23,44.53,48.0,51.119998931884766,22.13,96.06999969482422,-0.0361671171852865,0.0361671171852865,0.03532113120066418,0.035135333245366884,0.045913691476828694,2.2199974060058594,-3.469999999999999,15,597,-1.4417218610660143,-3.2,-10.0,8,6,3,0,1,"85,78","57,01",101.89,0.00916514742357207,-1.6800003051757884,0
2015-09-24,44.94,47.06,49.43999862670898,23.47,95.98999786376952,0.00916514742357207,0.00916514742357207,0.03647517755196,0.03283026180759832,0.04558960194247372,-1.6800003051757884,-2.1200000000000045,6,150,-3.824553709418308,-6.066666666666666,-10.0,4,1,2,0,1,"88,70","61,51",121.85,0.013482356948784304,-1.729999542236321,0
2015-09-25,45.55,47.28,47.709999084472656,23.62,96.2699966430664,0.013482356948784304,0.013482356948784304,0.029416613546060087,0.03214774758362713,0.040387106471148036,-1.729999542236321,-1.730000000000004,20,498,-0.9190024012858943,-0.195,-7.2,2,12,0,0,1,"81,84","85,47",90.74,0.02557115426778823,1.75,1
2015-09-28,44.4,46.04,49.459999084472656,27.63,96.02999877929688,-0.02557115426778823,0.02557115426778823,0.021485425098807413,0.03290820915042008,0.03820825189036876,1.75,-1.6400000000000006,11,393,-3.1933350277911834,-4.945454545454545,-10.0,8,3,4,0,1,"92,13","41,75",125.36,0.018742181809740664,-0.1399993896484375,0
2015-09-29,45.24,47.58,49.31999969482422,26.83,95.88999938964844,0.018742181809740664,0.018742181809740664,0.024980865511200923,0.033248892263803655,0.03316575838845604,-0.1399993896484375,-2.3399999999999963,17,549,-2.4586327334212736,-0.8529411764705882,-10.0,5,10,2,0,1,"111,61","71,21",148.49,0.003986716243821345,-3.799999237060547,0
2015-09-30,45.06,47.29,45.52000045776367,24.5,96.3499984741211,-0.003986716243821345,0.003986716243821345,0.0177399458832553,0.027318179081681937,0.027846019334207096,-3.799999237060547,-2.229999999999997,15,525,-4.200656674277641,-7.6066666666666665,-9.2,10,1,0,0,1,"101,28","84,14",112.29,0.006903490283233995,-0.9099998474121094,0
2015-10-01,44.75,47.48,44.61000061035156,22.55,96.19000244140624,-0.006903490283233995,0.006903490283233995,0.01765565922570433,0.02732817489458179,0.02745520849252509,-0.9099998474121094,-2.729999999999997,22,627,-4.11242155505213,-4.5227272727272725,-10.0,11,7,4,0,1,"128,45","139,70",155.37,0.01749961591472924,-1.75,0
2015-10-02,45.54,46.55,42.86000061035156,20.94,95.83000183105467,0.01749961591472924,0.01749961591472924,0.018540039843879242,0.023265972042054845,0.027680748918128894,-1.75,-1.009999999999998,16,478,-4.207140607901975,-6.4625,-10.0,10,2,5,0,1,"180,35","205,48",165.27,0.016118841689882417,0.1699981689453196,0
2015-10-05,46.28,49.45,43.02999877929688,19.54,96.11000061035156,0.016118841689882417,0.016118841689882417,0.012618594586000866,0.019199457941620385,0.027723423672755886,0.1699981689453196,-3.1700000000000017,14,407,-4.78023310665028,-4.678571428571429,-10.0,10,3,4,0,1,"91,10","132,09",61.98,0.047472261091649065,1.1100006103515554,1
2015-10-06,48.53,51.34,44.13999938964844,19.4,95.45999908447266,0.047472261091649065,0.047472261091649065,0.021780719056518405,0.024068622639707903,0.02964779654246746,1.1100006103515554,-2.8100000000000023,8,174,-2.2433986294945654,-5.8,-10.0,5,1,1,0,1,"113,13","171,43",52.68,0.013902080936897546,-0.8800010681152344,0
2015-10-07,47.86,51.66,43.2599983215332,18.4,95.5,-0.013902080936897546,0.013902080936897546,0.024154375478178166,0.020621807968570334,0.02822540475377265,-0.8800010681152344,-3.799999999999997,10,469,-3.73318827760535,-2.41,-10.0,1,4,1,0,1,"110,68","118,22",111.76,0.03288417961304288,0.02000045776367898,1
2015-10-08,49.46,52.13,43.27999877929688,17.42,95.31999969482422,0.03288417961304288,0.03288417961304288,0.02286587279970393,0.022176894516850346,0.027907940115831305,0.02000045776367898,-2.6700000000000017,17,436,-5.351628946526,-1.7529411764705882,-10.0,4,9,2,0,1,"70,64","81,54",49.46,0.004236867025988942,-0.47999954223633523,0
2015-10-09,49.67,52.08,42.79999923706055,17.08,94.80999755859376,0.004236867025988942,0.004236867025988942,0.023973022326900434,0.022189014259908896,0.027115380406254917,-0.47999954223633523,-2.4099999999999966,21,536,-5.248572672286054,-2.5476190476190474,-10.0,9,8,7,0,1,"88,39","137,92",51.13,0.05334046486379587,2.1000022888183594,1
2015-10-12,47.09,50.95,44.900001525878906,16.17,94.83999633789062,-0.05334046486379587,0.05334046486379587,0.03978441636660057,0.027940990821007095,0.029828227902016172,2.1000022888183594,-3.8599999999999994,18,646,-3.3965504988358934,-0.2611111111111112,-9.2,6,9,0,0,1,"79,32","93,02",62.07,0.008316499580611545,0.4699974060058594,0
2015-10-13,46.7,48.94,45.369998931884766,17.67,94.76000213623048,-0.008316499580611545,0.008316499580611545,0.03127083934391903,0.027867330671664532,0.029870999262701932,0.4699974060058594,-2.239999999999995,20,810,-3.549449793168739,-2.62,-10.0,9,7,2,0,1,"80,69","89,37",67.09,0.0015000538546221475,-2.6699981689453125,0
2015-10-14,46.63,48.25,42.70000076293945,18.03,93.93000030517578,-0.0015000538546221475,0.0015000538546221475,0.03114628976976893,0.027807342047148957,0.027132666076617074,-2.6699981689453125,-1.6199999999999974,13,367,-5.982342613985833,-6.300000000000001,-10.0,10,2,6,0,1,"105,44","122,63",94.98,0.005375778992843903,-0.7099990844726562,0
2015-10-15,46.38,47.87,41.9900016784668,16.05,94.37000274658205,-0.005375778992843903,0.005375778992843903,0.023112097649021553,0.02774842799659227,0.027143419102724733,-0.7099990844726562,-1.4899999999999949,31,1288,-3.5532962335337324,-5.354838709677419,-10.0,17,6,5,0,1,"84,32","56,04",113.52,0.019641963670501587,-2.4099998474121094,0
2015-10-16,47.3,48.96,39.58000183105469,15.05,94.54000091552734,0.019641963670501587,0.019641963670501587,0.026707969470279775,0.027875834245728464,0.02500986153132238,-2.4099998474121094,-1.6600000000000037,15,581,-5.853715297139952,-3.853333333333333,-10.0,6,4,3,0,1,"90,19","81,74",81.82,0.029827337236756582,1.1599998474121094,1
2015-10-19,45.91,47.51,40.7400016784668,14.98,94.95999908447266,-0.029827337236756582,0.029827337236756582,0.01765633397525182,0.02936505076413614,0.024146848084051094,1.1599998474121094,-1.6000000000000014,14,429,-2.621128806190981,-1.8785714285714286,-7.2,5,5,0,0,1,"85,07","74,21",97.27,0.0015258858546464114,0.9799995422363281,0
2015-10-20,45.84,46.93,41.720001220703125,15.75,94.8499984741211,-0.0015258858546464114,0.0015258858546464114,0.01760581063639233,0.024015563690921525,0.024034567106941025,0.9799995422363281,-1.0899999999999963,25,875,-4.019272936166282,-3.404,-10.0,7,9,3,0,1,"70,16","99,92",41.67,0.013617605556660488,0.049999237060546875,0
2015-10-21,45.22,46.72,41.77000045776367,16.7,95.0500030517578,-0.013617605556660488,0.013617605556660488,0.0180526193370708,0.024004937861292392,0.02276155326187206,0.049999237060546875,-1.5,8,225,-4.71090221130913,-4.6,-6.5,2,1,0,0,0,"69,37","77,80",50.48,0.007101672101615164,-1.5499992370605469,0
2015-10-22,44.9,46.59,40.220001220703125,14.45,96.33999633789062,-0.007101672101615164,0.007101672101615164,0.018050831641483914,0.019836965076573492,0.022736353462239383,-1.5499992370605469,-1.6900000000000048,2,20,-3.57729242887386,-7.0,-7.0,0,0,0,0,0,"68,85","61,01",63.61,0.022295710174582564,1.2899971008300781,0
2015-10-23,43.91,46.3,41.5099983215332,14.46,97.06999969482422,-0.022295710174582564,0.022295710174582564,0.011389071900139196,0.019542023218669415,0.023021761911455704,1.2899971008300781,-2.3900000000000006,21,621,-3.9055049689825867,-1.2285714285714284,-10.0,4,12,2,0,1,"79,14","90,17",75.21,0.016533097601016258,1.4800033569335938,1
2015-10-26,43.19,46.57,42.9900016784668,15.29,96.86000061035156,-0.016533097601016258,0.016533097601016258,0.008103043719192057,0.013486800639631119,0.022616418354332996,1.4800033569335938,-3.3800000000000026,15,440,-6.392698969864689,-7.08,-10.0,9,2,8,0,1,"83,86","83,60",87.17,0.0004629629712320226,1.779998779296875,1
2015-10-27,43.21,45.54,44.77000045776367,15.43,96.91000366210938,0.0004629629712320226,0.0004629629712320226,0.008779506416037822,0.01379285744811689,0.022124382006809974,1.779998779296875,-2.3299999999999983,17,516,-3.173263600075102,-3.2411764705882353,-10.0,6,5,2,0,1,"49,44","39,43",57.56,0.06104654839386026,-0.4799995422363281,1
2015-10-28,45.93,47.6,44.290000915527344,14.33,97.77999877929688,0.06104654839386026,0.06104654839386026,0.033538149606862494,0.025856518708095147,0.026255990763853675,-0.4799995422363281,-1.6700000000000017,11,505,-2.418617933038482,-3.2818181818181817,-7.2,7,3,0,0,1,"68,04","110,22",35.36,0.0019575862695178506,-0.6599998474121094,0
2015-10-29,46.02,48.04,43.630001068115234,14.61,97.27999877929688,0.0019575862695178506,0.0019575862695178506,0.03308987946698219,0.025838764343444464,0.026191065637171596,-0.6599998474121094,-2.019999999999996,18,450,-5.749859423382131,-6.455555555555556,-10.0,9,1,3,0,1,"62,65","54,65",71.63,0.01252445652438035,-1.6800003051757812,0
2015-10-30,46.6,48.0,41.95000076293945,15.07,96.9499969482422,0.01252445652438035,0.01252445652438035,0.02938482289288034,0.025306285547073124,0.026053363367997816,-1.6800003051757812,-1.3999999999999986,16,509,-5.5310164668503985,-4.0,-10.0,9,5,1,0,1,"91,51","91,23",76.09,0.01035384573074199,-0.06999969482421875,0
2015-11-02,46.12,47.91,41.880001068115234,14.15,96.93000030517578,-0.01035384573074199,0.01035384573074199,0.02798718424843772,0.023573412934323246,0.025925027834762363,-0.06999969482421875,-1.7899999999999991,13,409,-2.2013243177278525,-4.584615384615384,-9.2,6,3,0,0,1,"109,92","149,43",74.78,0.03745118528891423,-0.6100006103515625,1
2015-11-03,47.88,48.0,41.27000045776367,14.54,97.16000366210938,0.03745118528891423,0.03745118528891423,0.02868253952627145,0.02627655841519435,0.025037359873111648,-0.6100006103515625,-0.11999999999999744,18,1042,-2.92280211826634,-3.227777777777778,-10.0,9,6,1,0,1,"53,27","48,28",48.32,0.03312404742503265,0.2700004577636719,1
2015-11-04,46.32,46.96,41.540000915527344,15.51,97.9499969482422,-0.03312404742503265,0.03312404742503265,0.026236384736966035,0.028397371078915566,0.025925053336477,0.2700004577636719,-0.6400000000000006,28,835,-5.946504277367746,-3.914285714285714,-10.0,5,8,4,0,1,"96,48","146,57",53.49,0.02292927181687255,-2.25,0
2015-11-05,45.27,47.19,39.290000915527344,15.05,97.94000244140624,-0.02292927181687255,0.02292927181687255,0.02844121325379882,0.029409076248453604,0.025001199680145057,-2.25,-1.9199999999999946,20,795,-3.8731684273496523,-4.71,-9.5,2,3,2,0,1,"60,45","72,31",40.21,0.021208519008838862,0.5599975585937429,0
2015-11-06,44.32,46.09,39.84999847412109,14.33,99.16000366210938,-0.021208519008838862,0.021208519008838862,0.027745510076232566,0.029315986945183246,0.0251839284390614,0.5599975585937429,-1.7700000000000031,14,581,-3.9153433657690133,-4.5,-10.0,5,3,2,0,1,"89,18","110,08",84.75,0.010205327260905794,1.490001678466804,1
2015-11-09,43.87,45.38,41.34000015258789,16.52,98.9800033569336,-0.010205327260905794,0.010205327260905794,0.02774516007763636,0.028963354489224914,0.022604000878110268,1.490001678466804,-1.5100000000000051,9,214,-2.3692402867342723,-0.3333333333333333,-10.0,1,6,1,0,1,"87,31","61,44",93.95,0.008172576702112713,-2.0,0
2015-11-10,44.23,46.44,39.34000015258789,15.29,99.29000091552734,0.008172576702112713,0.008172576702112713,0.015701661169884987,0.029033368718334975,0.022721078394119885,-2.0,-2.210000000000001,22,607,-4.341422565517168,-2.6863636363636365,-10.0,5,8,2,0,1,"85,30","103,94",63.05,0.029366643449970867,2.579998016357422,1
2015-11-11,42.95,44.98,41.91999816894531,16.06,99.01000213623048,-0.029366643449970867,0.029366643449970867,0.014728535127674584,0.02192559352264385,0.023484141826894473,2.579998016357422,-2.029999999999994,23,767,-2.8388498829908895,-1.7347826086956522,-9.2,7,11,0,0,1,"51,98","75,38",31.44,0.028576746781209715,2.0100021362304688,1
2015-11-12,41.74,44.98,43.93000030517578,18.37,98.6500015258789,-0.028576746781209715,0.028576746781209715,0.015665099742641953,0.022697255623740538,0.02411450903325363,2.0100021362304688,-3.239999999999995,16,486,-5.855172605313007,-1.30625,-10.0,2,8,1,0,1,"44,12","43,98",42.8,0.025477539635456185,2.329998016357422,1
2015-11-13,40.69,41.98,46.2599983215332,20.08,98.98999786376952,-0.025477539635456185,0.025477539635456185,0.016113725863337227,0.021711222385091027,0.023769278691872266,2.329998016357422,-1.2899999999999991,11,326,-3.633588988532047,-4.0,-10.0,4,4,3,0,1,"61,57","73,66",40.96,0.02403903543151291,1.1800003051757741,0
2015-11-16,41.68,40.28,47.43999862670898,18.16,99.44000244140624,0.02403903543151291,0.02403903543151291,0.02474026384198782,0.024782701530302893,0.024157987487993943,1.1800003051757741,1.3999999999999986,18,602,-5.442850211170832,-4.438888888888889,-10.0,6,5,2,0,1,"291,99","401,50",251.17,0.023056475784790375,-0.8099975585937429,0
2015-11-17,40.73,41.28,46.630001068115234,18.84,99.62999725341795,-0.023056475784790375,0.023056475784790375,0.022794706365625538,0.01845580770775749,0.024480427434320755,-0.8099975585937429,-0.5500000000000043,20,583,-2.852138245073559,-3.215,-10.0,7,8,5,0,1,"354,05","551,20",266.17,0.0004909180265505915,-3.1000022888183523,0
2015-11-18,40.75,41.45,43.52999877929688,16.85,99.6500015258789,0.0004909180265505915,0.0004909180265505915,0.022486131800805095,0.018082904762371007,0.024449880197872684,-3.1000022888183523,-0.7000000000000028,13,426,-2.725921735032784,-2.792307692307692,-10.0,2,5,1,0,1,"309,50","520,67",168.89,0.00492005912544987,0.2200012207031179,0
2015-11-19,40.55,42.22,43.75,16.99,98.98999786376952,-0.00492005912544987,0.00492005912544987,0.02009793740745985,0.01785872380211686,0.02444583537309295,0.2200012207031179,-1.6700000000000017,20,575,-5.6691866981928705,-5.715,-10.0,7,2,1,0,1,"242,89","384,09",153.22,0.029023803578607354,1.1800003051757812,1
2015-11-20,39.39,42.49,44.93000030517578,15.47,99.56999969482422,-0.029023803578607354,0.029023803578607354,0.02100857132076675,0.018513574238144957,0.024739524064334707,1.1800003051757812,-3.1000000000000014,14,350,-3.816693306172039,-6.0,-10.0,10,3,5,0,1,"212,19","329,06",130.7,0.0030511083928962345,0.9099998474121094,0
2015-11-23,39.27,43.7,45.84000015258789,15.62,99.8000030517578,-0.0030511083928962345,0.0030511083928962345,0.013212192995620117,0.018718811297787123,0.024604417346204346,0.9099998474121094,-4.43,12,484,-4.113622578907249,-6.875,-10.0,5,0,2,0,1,"170,01","236,25",128.51,0.04042466578663266,1.3299980163574219,1
2015-11-24,40.89,44.38,47.16999816894531,15.93,99.52999877929688,0.04042466578663266,0.04042466578663266,0.02503606289958701,0.02433881154910402,0.02659292562600664,1.3299980163574219,-3.490000000000002,30,1124,-4.189736135650887,-5.556666666666667,-10.0,18,5,3,0,1,"246,84","334,67",238.09,0.008038041085762029,1.2900009155273438,0
2015-11-25,41.22,43.56,48.459999084472656,15.19,99.8000030517578,0.008038041085762029,0.008038041085762029,0.025240638532369682,0.023525601735220298,0.022173228480482927,1.2900009155273438,-2.3400000000000034,14,336,-5.961549865027577,-5.278571428571429,-10.0,10,3,3,0,1,"247,62","394,97",155.57,0.01589469824395706,-0.18000030517577414,0
2015-11-27,40.57,43.07,48.27999877929688,15.12,100.0199966430664,-0.01589469824395706,0.01589469824395706,0.02647190467484329,0.022373825408215496,0.02222032094401326,-0.18000030517577414,-2.5,16,443,-5.283334618200734,-5.7875,-10.0,9,3,3,0,1,"237,59","300,63",212.76,0.0034567935656763618,-0.1399993896484446,0
2015-11-30,40.43,43.73,48.13999938964844,16.13,100.16999816894533,-0.0034567935656763618,0.0034567935656763618,0.02142917399817215,0.020936040468814903,0.021790858528295067,-0.1399993896484446,-3.299999999999997,8,384,-3.673115913138186,1.1875,-6.5,0,6,0,0,0,"100,23","109,91",100.01,0.003703250744989043,1.1399993896484446,0
2015-12-01,40.58,42.97,49.27999877929688,14.67,99.8000030517578,0.003703250744989043,0.003703250744989043,0.0209863693579318,0.019187012199292214,0.021906825915452795,1.1399993896484446,-2.3900000000000006,14,710,-5.162149630734072,-6.1499999999999995,-10.0,11,2,4,0,1,"170,50","223,40",121.52,0.016147413322538672,2.680000305175774,1
2015-12-02,39.93,41.92,51.959999084472656,15.91,99.98999786376952,-0.016147413322538672,0.016147413322538672,0.011076654996565233,0.01848301125432776,0.0193946140647627,2.680000305175774,-1.990000000000002,21,472,-3.9563373363057193,-0.5476190476190476,-10.0,9,11,3,0,1,"192,70","265,29",129.71,0.028393463985227407,-1.30999755859375,1
2015-12-03,41.08,42.0,50.650001525878906,18.11,97.62000274658205,0.028393463985227407,0.028393463985227407,0.0183229207161787,0.020852360641276154,0.020240149410067392,-1.30999755859375,-0.9200000000000017,33,986,-4.319838947675592,-2.193939393939394,-10.0,14,13,10,0,1,"157,92","222,72",121.71,0.02664193094642119,-5.210002899169929,0
2015-12-04,40.0,41.44,45.43999862670898,14.81,98.3499984741211,-0.02664193094642119,0.02664193094642119,0.020990131560101998,0.02257537935843108,0.020419791379316484,-5.210002899169929,-1.4399999999999977,9,198,-0.8323573478885613,5.322222222222223,-7.0,0,8,0,0,0,"156,33","210,61",126.48,0.06081213939675736,3.5600013732910227,1
2015-12-07,37.64,39.69,49.0,15.84,98.66000366210938,-0.06081213939675736,0.06081213939675736,0.03341393499211897,0.028391494608215585,0.023622165960652853,3.5600013732910227,-2.049999999999997,8,154,-4.00260613325818,-4.3125,-9.2,5,2,0,0,1,"197,37","308,43",168.55,0.004793617701236408,1.3400001525878906,1
2015-12-08,37.46,39.44,50.34000015258789,17.6,98.47000122070312,-0.004793617701236408,0.004793617701236408,0.03247215311065769,0.02838665770268373,0.023628599882214267,1.3400001525878906,-1.9799999999999969,9,302,-3.3378357265230743,-2.177777777777778,-9.0,5,4,2,0,1,"197,98","298,47",136.52,0.008040783070304773,1.1899986267089915,0
2015-12-09,37.16,39.04,51.52999877929688,19.61,97.3499984741211,-0.008040783070304773,0.008040783070304773,0.032664782766246424,0.023547687182424566,0.023324396590326514,1.1899986267089915,-1.8800000000000026,18,550,-5.939607461327408,-2.816666666666667,-10.0,7,9,6,0,1,"199,50","240,51",162.03,0.010822616458151416,-0.299999237060554,0
2015-12-10,36.76,38.65,51.22999954223633,19.34,97.94000244140624,-0.010822616458151416,0.010822616458151416,0.023149168539543824,0.022721928624010856,0.02282316378887466,-0.299999237060554,-1.8900000000000006,13,362,-4.157066160100238,-1.8615384615384616,-9.2,3,6,0,0,1,"147,41","236,76",68.1,0.030661150627181326,3.0600013732910156,1
2015-12-11,35.65,36.99,54.290000915527344,24.39,97.56999969482422,-0.030661150627181326,0.030661150627181326,0.023409329957197557,0.023508965911793932,0.02292764241686153,3.0600013732910156,-1.3400000000000034,18,464,-6.706754038247223,-4.194444444444445,-9.5,8,5,2,0,1,"150,00","207,70",110.87,0.018344038565939615,1.0699996948242188,0
2015-12-14,36.31,36.51,55.36000061035156,22.73,97.5999984741211,0.018344038565939615,0.018344038565939615,0.017482450508243687,0.025418171857241073,0.023249623150042573,1.0699996948242188,-0.19999999999999574,9,317,-1.5986200815017109,-6.933333333333334,-10.0,5,0,2,0,1,"119,42","175,99",86.35,0.02743619055289865,-5.33000183105468,0
2015-12-15,37.32,37.66,50.02999877929688,20.95,98.22000122070312,0.02743619055289865,0.02743619055289865,0.02349645554187358,0.027903831740672746,0.02348945650392267,-5.33000183105468,-0.3399999999999963,21,688,-3.9519532697339317,-5.8,-7.5,4,1,0,0,1,"142,26","212,73",101.39,0.048589219729893336,-2.3899993896484446,1
2015-12-16,35.55,36.96,47.63999938964844,17.86,97.87000274658205,-0.048589219729893336,0.048589219729893336,0.03207423453816264,0.03065790932003115,0.025129072561911027,-2.3899993896484446,-1.4100000000000037,34,1253,-4.411381677883018,-2.070588235294118,-10.0,14,15,2,0,1,"170,60","179,53",173.39,0.016163686658793922,-0.18999862670898438,0
2015-12-17,34.98,36.29,47.45000076293945,18.94,99.2699966430664,-0.016163686658793922,0.016163686658793922,0.03224448839246586,0.027244386758827895,0.02515064775990536,-0.18999862670898438,-1.3100000000000023,26,839,-5.671354985488262,-6.226923076923077,-10.0,15,3,5,0,1,"162,98","194,97",196.51,0.0074605797983064975,1.9799995422363281,1
2015-12-18,34.72,36.76,49.43000030517578,20.7,98.6999969482422,-0.0074605797983064975,0.0074605797983064975,0.030113710243043063,0.02709252821504709,0.02514263376415851,1.9799995422363281,-2.039999999999999,17,457,-2.49120534104821,-4.011764705882353,-7.5,2,4,0,0,1,"134,48","196,62",104.37,0.004908339578470601,-0.25,0
2015-12-21,34.55,35.34,49.18000030517578,18.7,98.45999908447266,-0.004908339578470601,0.004908339578470601,0.02720726544265215,0.021608347188642928,0.02464254070037115,-0.25,-0.7900000000000063,13,420,-7.52954520467513,-6.8076923076923075,-10.0,10,1,6,0,1,"165,02","207,16",132.13,0.044439178335105696,-0.3400001525878906,1
2015-12-22,36.12,35.26,48.84000015258789,16.6,98.23999786376952,0.044439178335105696,0.044439178335105696,0.0334033627468699,0.027396704864244958,0.027157653816069414,-0.3400001525878906,0.8599999999999994,16,467,-5.5823449823887055,-5.84375,-10.0,9,2,5,0,1,"143,28","194,26",95.31,0.017563568938701597,-1.4500007629394531,0
2015-12-23,36.76,35.79,47.38999938964844,15.57,98.33999633789062,0.017563568938701597,0.017563568938701597,0.024496358243678292,0.02812673540071877,0.025618936070385297,-1.4500007629394531,0.9699999999999989,17,698,-5.103462766966321,-5.858823529411764,-10.0,5,3,4,0,1,"73,74","90,48",47.17,0.023125526385397933,-2.579998016357422,0
2015-12-24,37.62,37.22,44.810001373291016,15.74,97.9800033569336,0.023125526385397933,0.023125526385397933,0.02144222945959028,0.028859648969836678,0.026247516609142676,-2.579998016357422,0.3999999999999986,9,252,-5.657651619334263,-8.555555555555555,-10.0,5,0,3,0,1,"111,12","137,16",96.8,0.034066554563606195,2.1899986267089844,1
2015-12-28,36.36,37.08,47.0,16.91,97.91999816894533,-0.034066554563606195,0.034066554563606195,0.029902778067630705,0.029308566635659686,0.026964908790124472,2.1899986267089844,-0.7199999999999989,12,316,-4.393825602071086,-0.7000000000000001,-10.0,4,7,1,0,1,"147,82","160,76",156.44,0.0409539990085994,-1.7299995422363281,1
2015-12-29,37.88,36.85,45.27000045776367,16.08,98.0999984741211,0.0409539990085994,0.0409539990085994,0.03147416080910991,0.031501957115919035,0.0288993237996458,-1.7299995422363281,1.0300000000000011,7,278,-7.3639106261200755,-1.9428571428571428,-10.0,2,3,1,0,1,"109,35","128,25",106.97,0.03464828928676204,0.7399978637695312,1
2015-12-30,36.59,35.65,46.0099983215332,17.29,98.2699966430664,-0.03464828928676204,0.03464828928676204,0.034814167796639005,0.032522264321753876,0.02967511762828978,0.7399978637695312,0.9400000000000048,17,394,-3.40923516267987,-0.14705882352941177,-10.0,3,10,1,0,1,"141,56","203,22",84.75,0.014650289157873147,0.5600013732910156,0
2015-12-31,37.13,36.61,46.56999969482422,18.21,98.62999725341795,0.014650289157873147,0.014650289157873147,0.034523995787391494,0.028329266201840203,0.029874178187701498,0.5600013732910156,0.5200000000000031,10,345,-5.045148529314302,0.8300000000000001,-7.2,3,6,0,0,1,"70,11","69,89",68.01,0.008655720798058916,3.220001220703125,1
2016-01-04,36.81,36.28,49.790000915527344,20.7,98.87000274658205,-0.008655720798058916,0.008655720798058916,0.03253099461166276,0.027820154056661574,0.02891694742945291,3.220001220703125,0.5300000000000011,15,351,-6.006724520751699,-6.366666666666666,-10.0,10,3,6,0,1,"133,57","138,49",133.28,0.0230842896833973,-0.1100006103515625,0
2016-01-05,35.97,35.56,49.68000030517578,19.34,99.4000015258789,-0.0230842896833973,0.0230842896833973,0.030318772687810244,0.02901685928438979,0.028790634438285632,-0.1100006103515625,0.4099999999999966,15,368,-3.8625879998888357,-5.533333333333333,-10.0,6,3,5,0,1,"205,16","129,70",266.3,0.057207475535040006,2.6800003051757812,1
2016-01-06,33.97,33.89,52.36000061035156,20.59,99.18000030517578,-0.057207475535040006,0.057207475535040006,0.02702689550443561,0.03483747037366815,0.02843396848566846,2.6800003051757812,0.0799999999999983,13,223,-5.261217745844688,-2.230769230769231,-10.0,6,6,3,0,1,"161,47","175,61",138.34,0.020220730585559014,3.7900009155273438,1
2016-01-07,33.29,33.57,56.150001525878906,24.99,98.22000122070312,-0.020220730585559014,0.020220730585559014,0.026063779397697995,0.031126722386184157,0.02863293472398796,3.7900009155273438,-0.28000000000000114,17,498,-5.066495405756224,-6.417647058823529,-10.0,6,2,6,0,1,"205,20","116,90",264.66,0.0027071756644905637,-0.050003051757819605,0
2016-01-08,33.2,31.67,56.09999847412109,27.01,98.54000091552734,-0.0027071756644905637,0.0027071756644905637,0.021174791949075997,0.029901390631552345,0.028636792447514683,-0.050003051757819605,1.5300000000000011,16,499,-6.002841977550573,-6.6,-10.0,6,0,3,0,1,"181,01","162,41",203.2,0.05510524309496781,6.8800010681152415,1
2016-01-11,31.42,30.14,62.97999954223633,24.3,98.7300033569336,-0.05510524309496781,0.05510524309496781,0.023690813277628387,0.030446505255001248,0.0306968821495062,6.8800010681152415,1.2800000000000011,6,254,-1.985057945394872,0.6666666666666666,-5.0,0,4,0,0,0,"95,25","52,75",114.4,0.0323443459963283,2.289997100830078,1
2016-01-12,30.42,29.14,65.2699966430664,22.47,98.97000122070312,-0.0323443459963283,0.0323443459963283,0.02320938411689465,0.030350303012339513,0.030764950507748995,2.289997100830078,1.2800000000000011,25,627,-5.661667649567941,-6.263999999999999,-10.0,18,6,16,0,1,"106,39","67,49",144.76,0.0,-4.599998474121094,0
2016-01-13,30.42,28.58,60.66999816894531,25.22,98.93000030517578,0.0,0.0,0.022706348145464184,0.02353326338959524,0.03020875299783929,-4.599998474121094,1.8400000000000034,26,626,-3.258314630562632,-0.053846153846153655,-10.0,10,15,7,0,1,"139,33","80,65",179.4,0.025958628256139052,-3.109996795654297,0
2016-01-14,31.22,28.84,57.560001373291016,23.95,99.08999633789062,0.025958628256139052,0.025958628256139052,0.031383290018332365,0.027383804880822343,0.030117009761050844,-3.109996795654297,2.379999999999999,21,906,-6.420051041994998,-8.157142857142858,-10.0,18,1,14,0,1,"125,48","141,77",118.25,0.058365004989690265,4.529998779296875,1
2016-01-15,29.45,28.8,62.09000015258789,27.02,98.95999908447266,-0.058365004989690265,0.058365004989690265,0.03636611820813187,0.028067051513374696,0.03086470101530759,4.529998779296875,0.6499999999999986,16,395,-3.577774332094941,-4.54375,-10.0,3,4,1,0,1,"112,73","129,67",86.53,0.033843008807649524,1.9500007629394531,1
2016-01-19,28.47,27.36,64.04000091552734,26.05,98.98999786376952,-0.033843008807649524,0.033843008807649524,0.0328925727626046,0.02774784341842813,0.031318075796901004,1.9500007629394531,1.1099999999999994,19,708,-1.6351022447748969,0.18421052631578957,-10.0,4,11,2,0,1,"154,42","99,32",182.25,0.06493668024252323,3.8899993896484375,1
2016-01-20,26.68,26.01,67.93000030517578,27.59,99.08999633789062,-0.06493668024252323,0.06493668024252323,0.03873141200401496,0.03034556379226852,0.033598224248110556,3.8899993896484375,0.6699999999999982,30,701,-5.011358449454454,-4.86,-10.0,11,6,5,0,1,"194,34","228,96",198.32,0.10216952280468423,-2.1399993896484375,1
2016-01-21,29.55,27.59,65.79000091552734,26.69,99.05999755859376,0.10216952280468423,0.10216952280468423,0.07020089976508016,0.04992988278314744,0.04237033328175089,-2.1399993896484375,1.9600000000000009,17,567,-5.2045543997563115,-1.1176470588235294,-10.0,3,9,1,0,1,"87,87","131,39",65.76,0.08183726985295642,-3.9300003051757812,1
2016-01-22,32.07,30.46,61.86000061035156,22.34,99.56999969482422,0.08183726985295642,0.08183726985295642,0.08024997064207122,0.05824190107138054,0.04550699553557764,-3.9300003051757812,1.6099999999999994,9,353,-4.85713704367738,-3.6666666666666665,-10.0,4,3,2,0,1,"110,86","97,26",118.0,0.05644332263535177,3.8799972534179688,1
2016-01-25,30.31,29.82,65.73999786376953,24.15,99.36000061035156,-0.05644332263535177,0.05644332263535177,0.07987211540003354,0.06056912939480616,0.04649291552069614,3.8799972534179688,0.48999999999999844,14,439,-6.14740398837097,-7.507142857142857,-10.0,12,1,7,0,1,"82,81","30,96",120.51,0.025732413966478015,0.15000152587890625,0
2016-01-26,29.54,30.94,65.88999938964844,22.5,99.36000061035156,-0.025732413966478015,0.025732413966478015,0.07894379230403803,0.058776296685442084,0.045960862035693564,0.15000152587890625,-1.4000000000000021,16,405,-4.820040802726583,-4.6875,-9.2,7,4,1,0,1,"72,01","92,30",59.88,0.08994095654966094,-0.26999664306640625,1
2016-01-27,32.32,31.83,65.62000274658203,23.11,98.9000015258789,0.08994095654966094,0.08994095654966094,0.0736851929275829,0.06510565069355746,0.050935435250183264,-0.26999664306640625,0.490000000000002,14,392,-4.674679882304373,-4.421428544180734,-10.0,7,4,2,0,1,"93,97","81,97",97.68,0.027164801735760677,0.3699951171875,0
2016-01-28,33.21,33.01,65.98999786376953,22.42,98.51000213623048,0.027164801735760677,0.027164801735760677,0.06450915938744889,0.0653908628780431,0.050358048898001155,0.3699951171875,0.20000000000000284,11,293,-5.881095131810574,-6.181818181818182,-10.0,8,2,5,0,1,"76,84","59,58",92.29,0.01345915337400471,-4.129997253417969,0
2016-01-29,33.66,33.14,61.86000061035156,20.2,99.61000061035156,0.01345915337400471,0.01345915337400471,0.055651042834042694,0.06514490423346299,0.05009497170358311,-4.129997253417969,0.519999999999996,14,443,-1.8428445974550813,-6.485714285714286,-10.0,5,1,4,0,1,"83,25","69,89",87.44,0.06252035698133382,4.769996643066406,1
2016-02-01,31.62,32.45,66.62999725341797,19.98,99.0,-0.06252035698133382,0.06252035698133382,0.05749204215204891,0.06562338723426202,0.05152051868383224,4.769996643066406,-0.8300000000000018,12,449,-4.855484021048101,-5.141666666666667,-10.0,5,3,3,0,1,"132,71","101,77",161.28,0.05593135138468526,1.9599990844726562,1
2016-02-02,29.9,30.98,68.58999633789062,21.98,98.87000274658205,-0.05593135138468526,0.05593135138468526,0.06327759495655083,0.06749988980934185,0.05262336093775175,1.9599990844726562,-1.0800000000000018,9,394,-6.403151422291576,-4.611111111111111,-10.0,4,3,4,0,1,"103,52","103,20",86.08,0.07689910437354319,-0.8799972534179688,1
2016-02-03,32.29,32.38,67.70999908447266,21.65,97.29000091552734,0.07689910437354319,0.07689910437354319,0.05888439127515527,0.06608149115909091,0.055995612372394976,-0.8799972534179688,-0.09000000000000341,14,475,-2.73632690527224,-6.014285714285714,-10.0,6,2,4,0,1,"104,03","87,34",109.27,0.020651547452626394,-0.9300003051757812,0
2016-02-04,31.63,32.76,66.77999877929688,21.84,96.47000122070312,-0.020651547452626394,0.020651547452626394,0.05719047913024167,0.06006307979782969,0.0547992400448786,-0.9300003051757812,-1.129999999999999,12,286,-7.183720004097557,-3.3833333333333333,-9.0,4,4,2,0,1,"96,65","122,63",80.37,0.02464519038254267,-0.1100006103515625,0
2016-02-05,30.86,32.35,66.66999816894531,23.38,97.02999877929688,-0.02464519038254267,0.02464519038254267,0.05584776975010832,0.054459968440887616,0.05487887524271613,-0.1100006103515625,-1.490000000000002,19,416,-3.47427120517834,-2.099999979922646,-10.0,7,9,1,0,1,"109,38","135,00",77.96,0.03797715746049848,1.7099990844726562,1
2016-02-08,29.71,31.64,68.37999725341797,26.0,96.56999969482422,-0.03797715746049848,0.03797715746049848,0.051820636712844134,0.05276504705318399,0.05540640854169024,1.7099990844726562,-1.9299999999999997,11,259,-3.5618607704507474,-4.045454545454546,-9.0,8,3,1,0,1,"139,53","82,43",171.89,0.06070877210890674,3.910003662109375,1
2016-02-09,27.96,30.15,72.29000091552734,26.54,96.06999969482422,-0.06070877210890674,0.06070877210890674,0.05285622642744168,0.05559631438839764,0.05568364259485873,3.910003662109375,-2.1899999999999977,14,333,-3.996628877885935,-5.1499999999999995,-10.0,4,3,3,0,1,"77,60","58,02",80.66,0.015135424065100803,0.20999908447265625,0
2016-02-10,27.54,29.64,72.5,26.29,95.88999938964844,-0.015135424065100803,0.015135424065100803,0.018214410338867434,0.04434578157809674,0.055384581740350616,0.20999908447265625,-2.1000000000000014,14,429,-4.595142963853375,-2.8785714285714286,-10.0,7,6,6,0,1,"99,33","79,22",140.41,0.05026183478088819,5.290000915527344,1
2016-02-11,26.19,28.82,77.79000091552734,28.14,95.55999755859376,-0.05026183478088819,0.05026183478088819,0.018485520098002736,0.04269972171875576,0.05628013449331223,5.290000915527344,-2.629999999999999,22,710,-4.630014427981731,-4.790909090909091,-10.0,4,4,3,0,1,"118,48","141,73",94.58,0.1128922184988301,1.1800003051757812,1
2016-02-12,29.32,31.8,78.97000122070312,25.4,95.9800033569336,0.1128922184988301,0.1128922184988301,0.07089376297374522,0.060283356840184946,0.062059453648609035,1.1800003051757812,-2.4800000000000004,29,877,-4.783966878920943,-3.731034482758621,-10.0,13,8,5,0,1,"106,14","158,73",58.84,0.009251393720530477,-7.44000244140625,0
2016-02-16,29.05,31.09,71.52999877929688,24.11,96.87000274658205,-0.009251393720530477,0.009251393720530477,0.06922823176600601,0.057802764130621964,0.060716349456265514,-7.44000244140625,-2.039999999999999,19,643,-2.0567214981018593,-0.28947368421052627,-9.2,3,12,0,0,1,"128,85","149,86",98.22,0.05459249320113513,-2.05999755859375,1
2016-02-17,30.68,33.21,69.47000122070312,22.31,96.79000091552734,0.05459249320113513,0.05459249320113513,0.0648887662067978,0.058285465277260556,0.06139085960853282,-2.05999755859375,-2.530000000000001,14,389,-4.603654417301375,-3.757142857142857,-10.0,8,5,5,0,1,"134,09","138,63",132.15,0.002929212834894929,-1.9800033569335938,0
2016-02-18,30.77,33.2,67.48999786376953,21.64,96.9499969482422,0.002929212834894929,0.002929212834894929,0.06301908648280477,0.05217885329533498,0.05923284480657211,-1.9800033569335938,-2.4300000000000033,28,884,-4.330958147367039,-4.382142850330898,-10.0,10,8,7,0,1,"118,96","136,84",114.14,0.039103722921832125,-5.029998779296875,1
2016-02-19,29.59,31.66,62.459999084472656,20.53,96.5999984741211,-0.039103722921832125,0.039103722921832125,0.059934532021673155,0.053118649025761216,0.055615964566455504,-5.029998779296875,-2.0700000000000003,10,287,-5.033879179476727,-4.14,-10.0,5,3,3,0,1,"161,59","228,92",148.51,0.05841555579046862,0.3800010681152344,1
2016-02-22,31.37,33.59,62.84000015258789,19.38,97.37999725341795,0.05841555579046862,0.05841555579046862,0.0421382187646773,0.05638845993446011,0.054027455336898456,0.3800010681152344,-2.2200000000000024,13,337,-3.1901060530497505,-0.7615384615384614,-7.2,1,7,0,0,1,"104,66","156,51",52.22,0.01487133877359544,2.1899986267089844,1
2016-02-23,31.84,31.9,65.02999877929688,20.98,97.4800033569336,0.01487133877359544,0.01487133877359544,0.040216907841500296,0.054714686027570764,0.05251503841723074,2.1899986267089844,-0.05999999999999872,23,647,-3.193051065656207,-1.8260869357896887,-10.0,6,11,5,0,1,"150,36","187,37",117.21,0.04792684347067494,1.05999755859375,1
2016-02-24,30.35,31.5,66.08999633789062,20.72,97.45999908447266,-0.04792684347067494,0.04792684347067494,0.043141647887528216,0.05308416591703653,0.05336973785508203,1.05999755859375,-1.1499999999999986,11,309,-3.2413750130622065,-6.5,-10.0,4,1,3,0,1,"115,61","110,25",117.04,0.03401137540870027,-2.349994659423828,1
2016-02-25,31.4,32.83,63.7400016784668,19.11,97.29000091552734,0.03401137540870027,0.03401137540870027,0.046190461791766314,0.052958358923421364,0.0498315784470582,-2.349994659423828,-1.4299999999999997,14,498,-3.6183940553870046,-5.207142870766775,-10.0,8,2,1,0,1,"57,19","61,40",51.21,0.007930255675977564,-3.7800025939941406,0
2016-02-26,31.65,35.76,59.959999084472656,19.81,98.1500015258789,0.007930255675977564,0.007930255675977564,0.03951036423449352,0.04820408272709762,0.04943440946084707,-3.7800025939941406,-4.109999999999999,17,891,-3.6883053899268514,-2.582352918737075,-10.0,6,6,1,0,1,"88,87","96,65",87.34,0.033859423352803744,0.049999237060546875,1
2016-02-29,32.74,35.92,60.0099983215332,20.55,98.20999908447266,0.033859423352803744,0.033859423352803744,0.03361110604964558,0.036029354343190885,0.04998637220262342,0.049999237060546875,-3.1799999999999997,17,475,-2.553883180367319,-0.8352940643534941,-10.0,8,9,3,0,1,"59,73","75,79",36.12,0.04916825250118589,-3.1699981689453125,1
2016-03-01,34.39,35.73,56.84000015258789,17.7,98.3499984741211,0.04916825250118589,0.04916825250118589,0.0383846137980502,0.037095390025171184,0.04902664894025868,-3.1699981689453125,-1.3399999999999963,17,564,-3.599353780548957,-3.9705882352941178,-10.0,9,5,7,0,1,"123,24","108,11",139.36,0.005220429489358383,-3.470001220703125,0
2016-03-02,34.57,36.38,53.369998931884766,17.09,98.20999908447266,0.005220429489358383,0.005220429489358383,0.01884820685036295,0.034727582774680694,0.04694176990297266,-3.470001220703125,-1.8100000000000023,9,269,-6.975042498059647,-3.1333333333333333,-10.0,5,4,4,0,1,"81,85","57,60",112.1,0.00028930999767826527,-0.7999992370605469,0
2016-03-03,34.56,35.75,52.56999969482422,16.7,97.56999969482422,-0.00028930999767826527,0.00028930999767826527,0.021302940654125906,0.03483509562222252,0.04399521063890294,-0.7999992370605469,-1.1899999999999977,11,337,-4.236594596806041,-4.963636363636364,-9.2,3,2,0,0,1,"131,78","117,78",136.02,0.038318864302136386,-0.6800003051757812,1
2016-03-04,35.91,37.61,51.88999938964844,16.86,97.33999633789062,0.038318864302136386,0.038318864302136386,0.02162429238329542,0.03066400750053081,0.04427386356336578,-0.6800003051757812,-1.7000000000000028,26,560,-6.202059207254503,-4.334615384615384,-10.0,15,9,13,0,1,"72,01","44,87",82.34,0.05393530385038924,0.9099998474121094,1
2016-03-07,37.9,39.02,52.79999923706055,17.35,97.06999969482422,0.05393530385038924,0.05393530385038924,0.025190942115024678,0.030056653221076108,0.04486174582934534,0.9099998474121094,-1.1200000000000045,7,178,-3.609002446470965,-5.557142857142857,-9.2,2,1,0,0,1,"67,18","20,61",103.13,0.032992130005145885,1.2400016784667969,1
2016-03-08,36.67,39.16,54.040000915527344,18.67,97.20999908447266,-0.032992130005145885,0.032992130005145885,0.03416510387774813,0.034284823438107244,0.04459259125712748,1.2400016784667969,-2.489999999999995,25,702,-4.2068058059647635,-5.207999999999999,-10.0,9,4,7,0,1,"103,06","136,99",65.29,0.025576841789649557,-2.299999237060547,0
2016-03-09,37.62,40.26,51.7400016784668,18.34,97.16999816894533,0.025576841789649557,0.025576841789649557,0.03424312188577978,0.026498821088127147,0.041397778473848276,-2.299999237060547,-2.6400000000000006,27,923,-3.3182868016794314,-4.614814814814815,-10.0,14,6,5,0,1,"91,76","73,18",99.19,0.003979312851481275,0.23999786376953125,0
2016-03-10,37.77,38.63,51.97999954223633,18.05,96.06999969482422,0.003979312851481275,0.003979312851481275,0.03375688262330781,0.02662156461601775,0.040886865561922156,0.23999786376953125,-0.8599999999999994,21,714,-4.68780166402889,-3.5857142857142854,-9.5,7,6,1,0,1,"99,95","56,94",126.64,0.019402811102451893,-1.7299995422363281,0
2016-03-11,38.51,39.41,50.25,16.5,96.16999816894533,0.019402811102451893,0.019402811102451893,0.03188539895183715,0.02636279928606535,0.0378153422976632,-1.7299995422363281,-0.8999999999999986,21,471,-1.7980248254600555,-1.219047619047619,-10.0,6,10,5,0,1,"58,51","62,82",52.4,0.03460918654771654,-0.0800018310546875,1
2016-03-14,37.2,38.06,50.16999816894531,16.92,96.62000274658205,-0.03460918654771654,0.03460918654771654,0.028562422132987927,0.03077507377764362,0.032623921766862886,-0.0800018310546875,-0.8599999999999994,25,892,-7.360887400769343,-4.332,-10.0,12,6,7,0,1,"134,75","212,70",65.36,0.02394020754600835,-1.1899986267089844,0
2016-03-15,36.32,37.49,48.97999954223633,16.84,96.62999725341795,-0.02394020754600835,0.02394020754600835,0.026452849151995472,0.029837396298911717,0.03328386145358235,-1.1899986267089844,-1.1700000000000017,12,325,-4.446392995076338,-5.6000000000000005,-9.0,9,2,2,0,1,"132,50","121,09",119.36,0.05646985084365999,-5.0,1
2016-03-16,38.43,38.38,43.97999954223633,14.99,95.88999938964844,0.05646985084365999,0.05646985084365999,0.03626746960315895,0.033914436710209155,0.03341516355488798,-5.0,0.04999999999999716,27,614,-3.7823591711262554,-5.374074074074074,-10.0,18,5,4,0,1,"100,38","104,84",95.39,0.04428204379443831,2.240001678466797,1
2016-03-17,40.17,39.29,46.220001220703125,14.44,94.76000213623048,0.04428204379443831,0.04428204379443831,0.04042925605862446,0.035229819392090064,0.03414391142447493,2.240001678466797,0.8800000000000026,30,700,-3.809737911836304,-4.95,-10.0,16,7,4,0,1,"79,67","75,24",69.73,0.017579558696435144,-1.2400016784667969,0
2016-03-18,39.47,39.26,44.97999954223633,14.02,94.98999786376952,-0.017579558696435144,0.017579558696435144,0.04215582942687278,0.03555932610714334,0.03271351771760628,-1.2400016784667969,0.21000000000000085,8,323,-5.81192523744122,-6.65,-10.0,5,1,2,0,1,"104,47","121,51",94.11,0.011086029385886747,0.1100006103515625,0
2016-03-21,39.91,39.91,45.09000015258789,13.79,95.29000091552734,0.011086029385886747,0.011086029385886747,0.035937060477353705,0.03200787108804067,0.031030896203200733,0.1100006103515625,0.0,10,292,-6.245090590768942,-0.16999999999999993,-10.0,3,7,1,0,1,"112,46","132,50",110.52,0.03786096252066166,-0.970001220703125,1
2016-03-22,41.45,40.54,44.119998931884766,14.17,95.6500015258789,0.03786096252066166,0.03786096252066166,0.029681785295034974,0.030425157584572853,0.03156259533532017,-0.970001220703125,0.9100000000000037,18,438,-6.4084528587206036,-4.416666666666667,-10.0,13,5,6,0,1,"76,37","104,69",55.57,0.07956031499655045,0.4600028991699219,1
2016-03-23,38.28,38.84,44.58000183105469,14.94,96.0500030517578,-0.07956031499655045,0.07956031499655045,0.05038124057796722,0.04147015883285179,0.0353515855210432,0.4600028991699219,-0.5600000000000023,16,408,-2.733995923620009,-5.00625,-10.0,9,3,4,0,1,"245,38","366,93",188.34,0.0036639664124805066,0.37999725341796875,0
2016-03-24,38.14,38.33,44.959999084472656,14.74,96.13999938964844,-0.0036639664124805066,0.0036639664124805066,0.043791652302962066,0.04149471237960525,0.03509775706128833,0.37999725341796875,-0.18999999999999773,18,443,-4.29022242240167,-3.111111111111111,-9.2,1,5,0,0,1,"141,85","241,23",90.2,0.003940632972738765,1.0200004577636719,0
2016-03-28,37.99,38.33,45.97999954223633,15.24,95.94000244140624,-0.003940632972738765,0.003940632972738765,0.04365497557930605,0.04099645081234037,0.035229793314004325,1.0200004577636719,-0.3399999999999963,9,208,-3.525367349100664,-3.2444444444444445,-10.0,5,3,1,0,1,"157,19","243,76",96.82,0.02884045015762709,0.6500015258789062,1
2016-03-29,36.91,36.75,46.630001068115234,13.82,95.16000366210938,-0.02884045015762709,0.02884045015762709,0.04301950573681758,0.040514351263358686,0.03569990432964765,0.6500015258789062,0.1599999999999966,11,223,-5.40776993585059,-5.5636363636363635,-10.0,5,2,4,0,1,"168,96","285,83",76.63,0.0,-0.25,0
2016-03-30,36.91,36.75,46.380001068115234,13.56,94.83999633789062,0.0,0.0,0.03353773846489521,0.039692903670003506,0.034233133097862925,-0.25,0.1599999999999966,20,504,-4.5863351668852195,-3.915,-10.0,5,6,4,0,1,"140,48","135,53",158.26,0.000812457729186825,-0.470001220703125,0
2016-03-31,36.94,36.75,45.90999984741211,13.95,94.58999633789062,0.000812457729186825,0.000812457729186825,0.012323235888780669,0.03473895211484011,0.03423590608470551,-0.470001220703125,0.18999999999999773,25,731,-1.468820392057128,1.8719999999999999,-7.5,1,21,0,0,1,"131,28","130,87",145.55,0.04371373700165111,1.8499984741210938,1
2016-04-01,35.36,36.42,47.7599983215332,13.1,94.62000274658205,-0.04371373700165111,0.04371373700165111,0.020082872354054426,0.032216089503985364,0.03581701515928758,1.8499984741210938,-1.0600000000000023,16,537,-4.099950605855445,-5.85,-10.0,9,2,3,0,1,"156,70","182,26",152.02,0.030435883597548574,3.1300010681152344,1
2016-04-04,34.3,36.05,50.88999938964844,14.12,94.51000213623048,-0.030435883597548574,0.030435883597548574,0.01988474632138979,0.032683200438178676,0.035357795380972494,3.1300010681152344,-1.75,13,444,-4.987398957200945,-4.915384615384616,-10.0,4,3,1,0,1,"113,14","100,26",114.99,0.006393512043333136,-0.7299995422363281,0
2016-04-05,34.52,35.88,50.15999984741211,15.42,94.62999725341795,0.006393512043333136,0.006393512043333136,0.022262526920938906,0.03231397633241879,0.032890626347050284,-0.7299995422363281,-1.3599999999999994,19,534,-5.080029845884374,-3.305263157894737,-10.0,6,7,2,0,1,"89,26","128,54",57.73,0.08918167372517695,-4.0,1
2016-04-06,37.74,37.77,46.15999984741211,14.09,94.43000030517578,0.08918167372517695,0.08918167372517695,0.05180066576010414,0.0436443695174091,0.03826080448579646,-4.0,-0.030000000000001137,19,618,-4.675981793604631,-3.71578947368421,-10.0,7,6,4,0,1,"101,51","117,18",79.97,0.011727213290634437,0.3400001525878906,0
2016-04-07,37.3,37.15,46.5,16.16,94.4800033569336,-0.011727213290634437,0.011727213290634437,0.052321596075178924,0.03615266346435569,0.03792996273002179,0.3400001525878906,0.14999999999999858,11,414,-5.032757543911633,-3.563636363636364,-10.0,6,4,4,0,1,"93,88","71,31",104.08,0.06336491047390114,0.9199981689453125,1
2016-04-08,39.74,40.71,47.41999816894531,15.36,94.23999786376952,0.06336491047390114,0.06336491047390114,0.05085729257031321,0.04171757486170834,0.04052850458883761,0.9199981689453125,-0.9699999999999989,22,674,-5.959363770068975,-2.9681818181818183,-10.0,6,8,3,0,1,"46,48","50,55",35.13,0.01795559461592857,1.6200027465820312,1
2016-04-11,40.46,41.58,49.040000915527344,16.26,93.9499969482422,0.01795559461592857,0.01795559461592857,0.0418723223538131,0.041822603242654056,0.04049809720988835,1.6200027465820312,-1.1199999999999974,19,931,-2.9294892281374816,-2.931578947368421,-10.0,8,7,3,0,1,"95,74","122,17",70.06,0.040208855526175216,-0.26000213623046164,1
2016-04-12,42.12,43.02,48.77999877929688,14.85,93.95999908447266,0.040208855526175216,0.040208855526175216,0.039135193790610624,0.04106969147631603,0.04034803891468976,-0.26000213623046164,-0.9000000000000057,23,576,-3.2140386127279266,-4.469565217391304,-10.0,6,5,2,0,1,"79,82","89,52",74.67,0.010021558461018877,0.010002136230461645,0
2016-04-13,41.7,42.81,48.790000915527344,13.84,94.73999786376952,-0.010021558461018877,0.010021558461018877,0.032407535014368945,0.04154718087674836,0.03991836623414382,0.010002136230461645,-1.1099999999999994,15,429,-3.645065871413068,-2.14,-7.2,3,6,0,0,1,"97,70","64,93",116.06,0.006013247223451746,-2.420001983642578,0
2016-04-14,41.45,43.02,46.369998931884766,13.72,94.9000015258789,-0.006013247223451746,0.006013247223451746,0.031084714379495934,0.04181032140987111,0.03824522441971292,-2.420001983642578,-1.5700000000000003,13,260,-2.5087134057347447,0.6692307692307692,-9.0,3,9,0,0,1,"96,78","61,40",124.37,0.025658096614199676,4.900001525878906,1
2016-04-15,40.4,41.32,51.27000045776367,13.62,94.6999969482422,-0.025658096614199676,0.025658096614199676,0.025883497450529452,0.03948529536660796,0.03753818931852551,4.900001525878906,-0.9200000000000017,10,333,-2.7904938109652573,-0.22999999999999998,-10.0,3,6,1,0,1,"86,41","65,64",116.34,0.016471547843433496,-4.819999694824219,0
2016-04-18,39.74,41.64,46.45000076293945,13.35,94.48999786376952,-0.016471547843433496,0.016471547843433496,0.025585699001114882,0.0379840903420554,0.03751124358337827,-4.819999694824219,-1.8999999999999986,11,270,-2.2786579799310602,-0.6727272727272727,-9.0,3,6,1,0,1,"52,30","57,94",48.32,0.028282708771778187,-2.520000457763672,1
2016-04-19,40.88,43.02,43.93000030517578,13.24,93.9800033569336,0.028282708771778187,0.028282708771778187,0.020540012830964214,0.03808144290964003,0.03796485647297241,-2.520000457763672,-2.1400000000000006,8,178,-1.064311999267543,-5.775,-10.0,3,1,1,0,1,"90,25","84,68",105.94,0.04402624875649024,-0.26000213623046875,1
2016-04-20,42.72,43.09,43.66999816894531,13.28,94.48999786376952,0.04402624875649024,0.04402624875649024,0.029946750239900673,0.03047764264663809,0.0383017303698728,-0.26000213623046875,-0.37000000000000455,5,166,-3.1967853895117107,1.4600000000000002,-9.2,1,4,0,0,1,"93,18","102,18",77.48,0.010710230434721949,0.09000015258789062,0
2016-04-21,43.18,43.48,43.7599983215332,13.95,94.5999984741211,0.010710230434721949,0.010710230434721949,0.029360645801860527,0.029307960067694663,0.03322841592834211,0.09000015258789062,-0.29999999999999716,17,500,-4.289254060726058,-3.9411764705882355,-10.0,8,5,2,0,1,"93,31","120,93",100.87,0.009774338929816861,-1.7899971008300781,0
2016-04-22,42.76,43.97,41.970001220703125,13.22,95.12000274658205,-0.009774338929816861,0.009774338929816861,0.02537291506350661,0.024534293841352875,0.033350033888225446,-1.7899971008300781,-1.2100000000000009,9,292,-3.4757515194040263,-4.300000000000001,-10.0,4,3,4,0,1,"76,72","89,98",75.05,0.025821640722482338,2.270000457763672,1
2016-04-25,41.67,42.97,44.2400016784668,14.08,94.83999633789062,-0.025821640722482338,0.025821640722482338,0.028131094561101185,0.02627077946975576,0.03403538899813332,2.270000457763672,-1.2999999999999972,28,716,-2.2127956464018403,-0.21428571428571414,-10.0,6,14,2,0,1,"80,27","106,70",62.3,0.020193108039385052,-0.7300033569335938,0
2016-04-26,42.52,43.94,43.5099983215332,13.96,94.56999969482422,0.020193108039385052,0.020193108039385052,0.02698911596326683,0.02375872818170046,0.03325512633139208,-0.7300033569335938,-1.4199999999999946,10,247,-6.231462613056052,-9.32,-10.0,9,0,8,0,1,"80,30","100,07",66.78,0.0631117040943752,0.13000106811523438,1
2016-04-27,45.29,44.17,43.63999938964844,13.77,94.38999938964844,0.0631117040943752,0.0631117040943752,0.033857404251751176,0.03034954415035818,0.035469124897972576,0.13000106811523438,1.1199999999999974,12,504,-4.201906890405284,-4.958333333333333,-10.0,7,4,6,0,1,"74,16","88,72",65.78,0.016207100261027695,-0.7999992370605469,0
2016-04-28,46.03,45.6,42.84000015258789,15.22,93.76000213623048,0.016207100261027695,0.016207100261027695,0.0339070952910474,0.029999955540789127,0.035421000101262305,-0.7999992370605469,0.4299999999999997,17,624,-3.1632960031684374,-4.294117647058823,-9.0,6,4,2,0,1,"105,86","79,15",146.71,0.0010868384941146308,-0.31999969482421875,0
2016-04-29,45.98,45.64,42.52000045776367,15.7,93.08000183105467,-0.0010868384941146308,0.0010868384941146308,0.032661925657095345,0.027623267434206747,0.033166208732525244,-0.31999969482421875,0.3399999999999963,21,860,-5.071146939945332,-6.180952380952381,-10.0,13,3,6,0,1,"77,54","60,12",85.97,0.027115074614171033,2.6300010681152344,1
2016-05-02,44.75,45.82,45.150001525878906,14.68,92.62999725341795,-0.027115074614171033,0.027115074614171033,0.033063969039021215,0.02905052303523811,0.03294418778305935,2.6300010681152344,-1.0700000000000003,23,871,-4.078451254543665,-4.821739130434783,-10.0,11,6,6,0,1,"99,32","58,24",116.59,0.024888162435253252,0.6299972534179759,0
2016-05-03,43.65,43.09,45.77999877929688,15.6,92.94000244140624,-0.024888162435253252,0.024888162435253252,0.036959427647751855,0.030541084305244708,0.034014401782349345,0.6299972534179759,0.5599999999999952,15,332,-0.5812740318840499,1.686666666666667,-9.5,3,11,2,0,1,"71,13","131,69",33.8,0.0027453689171929698,-1.020000457763679,0
2016-05-04,43.77,43.08,44.7599983215332,16.05,93.18000030517578,0.0027453689171929698,0.0027453689171929698,0.01866119660110053,0.027557878542470972,0.028737988727320203,-1.020000457763679,0.6900000000000048,11,227,-2.6138354974353444,1.0363636363636364,-10.0,2,7,2,0,1,"104,37","171,90",45.28,0.012712997554158159,0.060001373291015625,0
2016-05-05,44.33,44.39,44.81999969482422,15.91,93.77999877929688,0.012712997554158159,0.012712997554158159,0.017619288935798873,0.027631934364526566,0.028398963914054234,0.060001373291015625,-0.060000000000002274,25,571,-3.254561556561524,-2.464,-10.0,7,11,5,0,1,"103,83","69,00",115.11,0.005623679200760703,-2.3499984741210938,0
2016-05-06,44.58,44.6,42.470001220703125,14.72,93.88999938964844,0.005623679200760703,0.005623679200760703,0.018467586540705027,0.027290916987175264,0.02530897638494216,-2.3499984741210938,-0.020000000000003126,12,290,-6.840039228127236,-4.375,-9.5,3,3,3,0,1,"79,37","91,62",55.58,0.025674476246321676,1.6699981689453125,1
2016-05-09,43.45,42.43,44.13999938964844,14.57,94.1500015258789,-0.025674476246321676,0.025674476246321676,0.018066276678836916,0.027272982064338834,0.026070113295400113,1.6699981689453125,1.0200000000000031,14,482,-4.773349854926813,-5.971428571428571,-10.0,9,2,4,0,1,"100,38","84,27",96.65,0.027915122489598865,-1.8600006103515554,1
2016-05-10,44.68,44.01,42.27999877929688,13.63,94.29000091552734,0.027915122489598865,0.027915122489598865,0.01956033184504289,0.02787923958949223,0.025294019677775698,-1.8600006103515554,0.6700000000000017,19,661,-3.7243490625418274,-3.6,-10.0,10,6,3,0,1,"72,80","51,84",112.43,0.03367025068117517,-0.25999832153321023,1
2016-05-11,46.21,46.08,42.02000045776367,14.69,93.81999969482422,0.03367025068117517,0.03367025068117517,0.023328120367974107,0.021987268637159843,0.02599187180661682,-0.25999832153321023,0.13000000000000256,19,662,-4.183654716022137,-2.3421052631578947,-10.0,6,8,3,0,1,"113,59","124,20",109.69,0.009262317160061814,-0.5200004577636719,0
2016-05-12,46.64,46.43,41.5,14.41,94.13999938964844,0.009262317160061814,0.009262317160061814,0.023310244467320256,0.021595239008239866,0.025871201504723104,-0.5200004577636719,0.21000000000000085,26,791,-3.384095602611471,-4.273076923076923,-10.0,7,6,7,0,1,"101,36","119,42",91.94,0.009045937196002345,0.06999969482421875,0
2016-05-13,46.22,47.05,41.56999969482422,15.04,94.61000061035156,-0.009045937196002345,0.009045937196002345,0.024893282461927197,0.02183895288278933,0.025058647422964733,0.06999969482421875,-0.8299999999999983,21,438,-1.9939907406930013,-1.3190476190476188,-10.0,4,11,3,0,1,"88,22","79,15",88.03,0.03193799238348068,0.45999908447266336,1
2016-05-16,47.72,48.49,42.02999877929688,14.68,94.56999969482422,0.03193799238348068,0.03193799238348068,0.018324619525311323,0.02151757245143516,0.025037677344460964,0.45999908447266336,-0.7700000000000031,13,343,-1.5828203901648599,-3.861538461538461,-9.0,4,3,0,0,1,"66,87","51,28",76.99,0.011873902655735177,0.7200012207031179,0
2016-05-17,48.29,48.71,42.75,15.57,94.5500030517578,0.011873902655735177,0.011873902655735177,0.01771241106483296,0.018502304602037913,0.02464346242758067,0.7200012207031179,-0.4200000000000017,31,914,-2.486122751658709,-1.5870967741935482,-10.0,6,14,2,0,1,"88,40","51,84",121.08,0.0035266087789724452,0.11999893188476562,0
2016-05-18,48.12,48.93,42.869998931884766,15.95,95.08000183105467,-0.0035266087789724452,0.0035266087789724452,0.015913864998670896,0.018881808392591327,0.023274019450155316,0.11999893188476562,-0.8100000000000023,29,632,-3.2625911651686534,-1.5448275862068965,-9.2,12,13,0,0,1,"92,40","73,69",107.57,0.0008309098940873815,-0.4699974060058594,0
2016-05-19,48.16,47.01,42.400001525878906,16.33,95.29000091552734,0.0008309098940873815,0.0008309098940873815,0.016204019411247363,0.01902869077106345,0.023272544489130832,-0.4699974060058594,1.1499999999999986,25,1022,-3.5494395852247766,-2.6919999999999997,-10.0,11,10,2,0,1,"73,92","82,90",84.52,0.0102265317838312,-2.2300033569335938,0
2016-05-20,47.67,48.54,40.16999816894531,15.2,95.30999755859376,-0.0102265317838312,0.0102265317838312,0.016491664423568978,0.019914665972718345,0.02328833566976376,-2.2300033569335938,-0.8699999999999974,18,343,-4.18863433458744,-3.75,-10.0,11,6,2,0,1,"115,90","164,00",68.4,0.009395621889743803,-0.7299995422363352,0
2016-05-23,48.12,47.77,39.43999862670898,15.82,95.2300033569336,0.009395621889743803,0.009395621889743803,0.009124707461305531,0.01634827530061671,0.02210177894879662,-0.7299995422363352,0.3499999999999943,12,404,-3.2863806576443073,-6.341666666666666,-10.0,7,2,2,0,1,"121,71","158,26",79.2,0.0016638938946952695,-1.4199981689453054,0
2016-05-24,48.04,48.42,38.02000045776367,14.42,95.56999969482422,-0.0016638938946952695,0.0016638938946952695,0.007130345767290776,0.01543928772169042,0.021965238959479,-1.4199981689453054,-0.38000000000000256,10,314,-3.129899798733464,-1.8399999999999999,-10.0,4,5,2,0,1,"86,68","97,68",106.55,0.021825037588692232,-2.0800018310546875,0
2016-05-25,49.1,48.87,35.939998626708984,13.9,95.3499984741211,0.021825037588692232,0.021825037588692232,0.012158911751298528,0.013522551626276256,0.017886956602707504,-2.0800018310546875,0.23000000000000398,25,1169,-5.688405669627392,-4.86,-10.0,6,5,2,0,1,"75,74","70,48",100.77,0.002038736689848317,0.6200027465820312,0
2016-05-26,49.0,49.52,36.560001373291016,13.43,95.16999816894533,-0.002038736689848317,0.002038736689848317,0.012412873805956967,0.013696876793178376,0.017697960968039016,0.6200027465820312,-0.5200000000000031,20,766,-3.851486296701851,-3.78,-10.0,6,7,1,0,1,"68,92","82,44",61.13,0.007320081486505851,-0.5900001525878906,0
2016-05-27,49.36,49.09,35.970001220703125,13.12,95.5199966430664,0.007320081486505851,0.007320081486505851,0.009777266650499964,0.012788183682375978,0.017692462396856203,-0.5900001525878906,0.269999999999996,16,503,-3.5943228209197997,-5.94375,-10.0,5,2,2,0,1,"81,85","48,00",104.09,0.005281344796657483,2.1100006103515625,1
2016-05-31,49.1,49.26,38.08000183105469,14.19,95.88999938964844,-0.005281344796657483,0.005281344796657483,0.010993624388155925,0.0096057677032516,0.016321435626474007,2.1100006103515625,-0.1599999999999966,10,369,-7.1272249120096465,-4.0200000000000005,-10.0,1,2,1,0,1,"141,11","126,61",146.67,0.0006111846986629324,1.9199981689453125,1
2016-06-01,49.07,48.81,40.0,14.2,95.45999908447266,-0.0006111846986629324,0.0006111846986629324,0.010866611071494878,0.009100789141817816,0.014845996483725067,1.9199981689453125,0.259999999999998,15,313,-3.1977338037943235,-3.2133333333333334,-10.0,8,4,2,0,1,"100,84","140,74",75.47,0.0014255169912209468,-3.3600006103515625,0
2016-06-02,49.14,49.05,36.63999938964844,13.63,95.55999755859376,0.0014255169912209468,0.0014255169912209468,0.004687900946382908,0.008923701973310294,0.014863456985916993,-3.3600006103515625,0.09000000000000341,16,558,-4.9370250686875075,-3.7,-9.0,4,5,0,0,1,"94,64","141,53",47.22,0.0091996968984236,-1.8299980163574219,0
2016-06-03,48.69,48.5,34.810001373291016,13.47,94.02999877929688,-0.0091996968984236,0.0091996968984236,0.00633364679904849,0.009618582518956108,0.015131206093726257,-1.8299980163574219,0.18999999999999773,16,850,-6.488051989358024,-1.89375,-10.0,8,7,5,0,1,"144,20","151,74",139.89,0.02073244991197167,0.7999992370605469,0
2016-06-06,49.71,48.94,35.61000061035156,13.65,93.9000015258789,0.02073244991197167,0.02073244991197167,0.011562679326990118,0.010510800996646984,0.015551562945584466,0.7999992370605469,0.7700000000000031,12,345,-4.656215175987948,-3.283333333333333,-10.0,5,5,1,0,1,"101,41","134,79",93.69,0.013189639650977875,0.5799980163574148,0
2016-06-07,50.37,49.76,36.18999862670898,14.05,93.83000183105467,0.013189639650977875,0.013189639650977875,0.011836556484249415,0.010784479968724394,0.013786200099269607,0.5799980163574148,0.6099999999999994,20,664,-7.106238905665835,-4.795,-10.0,12,5,11,0,1,"79,22","78,98",74.11,0.016929538193551762,-1.0200004577636648,0
2016-06-08,51.23,50.73,35.16999816894531,14.08,93.58999633789062,0.016929538193551762,0.016929538193551762,0.012307960391503725,0.011185696119827698,0.013128511266842764,-1.0200004577636648,0.5,23,617,-4.81446566795834,-6.530434782608695,-10.0,10,2,3,0,1,"76,72","71,99",82.56,0.013956000468820439,0.7300033569335938,0
2016-06-09,50.52,50.59,35.900001525878906,14.64,94.0999984741211,-0.013956000468820439,0.013956000468820439,0.015940528512295684,0.011433719574432772,0.012298894744561785,0.7300033569335938,-0.07000000000000028,23,580,-3.4621970936789275,-1.7478260869565219,-10.0,8,11,5,0,1,"61,34","75,27",47.09,0.028713949412329236,4.049999237060547,1
2016-06-10,49.09,49.7,39.95000076293945,17.03,94.5999984741211,-0.028713949412329236,0.028713949412329236,0.02177316700832872,0.015194482552366243,0.014288806798871142,4.049999237060547,-0.6099999999999994,15,281,-3.614380254495092,-5.3,-10.0,7,3,3,0,1,"62,17","44,27",88.62,0.0040824714794069905,2.770000457763672,1
2016-06-13,48.89,49.36,42.720001220703125,20.97,94.37000274658205,-0.0040824714794069905,0.0040824714794069905,0.018981374508426452,0.015026335067976054,0.014118715518309729,2.770000457763672,-0.46999999999999886,16,512,-7.9954359385545,-6.725,-10.0,11,2,6,0,1,"93,31","134,37",43.11,0.008215285473293222,0.34999847412109375,0
2016-06-14,48.49,47.88,43.06999969482422,20.5,94.93000030517578,-0.008215285473293222,0.008215285473293222,0.016588001216788894,0.015148304359395532,0.012523173469563212,0.34999847412109375,0.6099999999999994,25,807,-4.732892547415977,-2.92,-10.0,10,11,6,0,1,"108,36","195,47",34.32,0.011824637310067025,-0.48999786376953125,0
2016-06-15,47.92,47.47,42.58000183105469,20.14,94.61000061035156,-0.011824637310067025,0.011824637310067025,0.009367456017966212,0.015506549169276448,0.012541411997805969,-0.48999786376953125,0.45000000000000284,16,536,-4.9804577825582195,-2.2312499999999997,-9.2,7,6,0,0,1,"129,71","129,31",141.04,0.03785270106158638,1.9099998474121094,1
2016-06-16,46.14,45.66,44.4900016784668,19.37,94.56999969482422,-0.03785270106158638,0.03785270106158638,0.014460263117970095,0.019015487454896462,0.01508489517894581,1.9099998474121094,0.480000000000004,20,676,-4.376600092141715,-2.75,-9.5,9,7,3,0,1,"78,98","111,16",54.09,0.03952075816228341,-3.1400032043457102,1
2016-06-17,48.0,46.57,41.34999847412109,19.41,94.20999908447266,0.03952075816228341,0.03952075816228341,0.027918888714472602,0.023823417835380323,0.01772961763833802,-3.1400032043457102,1.4299999999999997,18,487,-4.131174387326425,-3.816666666666667,-10.0,6,6,3,0,1,"99,29","125,98",67.55,0.028749413285985792,-2.3599967956542898,1
2016-06-20,49.4,48.68,38.9900016784668,18.37,93.61000061035156,0.028749413285985792,0.028749413285985792,0.03165051473411771,0.02476814470319198,0.018682117067111197,-2.3599967956542898,0.7199999999999989,15,380,-4.297432987049391,-4.7266666666666675,-10.0,6,4,3,0,1,"90,83","85,22",97.74,0.009151055217357323,1.3799972534179688,1
2016-06-21,48.95,48.18,40.369998931884766,18.48,94.0199966430664,-0.009151055217357323,0.009151055217357323,0.03172924712684244,0.024388207902768223,0.018744527742318672,1.3799972534179688,0.7700000000000031,28,730,-5.019199532054976,-6.0,-10.0,17,5,6,0,1,"116,32","100,84",109.34,0.004280915721314621,2.8800010681152344,1
2016-06-22,49.16,48.43,43.25,21.17,93.72000122070312,0.004280915721314621,0.004280915721314621,0.030792778762012012,0.023561832090357452,0.01874961507087155,2.8800010681152344,0.7299999999999969,9,276,-3.1102385277527245,-7.199999999999999,-9.5,6,0,2,0,1,"104,51","108,72",113.35,0.0036548264033766636,-3.1500015258789134,0
2016-06-23,49.34,48.63,40.09999847412109,17.25,93.52999877929688,0.0036548264033766636,0.0036548264033766636,0.020028567667428446,0.023402955239023464,0.018125013965064912,-3.1500015258789134,0.7100000000000009,19,563,-1.8471120412967459,-1.1789473684210525,-10.0,3,10,2,0,1,"106,86","63,92",133.28,0.054990946426359044,3.230003356933601,1
2016-06-24,46.7,46.69,43.33000183105469,25.76,95.4499969482422,-0.054990946426359044,0.054990946426359044,0.03088358414750904,0.02775996913440897,0.0219416418695691,3.230003356933601,0.010000000000005116,18,429,-3.438137670533892,0.08888888888888907,-9.5,7,10,2,0,1,"67,60","70,94",76.92,0.019460073554712503,-0.48000335693360086,0
2016-06-27,45.8,45.07,42.84999847412109,23.85,96.54000091552734,-0.019460073554712503,0.019460073554712503,0.024356958279407977,0.02812752890049678,0.02213330511930528,-0.48000335693360086,0.7299999999999969,19,620,-2.585011958822527,-2.705263157894737,-10.0,6,8,5,0,1,"109,87","76,67",118.77,0.045457522051400634,-2.6699981689453054,1
2016-06-28,47.93,46.29,40.18000030517578,18.75,96.25,0.045457522051400634,0.045457522051400634,0.036783430856224056,0.03254413377850154,0.02470602432148205,-2.6699981689453054,1.6400000000000006,22,974,-4.828715709310215,-5.427272727272728,-10.0,11,5,9,0,1,"96,44","50,16",118.55,0.03927688323630738,-1.8899993896484375,1
2016-06-29,49.85,48.4,38.290000915527344,16.64,95.7699966430664,0.03927688323630738,0.03927688323630738,0.041791929622649014,0.034629017354906415,0.026314206654019182,-1.8899993896484375,1.4500000000000028,14,492,-5.683079527077371,-3.5142857142857147,-10.0,7,5,5,0,1,"151,01","174,83",145.83,0.032208246735445756,-0.20000076293945312,1
2016-06-30,48.27,48.05,38.09000015258789,15.63,96.13999938964844,-0.032208246735445756,0.032208246735445756,0.04458976835404748,0.03391050789618786,0.02732661334371731,-0.20000076293945312,0.22000000000000597,11,430,-7.253717774121147,-5.0,-10.0,6,3,5,0,1,"134,23","172,05",103.64,0.015418128427564896,-1.9099998474121094,0
2016-07-01,49.02,47.65,36.18000030517578,14.77,95.6500015258789,0.015418128427564896,0.015418128427564896,0.03461466590282483,0.031945418582399035,0.02748673330262629,-1.9099998474121094,1.3700000000000045,29,960,-3.934202023297705,-2.627586206896552,-10.0,10,12,8,0,1,"112,06","151,94",74.55,0.04784202138763185,3.9000015258789062,1
2016-07-05,46.73,45.64,40.08000183105469,15.58,96.16999816894533,-0.04784202138763185,0.04784202138763185,0.04210756613679755,0.03396468201496974,0.02904181316208255,3.9000015258789062,1.0899999999999963,17,557,-2.25803192762199,-2.182352941176471,-10.0,4,6,1,0,1,"98,28","92,21",96.14,0.013602760223325724,1.3499984741210938,1
2016-07-06,47.37,45.7,41.43000030517578,14.96,96.05999755859376,0.013602760223325724,0.013602760223325724,0.0362768289040394,0.03445572874334561,0.029054146531522808,1.3499984741210938,1.6699999999999946,40,1089,-2.6289836128895985,-5.1725,-9.5,19,7,1,0,1,"107,65","126,83",105.79,0.04644965008583662,1.8100013732910156,1
2016-07-07,45.22,45.93,43.2400016784668,14.76,96.33000183105467,-0.04644965008583662,0.04644965008583662,0.031646965456856975,0.03686878140713782,0.030192060231501238,1.8100013732910156,-0.7100000000000009,30,935,-3.6414000672312152,-2.3699999999999997,-10.0,14,14,8,0,1,"141,48","175,09",121.7,0.0033116268260488142,-1.8300018310546875,0
2016-07-08,45.37,44.53,41.40999984741211,13.2,96.3000030517578,0.0033116268260488142,0.0033116268260488142,0.03206385131003454,0.036856518321355905,0.030206668327298274,-1.8300018310546875,0.8399999999999963,57,2042,-6.85257599737401,-5.6947368421052635,-10.0,35,10,6,0,1,"131,03","146,95",136.19,0.014206676231115814,1.0999984741210938,0
2016-07-11,44.73,44.04,42.5099983215332,13.54,96.56999969482422,-0.014206676231115814,0.014206676231115814,0.028136880784640658,0.033201984482913546,0.029788030731764368,1.0999984741210938,0.6899999999999977,21,601,-7.250266180415922,-3.6523809523809527,-10.0,8,7,6,0,1,"90,25","84,68",97.11,0.045666044618008036,-2.8400001525878906,1
2016-07-12,46.82,46.72,39.66999816894531,13.55,96.44000244140624,0.045666044618008036,0.045666044618008036,0.034058951816426666,0.036155961319095486,0.031844110101999924,-2.8400001525878906,0.10000000000000142,23,891,-3.452262681044864,-0.09565217391304345,-10.0,3,12,1,0,1,"114,82","114,47",143.22,0.042541042074872845,3.430000305175774,1
2016-07-13,44.87,44.67,43.09999847412109,13.04,96.22000122070312,-0.042541042074872845,0.042541042074872845,0.03767472395159598,0.035153502866836356,0.03308818724780053,3.430000305175774,0.19999999999999574,23,767,-4.428768296861389,-4.48695652173913,-10.0,9,6,5,0,1,"57,69","57,52",47.97,0.017015105005982974,-4.79999923706054,0
2016-07-14,45.64,46.01,38.29999923706055,12.82,96.08000183105467,0.017015105005982974,0.017015105005982974,0.03309208361522435,0.03253283601409853,0.03335108462829194,-4.79999923706054,-0.36999999999999744,11,322,-4.559605550247755,-3.472727272727273,-9.5,7,3,3,0,1,"109,42","148,76",82.72,0.006333973343827136,-1.6399993896484375,0
2016-07-15,45.93,46.25,36.65999984741211,12.67,96.58000183105467,0.006333973343827136,0.006333973343827136,0.033153026689366046,0.03172768365097691,0.03232945072373785,-1.6399993896484375,-0.3200000000000003,16,495,-2.8480198825511396,-3.325,-10.0,6,5,2,0,1,"91,61","134,59",64.15,0.015357914847950373,1.4900016784667969,1
2016-07-18,45.23,45.35,38.150001525878906,12.44,96.55999755859376,-0.015357914847950373,0.015357914847950373,0.033301323650584254,0.031015015129062906,0.03108310742798192,1.4900016784667969,-0.12000000000000455,20,650,-2.6228444095245393,-0.51,-9.2,4,12,0,0,1,"158,04","201,67",126.16,0.013130265416696166,-0.9500007629394531,0
2016-07-19,44.64,45.7,37.20000076293945,11.97,97.0500030517578,-0.013130265416696166,0.013130265416696166,0.022874458844500185,0.02784694361906312,0.030232673951764356,-0.9500007629394531,-1.0600000000000023,10,338,-3.9413521319103357,-5.2700000000000005,-10.0,5,2,2,0,1,"190,25","167,35",214.03,0.007142887512380204,-0.18000030517578125,0
2016-07-20,44.96,45.82,37.02000045776367,11.77,97.1999969482422,0.007142887512380204,0.007142887512380204,0.01403673970109374,0.027450495935639842,0.0303361619487109,-0.18000030517578125,-0.8599999999999994,22,785,-5.496390075352637,-4.736363636363636,-10.0,9,5,2,0,1,"104,29","128,73",82.59,0.022493076050014976,1.1100006103515625,0
2016-07-21,43.96,44.99,38.130001068115234,12.74,97.0,-0.022493076050014976,0.022493076050014976,0.013453921483860525,0.02431946441839184,0.03052996167089671,1.1100006103515625,-1.0300000000000011,27,880,-5.115397025114995,-4.111111111111111,-9.2,8,6,1,0,1,"146,57","146,12",154.38,0.012590300223918579,0.7199974060058523,0
2016-07-22,43.41,44.24,38.84999847412109,12.02,97.47000122070312,-0.012590300223918579,0.012590300223918579,0.011032967106707602,0.024393335204038327,0.030487128053343485,0.7199974060058523,-0.8300000000000054,16,392,-4.637478162475875,-1.2625,-7.0,2,6,0,0,0,"150,14","149,68",140.46,0.023541467073590054,2.1200027465820384,1
2016-07-25,42.4,43.76,40.970001220703125,12.87,97.29000091552734,-0.023541467073590054,0.023541467073590054,0.012320021172923627,0.02498115551679118,0.02860187084605795,2.1200027465820384,-1.3599999999999994,19,611,-7.673898586894713,-5.873684210526315,-10.0,12,4,11,0,1,"100,57","137,86",73.17,0.005676458004805191,0.2999992370605469,0
2016-07-26,42.16,43.56,41.27000045776367,13.05,97.16000366210938,-0.005676458004805191,0.005676458004805191,0.012732644706149465,0.01748150830799505,0.02839611310715614,0.2999992370605469,-1.4000000000000057,19,501,-6.137131665868096,-2.7578947368421054,-10.0,2,6,1,0,1,"81,79","112,12",76.51,0.0061860773050147816,0.32999801635741477,0
2016-07-27,41.9,42.78,41.59999847412109,12.83,97.0500030517578,-0.0061860773050147816,0.0061860773050147816,0.008594335631744084,0.013371061434856005,0.02588568166075518,0.32999801635741477,-0.8800000000000026,30,817,-2.103040037291836,-2.73,-10.0,7,12,2,0,1,"99,43","177,38",26.11,0.01854804468575919,1.3300018310546946,1
2016-07-28,41.13,41.87,42.93000030517578,12.72,96.73999786376952,-0.01854804468575919,0.01854804468575919,0.0077726961959700925,0.010801293659506234,0.023606402411456485,1.3300018310546946,-0.7399999999999949,16,399,-2.255975185589079,-3.6875,-10.0,11,5,3,0,1,"90,89","140,95",50.39,0.009919036205633506,-1.8499984741210938,0
2016-07-29,41.54,40.76,41.08000183105469,11.87,95.52999877929688,0.009919036205633506,0.009919036205633506,0.013031945668747888,0.011458122390747515,0.023362463809185476,-1.8499984741210938,0.7800000000000011,25,898,-3.541684151075992,-3.128,-10.0,8,9,5,0,1,"107,76","140,13",85.71,0.036528144933598045,3.1399993896484375,1
2016-08-01,40.05,40.17,44.220001220703125,12.44,95.70999908447266,-0.036528144933598045,0.036528144933598045,0.017298579137327248,0.01418081529745966,0.023566216221866866,3.1399993896484375,-0.12000000000000455,14,416,-2.5794151522757405,1.1785714285714286,-10.0,2,9,2,0,1,"98,59","157,26",54.65,0.013828001607291964,1.4799995422363281,1
2016-08-02,39.5,40.0,45.70000076293945,13.37,95.05999755859376,-0.013828001607291964,0.013828001607291964,0.01700548359720859,0.01418781707569712,0.021865490316879118,1.4799995422363281,-0.5,21,500,-3.9913481316164963,-2.3857142857142852,-9.2,7,8,2,0,1,"126,30","148,81",95.48,0.03238140950303978,-1.0600013732910156,1
2016-08-03,40.8,40.45,44.63999938964844,12.86,95.55999755859376,0.03238140950303978,0.03238140950303978,0.02680923380078822,0.01933036705260708,0.02322138827371591,-1.0600013732910156,0.3499999999999943,13,303,-1.3334374061463983,-0.39230769230769214,-10.0,1,7,1,0,1,"118,51","168,78",75.08,0.02708095860267083,-1.5400009155273509,0
2016-08-04,41.92,41.33,43.09999847412109,12.42,95.76000213623048,0.02708095860267083,0.02708095860267083,0.028868010814682724,0.02187664640619967,0.02253507105219203,-1.5400009155273509,0.5900000000000034,16,525,-6.735513626665077,-8.025,-10.0,12,1,10,0,1,"154,44","116,80",203.71,0.002149254558679736,-1.5999984741210866,0
2016-08-05,41.83,42.47,41.5,11.39,96.19000244140624,-0.002149254558679736,0.002149254558679736,0.02873322300994717,0.021709487516662834,0.022477520785976438,-1.5999984741210866,-0.6400000000000006,9,260,-6.492677239040275,-3.9000000000000004,-10.0,6,3,1,0,1,"93,31","120,93",93.11,0.02898070648211004,-0.3600006103515625,1
2016-08-08,43.06,43.24,41.13999938964844,11.5,96.4000015258789,0.02898070648211004,0.02898070648211004,0.02102016474807543,0.02270830078504433,0.023502717359643144,-0.3600006103515625,-0.17999999999999972,8,211,-5.010317693124034,-5.0875,-10.0,3,2,2,0,1,"116,03","150,37",96.48,0.0065237882819573784,-1.3800010681152344,0
2016-08-09,42.78,43.37,39.7599983215332,11.66,96.18000030517578,-0.0065237882819573784,0.0065237882819573784,0.018683835688649494,0.02273979809539916,0.02066980771258695,-1.3800010681152344,-0.5899999999999963,23,843,-1.3995867186247508,-5.069565217391304,-10.0,12,7,7,0,1,"114,04","140,76",108.37,0.024371252357395113,-0.4399986267089844,0
2016-08-10,41.75,42.19,39.31999969482422,12.05,95.6500015258789,-0.024371252357395113,0.024371252357395113,0.02295885915019921,0.024105330049728212,0.019261705160086264,-0.4399986267089844,-0.4399999999999977,22,570,-4.567543160475768,-4.709090909090909,-10.0,14,7,9,0,1,"116,23","147,47",105.44,0.0412913454357243,-0.029998779296875,1
2016-08-11,43.51,44.23,39.290000915527344,11.68,95.86000061035156,0.0412913454357243,0.0412913454357243,0.02696670369265777,0.026405794234887765,0.021287760053281996,-0.029998779296875,-0.7199999999999989,25,670,-4.700007568453176,-4.308,-10.0,13,6,4,0,1,"97,58","81,92",136.66,0.021824007790016323,-1.5100021362304616,0
2016-08-12,44.47,45.12,37.77999877929688,11.55,95.72000122070312,0.021824007790016323,0.021824007790016323,0.026965481082878513,0.026884904514318356,0.021894976019127443,-1.5100021362304616,-0.6499999999999986,17,572,-2.0600093732371234,-0.8117647058823529,-9.5,7,9,1,0,1,"112,61","112,26",124.85,0.02772103440400481,-0.5,0
2016-08-15,45.72,47.31,37.27999877929688,11.81,95.62999725341795,0.02772103440400481,0.02772103440400481,0.026775189128884398,0.02273205899204128,0.0225801156678017,-0.5,-1.5900000000000034,13,335,-4.592516816308251,-6.661538461538461,-9.5,7,1,2,0,1,"97,81","117,01",75.91,0.018420718067675926,0.17000198364257102,0
2016-08-16,46.57,48.27,37.45000076293945,12.64,94.79000091552734,0.018420718067675926,0.018420718067675926,0.02470767820173905,0.020658163507979038,0.022676813585566703,0.17000198364257102,-1.7000000000000028,16,509,-3.0713916768647067,-4.5,-10.0,8,5,3,0,1,"95,12","122,72",74.45,0.005140298317693393,-2.3300018310546875,0
2016-08-17,46.81,48.58,35.119998931884766,12.19,94.72000122070312,0.005140298317693393,0.005140298317693393,0.013210891190446048,0.020115164268194718,0.022657863892179476,-2.3300018310546875,-1.769999999999996,12,308,-4.902781889930934,-5.641666666666667,-10.0,4,2,3,0,1,"61,16","91,45",50.85,0.029262165744575457,1.6300010681152344,1
2016-08-18,48.2,49.46,36.75,11.43,94.16000366210938,0.029262165744575457,0.029262165744575457,0.009629541255753469,0.020286976510243027,0.022666816371562728,1.6300010681152344,-1.259999999999998,24,810,-7.048772474857766,-5.283333333333333,-10.0,16,5,7,0,1,"118,66","78,86",139.78,0.005792320704504371,-1.8699989318847656,0
2016-08-19,48.48,49.39,34.880001068115234,11.34,94.51000213623048,0.005792320704504371,0.005792320704504371,0.01154585488490502,0.019734220609513967,0.022302679647819547,-1.8699989318847656,-0.9100000000000037,12,360,-5.077078729045539,-4.716666666666667,-10.0,6,3,4,0,1,"78,40","117,24",32.6,0.03526813883745799,1.529998779296875,1
2016-08-22,46.8,48.1,36.40999984741211,12.27,94.5199966430664,-0.03526813883745799,0.03526813883745799,0.024445820604282863,0.024476627288427623,0.023241388516637016,1.529998779296875,-1.3000000000000043,16,508,-2.890435150560235,-1.3375,-10.0,5,9,2,0,1,"84,60","90,83",64.94,0.015688259008446757,1.1199989318847727,0
2016-08-23,47.54,48.7,37.52999877929688,12.38,94.54000091552734,0.015688259008446757,0.015688259008446757,0.024089500911483396,0.023981866172387824,0.02321888207219472,1.1199989318847727,-1.1600000000000037,31,826,-1.860001365542026,-0.4387096774193549,-10.0,8,19,3,0,1,"89,98","123,35",65.47,0.02664550688886869,-0.06999969482422586,0
2016-08-24,46.29,47.56,37.459999084472656,13.45,94.79000091552734,-0.02664550688886869,0.02664550688886869,0.027680379539408415,0.024357668502820912,0.024213650049140795,-0.06999969482422586,-1.2700000000000031,21,561,-3.766714838855678,-5.895238095238095,-10.0,7,2,2,0,1,"139,23","185,07",96.48,0.014583144995724516,-0.7000007629394531,0
2016-08-25,46.97,49.25,36.7599983215332,13.63,94.7699966430664,0.014583144995724516,0.014583144995724516,0.02404434205236991,0.021927717309365213,0.02364579733072857,-0.7000007629394531,-2.280000000000001,16,432,-3.225165696270803,-0.49374999999999997,-10.0,5,10,3,0,1,"176,97","264,63",110.36,0.01416364444819562,-0.7099990844726562,0
2016-08-26,47.64,49.66,36.04999923706055,13.65,95.56999969482422,0.01416364444819562,0.01416364444819562,0.025259269559051153,0.021507383926103803,0.02369578619387621,-0.7099990844726562,-2.019999999999996,14,365,-5.388972461024155,-6.057142857142857,-10.0,8,2,7,0,1,"80,30","80,06",66.78,0.014163644448195716,0.6700019836425781,0
2016-08-29,46.97,49.66,36.720001220703125,12.94,95.58000183105467,-0.014163644448195716,0.014163644448195716,0.019794954206683767,0.021073013426451202,0.022008588056768197,0.6700019836425781,-2.6899999999999977,16,410,-5.304031307161195,-0.63125,-10.0,6,9,5,0,1,"151,20","219,24",91.44,0.01393526677416385,1.309997558593757,0
2016-08-30,46.32,47.94,38.02999877929688,13.12,96.0500030517578,-0.01393526677416385,0.01393526677416385,0.018593581716840737,0.02087362548983547,0.02201419167853659,1.309997558593757,-1.6199999999999974,13,325,-4.508463728814546,-4.8307692307692305,-10.0,6,3,5,0,1,"79,75","97,85",51.01,0.03604785906373982,1.470001220703118,1
2016-08-31,44.68,47.94,39.5,13.42,96.0199966430664,-0.03604785906373982,0.03604785906373982,0.021545845542105986,0.02352401213139723,0.02329956729344817,1.470001220703118,-3.259999999999998,12,284,-3.172062290698322,-1.0333333333333334,-7.2,1,6,0,0,1,"86,18","128,87",53.75,0.03438016463361374,1.720001220703125,1
2016-09-01,43.17,45.05,41.220001220703125,13.48,95.6500015258789,-0.03438016463361374,0.03438016463361374,0.020331135086697795,0.021879272776519625,0.024205923124751744,1.720001220703125,-1.8799999999999955,27,817,-3.942720877187119,-4.322222222222222,-10.0,11,7,4,0,1,"72,01","110,45",46.06,0.027868409278557757,-2.5800018310546875,0
2016-09-02,44.39,45.96,38.63999938964844,11.98,95.87999725341795,0.027868409278557757,0.027868409278557757,0.025760275299365896,0.024696604370141782,0.02489069081492925,-2.5800018310546875,-1.5700000000000003,8,190,-1.9999693199176205,3.7125000000000004,-10.0,1,7,1,0,1,"77,37","67,49",80.42,0.010309369658861287,1.2099990844726491,0
2016-09-06,44.85,46.21,39.84999847412109,12.02,94.81999969482422,0.010309369658861287,0.010309369658861287,0.027981898464577614,0.02344597823382828,0.02420446094073171,1.2099990844726491,-1.3599999999999994,24,588,-4.501589518211768,-5.579166666666667,-10.0,5,3,2,0,1,"91,34","60,71",111.4,0.013729179332113999,-1.2199974060058523,0
2016-09-07,45.47,47.0,38.630001068115234,11.94,94.95999908447266,0.013729179332113999,0.013729179332113999,0.029513808607204952,0.02326832519886608,0.02425109391840646,-1.2199974060058523,-1.5300000000000011,15,344,-2.609902187046384,-4.193333333333333,-10.0,8,3,2,0,1,"91,87","101,77",84.88,0.04641004697584989,-0.4200019836425781,1
2016-09-08,47.63,49.23,38.209999084472656,12.51,95.02999877929688,0.04641004697584989,0.04641004697584989,0.029957160941357634,0.02673615990215033,0.02518561775960792,-0.4200019836425781,-1.5999999999999943,17,570,-4.561916436342436,-2.1294117647058823,-10.0,5,7,1,0,1,"60,41","60,23",58.61,0.03743352255159907,1.5100021362304688,1
2016-09-09,45.88,48.37,39.720001220703125,17.5,95.33999633789062,-0.03743352255159907,0.03743352255159907,0.03116577883492728,0.029151530946452696,0.025624525666790094,1.5100021362304688,-2.489999999999995,26,859,-3.233998783268258,-4.980769230769231,-9.5,12,4,1,0,1,"116,91","106,84",105.32,0.008680610064305852,-0.5600013732910156,0
2016-09-12,46.28,47.82,39.15999984741211,15.16,95.0999984741211,0.008680610064305852,0.008680610064305852,0.029906443811248778,0.028856533037408722,0.025273086195796747,-0.5600013732910156,-1.5399999999999991,21,462,-3.2872510379737014,-1.3047619047619048,-10.0,4,10,1,0,1,"137,55","137,12",123.91,0.030049415225829205,1.9399986267089773,1
2016-09-13,44.91,46.48,41.09999847412109,17.85,95.62999725341795,-0.030049415225829205,0.030049415225829205,0.0343570019173212,0.029961825408270817,0.02547854099104794,1.9399986267089773,-1.5700000000000003,23,789,-3.0779539370070794,1.6913043478260872,-9.2,4,15,0,0,1,"122,26","127,68",125.86,0.029144726326163634,1.3700027465820384,1
2016-09-14,43.62,45.65,42.470001220703125,18.14,95.33000183105467,-0.029144726326163634,0.029144726326163634,0.035488842961182425,0.030867215347611145,0.025798723660557236,1.3700027465820384,-2.030000000000001,21,618,-2.8046799058392367,-3.7809523809523813,-10.0,1,5,1,0,1,"115,55","134,40",88.08,0.005258958044709041,-1.5699996948242188,0
2016-09-15,43.85,45.83,40.900001525878906,16.3,95.29000091552734,0.005258958044709041,0.005258958044709041,0.02173244363633089,0.029114352313616247,0.025800773647497093,-1.5699996948242188,-1.9799999999999969,22,611,-3.149049014660187,-1.8590909090909091,-10.0,5,10,2,0,1,"99,24","75,38",117.88,0.018644802964663164,-1.0400009155273438,0
2016-09-16,43.04,45.26,39.86000061035156,15.37,96.11000061035156,-0.018644802964663164,0.018644802964663164,0.018617160601041106,0.02754530399477856,0.02482738342982358,-1.0400009155273438,-2.219999999999999,8,252,-2.3473680164160884,-2.4,-9.2,3,3,0,0,1,"51,03","37,00",54.01,0.006946080254684053,-0.20000076293945312,0
2016-09-19,43.34,46.04,39.65999984741211,15.53,95.83999633789062,0.006946080254684053,0.006946080254684053,0.018127009179575104,0.02591417341785376,0.024856720791168883,-0.20000076293945312,-2.6999999999999957,11,281,-10.192849540834695,-4.0181818181818185,-10.0,5,4,4,0,1,"255,73","391,30",148.36,0.011698722709979105,1.3300018310546875,1
2016-09-20,43.85,45.24,40.9900016784668,15.92,96.0199966430664,0.011698722709979105,0.011698722709979105,0.017997934246771978,0.02599345038023372,0.02411418202213249,1.3300018310546875,-1.3900000000000006,21,638,-4.725966531922788,-4.70952380952381,-10.0,8,5,4,0,1,"183,11","243,39",175.33,0.03319434613456576,-1.1400032043457102,1
2016-09-21,45.33,45.99,39.84999847412109,13.3,95.66000366210938,0.03319434613456576,0.03319434613456576,0.01848328133812554,0.027976584741652308,0.025134146606533837,-1.1400032043457102,-0.6600000000000037,35,909,-5.452027072992288,-6.328571428571428,-10.0,20,5,12,0,1,"162,74","230,28",148.42,0.016843885049845023,1.720001220703132,1
2016-09-22,46.1,47.21,41.56999969482422,12.02,95.4499969482422,0.016843885049845023,0.016843885049845023,0.018825202418576017,0.02373084538146044,0.0248034040349825,1.720001220703132,-1.1099999999999994,15,381,-4.5829329227854965,-1.5066666666666668,-10.0,6,7,1,0,1,"95,46","114,20",79.38,0.038474787520436565,2.3199996948242188,1
2016-09-23,44.36,46.71,43.88999938964844,12.29,95.4800033569336,-0.038474787520436565,0.038474787520436565,0.02677914703967745,0.023899116700145013,0.025949373154352653,2.3199996948242188,-2.3500000000000014,49,1387,-3.542539443976793,-3.2367346938775508,-10.0,12,13,2,0,1,"100,25","112,98",108.73,0.027569554038174213,1.0100021362304688,0
2016-09-26,45.6,46.61,44.900001525878906,14.5,95.30999755859376,0.027569554038174213,0.027569554038174213,0.028487093641305066,0.02564032432260911,0.02657774868905338,1.0100021362304688,-1.009999999999998,13,369,-5.445293510630795,-7.176923076923076,-9.0,5,0,4,0,1,"133,84","144,55",120.57,0.02105340919783238,-1.0200004577636719,0
2016-09-27,44.65,44.95,43.880001068115234,13.1,95.44000244140624,-0.02105340919783238,0.02105340919783238,0.031637961368562395,0.02466588751889907,0.026784980551143003,-1.0200004577636719,-0.30000000000000426,13,425,-4.118708366296529,-4.1923076923076925,-10.0,6,5,5,0,1,"83,86","104,51",69.73,0.05278154809054289,1.3600006103515625,1
2016-09-28,47.07,45.49,45.2400016784668,12.39,95.43000030517578,0.05278154809054289,0.05278154809054289,0.03697798833478057,0.027560186867671813,0.029324289026807088,1.3600006103515625,1.5799999999999983,17,396,-5.449102451358259,-3.735294117647059,-7.2,4,4,0,0,1,"115,89","96,28",120.46,0.0137147418166644,-3.19000244140625,0
2016-09-29,47.72,48.43,42.04999923706055,14.02,95.54000091552734,0.0137147418166644,0.0137147418166644,0.03680710451187743,0.027609643172261115,0.028119356500064044,-3.19000244140625,-0.7100000000000009,27,751,-4.5167351225202195,-3.1333333333333333,-10.0,11,8,2,0,1,"104,66","127,01",90.81,0.0,-2.7399978637695312,0
2016-09-30,47.72,48.24,39.310001373291016,13.29,95.45999908447266,0.0,0.0,0.02788883820229073,0.026167961542986125,0.026710794531585324,-2.7399978637695312,-0.5200000000000031,9,264,-3.3779925228728143,-2.4000000000000004,-10.0,5,3,1,0,1,"120,29","175,27",107.72,0.02237971562938602,-1.2700004577636719,0
2016-10-03,48.8,48.61,38.040000915527344,13.57,95.75,0.02237971562938602,0.02237971562938602,0.02737746681857866,0.026400820190539714,0.026490873137211598,-1.2700004577636719,0.18999999999999773,25,771,-5.525824819932341,-5.836,-10.0,12,4,5,0,1,"64,84","70,51",78.42,0.002667489013738413,-0.3800010681152344,0
2016-10-04,48.67,48.81,37.65999984741211,13.63,96.12000274658205,-0.002667489013738413,0.002667489013738413,0.022335909803544923,0.02679877474093527,0.02650609167351696,-0.3800010681152344,-0.14000000000000057,23,533,-2.2019321585497442,-0.7043478260869565,-7.2,4,11,0,0,1,"147,35","174,10",145.21,0.021947639759238788,-1.0099983215332031,0
2016-10-05,49.75,49.57,36.650001525878906,12.99,96.12999725341795,0.021947639759238788,0.021947639759238788,0.011879507112209234,0.025960084580724133,0.026726233243636738,-1.0099983215332031,0.17999999999999972,16,409,-3.789504969876624,-3.8375,-9.0,5,4,1,0,1,"119,91","119,54",132.95,0.013774047492117043,-0.7300033569335938,0
2016-10-06,50.44,50.14,35.91999816894531,12.84,96.66000366210938,0.013774047492117043,0.013774047492117043,0.011882830926215915,0.025879043107472487,0.024971248473979007,-0.7300033569335938,0.29999999999999716,16,436,-5.002069395926591,-2.4625,-10.0,8,6,1,0,1,"92,69","97,27",89.25,0.013573062665794756,0.6800003051757741,0
2016-10-07,49.76,50.49,36.59999847412109,13.48,96.5199966430664,-0.013573062665794756,0.013573062665794756,0.015915026720670696,0.02165728926024507,0.02346937858860287,0.6800003051757741,-0.730000000000004,25,647,-1.9618302785192694,-3.096,-10.0,11,7,2,0,1,"25,32","42,07",21.05,0.0,-0.029998779296867895,0
2016-10-10,49.76,51.54,36.56999969482422,13.38,96.5199966430664,0.0,0.0,0.014025546998699045,0.02113095758194212,0.023459677970278474,-0.029998779296867895,-1.7800000000000011,15,390,-5.967509693535488,-1.9933333333333332,-9.5,4,5,1,0,1,"90,02","131,62",69.86,0.019108861698046507,1.5100021362304688,1
2016-10-11,50.72,50.48,38.08000183105469,15.36,97.6999969482422,0.019108861698046507,0.019108861698046507,0.014835463136962147,0.01849322652251666,0.02229198893313197,1.5100021362304688,0.240000000000002,13,398,-4.055405887545535,-2.976923076923077,-10.0,4,4,1,0,1,"85,38","102,14",66.26,0.01150121739882308,0.9699974060058594,0
2016-10-12,50.14,49.53,39.04999923706055,15.91,97.97000122070312,-0.01150121739882308,0.01150121739882308,0.014655920934307324,0.013539764757096371,0.021144080025780502,0.9699974060058594,0.6099999999999994,28,650,-3.7986662014717787,-2.932142857142857,-10.0,12,11,3,0,1,"101,61","162,08",92.94,0.00656000762202356,-1.8299980163574219,0
2016-10-13,50.47,49.29,37.220001220703125,16.69,97.5199966430664,0.00656000762202356,0.00656000762202356,0.013459361239524946,0.013292267825792457,0.021140555502665567,-1.8299980163574219,1.1799999999999997,14,377,-4.778663309151626,-2.642857142857143,-10.0,5,5,1,0,1,"112,54","117,07",105.79,0.002380481187599632,-1.6700019836425781,0
2016-10-14,50.35,48.87,35.54999923706055,16.12,98.0199966430664,-0.002380481187599632,0.002380481187599632,0.011383535357641974,0.013424415719625337,0.020400808506631903,-1.6700019836425781,1.480000000000004,13,402,-2.8666817338220842,-4.269230769230769,-10.0,6,4,4,0,1,"93,18","139,34",77.48,0.007575793808457656,-0.6699981689453125,0
2016-10-17,49.97,49.31,34.880001068115234,16.21,97.88999938964844,-0.007575793808457656,0.007575793808457656,0.012247168044517798,0.012517334326649969,0.020690793658002415,-0.6699981689453125,0.6599999999999966,29,737,-5.18723091334426,-3.6689655172413795,-10.0,8,7,6,0,1,"128,76","128,36",126.53,0.006582251749579756,1.4899978637695312,1
2016-10-18,50.3,49.81,36.369998931884766,15.28,97.9000015258789,0.006582251749579756,0.006582251749579756,0.008183343788106008,0.012445337271077916,0.020662778962835873,1.4899978637695312,0.4899999999999949,33,997,-3.0173533410617197,-2.8545454545454545,-9.5,9,12,4,0,1,"114,42","102,66",142.72,0.02532277815086511,-3.6499977111816406,0
2016-10-19,51.59,51.85,32.720001220703125,14.41,97.87000274658205,0.02532277815086511,0.02532277815086511,0.012531084008667138,0.013039026428129584,0.020204690001649664,-3.6499977111816406,-0.259999999999998,12,292,-3.1970426323031256,-2.6916666666666664,-10.0,7,5,2,0,1,"112,20","170,44",88.85,0.025123990753331396,-0.24000167846679688,0
2016-10-20,50.31,50.42,32.47999954223633,13.75,98.31999969482422,-0.025123990753331396,0.025123990753331396,0.018552809495597584,0.015285671354266004,0.021223974955812203,-0.24000167846679688,-0.10999999999999943,22,772,-4.616072423875066,-2.772727272727273,-10.0,9,9,7,0,1,"115,55","134,40",96.09,0.0059453207227593416,0.029998779296875,0
2016-10-21,50.61,50.28,32.5099983215332,13.34,98.6999969482422,0.0059453207227593416,0.0059453207227593416,0.018729774871313744,0.014628593871944779,0.018675728718751845,0.029998779296875,0.3299999999999983,24,810,-6.105759343928405,-4.6,-10.0,14,5,6,0,1,"78,98","83,37",69.54,0.008532644287710365,0.2800025939941406,0
2016-10-24,50.18,49.8,32.790000915527344,13.02,98.66999816894533,-0.008532644287710365,0.008532644287710365,0.018844226235816237,0.014982923544049393,0.01828185476783794,0.2800025939941406,0.38000000000000256,9,244,-4.291536213602686,-3.822222222222222,-9.2,3,3,0,0,1,"86,04","98,03",71.55,0.01465448286955503,1.1399993896484375,0
2016-10-25,49.45,49.08,33.93000030517578,13.46,98.72000122070312,-0.01465448286955503,0.01465448286955503,0.01960402911574321,0.014192164181418642,0.01785690962546341,1.1399993896484375,0.37000000000000455,13,387,-5.923797645870966,-2.4538461538461536,-10.0,5,5,2,0,1,"71,30","76,55",72.97,0.014256860624864977,1.4599990844726562,1
2016-10-26,48.75,48.98,35.38999938964844,14.24,98.62999725341795,-0.014256860624864977,0.014256860624864977,0.011359518430666026,0.014410654910444156,0.014392410578073103,1.4599990844726562,-0.22999999999999687,22,612,-3.326497123575906,-2.3954545454545455,-10.0,6,10,2,0,1,"96,95","53,70",134.37,0.019500922662725035,0.470001220703125,0
2016-10-27,49.71,49.13,35.86000061035156,15.36,98.88999938964844,0.019500922662725035,0.019500922662725035,0.014812677093153143,0.015854449908433696,0.014700365649507488,0.470001220703125,0.5799999999999983,21,846,-3.5508452247014644,-3.933333333333333,-10.0,7,5,1,0,1,"99,09","65,86",109.87,0.020116496704939715,1.8999977111816406,1
2016-10-28,48.72,47.78,37.7599983215332,16.19,98.3499984741211,-0.020116496704939715,0.020116496704939715,0.015700886413803957,0.016918105747746787,0.01551322190089904,1.8999977111816406,0.9399999999999977,16,476,-4.745072409544146,-5.65,-10.0,7,2,3,0,1,"82,21","57,85",96.51,0.03956560020619125,3.200000762939453,1
2016-10-31,46.83,46.2,40.959999084472656,17.06,98.4499969482422,-0.03956560020619125,0.03956560020619125,0.021293501857937457,0.020469922473660234,0.017127591642763333,3.200000762939453,0.6299999999999955,14,351,-3.927061566106732,-6.485714285714286,-9.2,5,1,0,0,1,"63,81","92,54",38.59,0.0036367566021665563,-0.8799972534179688,0
2016-11-01,46.66,45.77,40.08000183105469,18.56,97.6999969482422,-0.0036367566021665563,0.0036367566021665563,0.021750539858419026,0.019994378103630816,0.01713077109673351,-0.8799972534179688,0.8899999999999935,19,559,-4.319767194970296,-6.026315789473684,-10.0,12,3,5,0,1,"89,67","52,59",114.04,0.029138830433478303,0.779998779296875,1
2016-11-02,45.32,44.26,40.86000061035156,19.32,97.4000015258789,-0.029138830433478303,0.029138830433478303,0.023174100728272008,0.017291586611169744,0.01716364608295084,0.779998779296875,1.0600000000000023,18,577,-5.487737628969208,-3.55,-10.0,10,7,7,0,1,"77,04","92,16",51.25,0.014670189747793855,0.6300010681152344,0
2016-11-03,44.66,43.84,41.4900016784668,22.08,97.16000366210938,-0.014670189747793855,0.014670189747793855,0.013714461343256807,0.01678286679401493,0.01672845640196551,0.6300010681152344,0.8199999999999932,27,830,-2.7557176557549248,-2.7481481481481485,-10.0,9,11,1,0,1,"62,05","28,55",79.38,0.013298967558116107,2.1999969482421804,1
2016-11-04,44.07,43.06,43.68999862670898,22.51,97.06999969482422,-0.013298967558116107,0.013298967558116107,0.014207199917481494,0.015566935935092563,0.016722110290845752,2.1999969482421804,1.009999999999998,23,928,-3.737027775402976,-4.591304347826087,-10.0,9,5,1,0,1,"48,22","76,91",32.08,0.018212982360545207,0.5100021362304759,0
2016-11-07,44.88,42.83,44.20000076293945,18.71,97.77999877929688,0.018212982360545207,0.018212982360545207,0.0174949779507304,0.018584633061113322,0.01754579236619986,0.5100021362304759,2.0500000000000043,10,217,-3.4268932143820066,-4.05,-10.0,4,3,4,0,1,"66,01","59,83",69.86,0.001780944370994692,-0.6399993896484375,0
2016-11-08,44.96,43.47,43.560001373291016,18.74,97.86000061035156,0.001780944370994692,0.001780944370994692,0.01803151566562237,0.018964356588970225,0.016691306818135708,-0.6399993896484375,1.490000000000002,10,366,-5.762114716386144,-5.11,-10.0,3,2,2,0,1,"89,67","94,65",87.72,0.005323881252750017,-2.3100013732910156,0
2016-11-09,45.2,43.88,41.25,14.38,98.5,0.005323881252750017,0.005323881252750017,0.013728613145676166,0.019426042511683648,0.016824368210493483,-2.3100013732910156,1.3200000000000003,22,906,-5.992217886910334,-4.113636363636363,-9.2,6,7,0,0,1,"50,19","22,24",64.92,0.012914897833799193,1.1899986267089773,0
2016-11-10,44.62,43.67,42.43999862670898,14.74,98.79000091552734,-0.012914897833799193,0.012914897833799193,0.013292147506189735,0.016956121215951317,0.016671639345797285,1.1899986267089773,0.9499999999999957,32,979,-3.784393532792826,-5.703125,-10.0,10,5,6,0,1,"71,24","35,51",88.85,0.027953189194127055,2.8700027465820384,1
2016-11-11,43.39,41.61,45.310001373291016,14.17,98.79000091552734,-0.027953189194127055,0.027953189194127055,0.01776964643306544,0.017603176246953903,0.01733401838282909,2.8700027465820384,1.7800000000000011,25,617,-5.278583945566585,-4.18,-10.0,13,6,2,0,1,"94,90","108,13",75.16,0.0023073383563701295,4.859996795654297,1
2016-11-14,43.29,41.83,50.16999816894531,14.48,100.11000061035156,-0.0023073383563701295,0.0023073383563701295,0.013461027296418312,0.014731933188409258,0.017371812636337185,4.859996795654297,1.4600000000000009,31,947,-5.083057883041456,-2.074193548387097,-10.0,13,13,10,0,1,"153,25","141,03",147.04,0.057671615975869256,-0.7399978637695312,1
2016-11-15,45.86,44.15,49.43000030517578,13.37,100.19000244140624,0.057671615975869256,0.057671615975869256,0.032516500172026494,0.025503775125591883,0.022500454999421417,-0.7399978637695312,1.7100000000000009,19,466,-4.9174787803933935,-3.2842105263157895,-10.0,6,6,2,0,1,"81,46","64,96",99.34,0.006563138850776971,0.6599998474121094,0
2016-11-16,45.56,45.07,50.09000015258789,13.72,100.41000366210938,-0.006563138850776971,0.006563138850776971,0.03282530503030088,0.023746590004388585,0.021368288905389582,0.6599998474121094,0.490000000000002,14,346,-2.5011925257702563,-6.078571428571428,-10.0,8,2,5,0,1,"106,86","127,83",79.97,0.004179044903109006,-2.720001220703125,0
2016-11-17,45.37,44.57,47.369998931884766,13.35,100.88999938964844,-0.004179044903109006,0.004179044903109006,0.03208460930480893,0.023226579954770787,0.020900928594010777,-2.720001220703125,0.7999999999999972,10,256,-4.906013706361799,-4.0600000000000005,-10.0,3,3,3,0,1,"59,96","89,66",33.24,0.007028361899307504,-0.80999755859375,0
2016-11-18,45.69,44.41,46.560001373291016,12.85,101.20999908447266,0.007028361899307504,0.007028361899307504,0.02696164990444074,0.022662640513958367,0.020932615472636685,-0.80999755859375,1.2800000000000011,9,388,-3.7005130920173768,-3.811111111111111,-10.0,4,3,4,0,1,"92,14","64,30",130.25,0.03842911416628708,-0.8500022888183594,1
2016-11-21,47.48,45.96,45.709999084472656,12.42,101.0500030517578,0.03842911416628708,0.03842911416628708,0.02830936690898707,0.024901162802041184,0.02305520892541039,-0.8500022888183594,1.519999999999996,16,338,-5.642713630368629,-4.9875,-10.0,4,3,2,0,1,"118,52","129,97",118.26,0.01234971216440218,0.979999542236321,0
2016-11-22,48.07,46.1,46.68999862670898,12.41,101.04000091552734,0.01234971216440218,0.01234971216440218,0.01800157184627394,0.024943817147312246,0.02311295539223238,0.979999542236321,1.9699999999999989,26,738,-2.443009355868756,-6.269230769230769,-10.0,15,3,7,0,1,"100,06","115,50",96.34,0.02848594338589774,0.8500022888183665,1
2016-11-23,46.72,46.54,47.540000915527344,12.43,101.6999969482422,-0.02848594338589774,0.02848594338589774,0.024398757245241844,0.027326860005731847,0.023739550954442412,0.8500022888183665,0.17999999999999972,25,695,-1.1354438947808956,0.08400000000000006,-10.0,4,14,1,0,1,"75,68","46,43",87.14,0.0,5.9199981689453125,1
2016-11-25,46.72,46.32,53.459999084472656,12.34,101.48999786376952,0.0,0.0,0.024073906869678356,0.026774591512670056,0.02319881579063715,5.9199981689453125,0.3999999999999986,11,236,-6.080390211522531,-7.5181818181818185,-9.0,6,0,0,0,1,"76,49","70,39",68.5,0.02294969741832217,-0.8999977111816406,0
2016-11-28,45.66,46.64,52.560001373291016,13.15,101.33000183105467,-0.02294969741832217,0.02294969741832217,0.027236755989267905,0.026137862748498403,0.023316534039676512,-0.8999977111816406,-0.980000000000004,11,314,-0.35734299991019314,-0.0363636363636364,-9.0,3,7,0,0,1,"111,20","128,36",97.33,0.00813638353352695,2.529998779296875,1
2016-11-29,45.29,44.68,55.09000015258789,12.9,100.93000030517578,-0.00813638353352695,0.00813638353352695,0.016664815903018326,0.026385220651062406,0.021745901623912753,2.529998779296875,0.6099999999999994,28,771,-6.247048384466973,-6.357142857142857,-10.0,10,3,2,0,1,"145,43","204,05",107.49,0.08706657528953615,-10.84000015258789,1
2016-11-30,49.41,47.95,44.25,13.33,101.5,0.08706657528953615,0.08706657528953615,0.04699398042681135,0.03361260247500292,0.029419023562362923,-10.84000015258789,1.4599999999999937,16,630,-5.757749891561367,-7.64375,-10.0,8,0,2,0,1,"120,17","177,10",69.51,0.03324019830667987,-3.799999237060547,1
2016-12-01,51.08,52.28,40.45000076293945,14.07,101.04000091552734,0.03324019830667987,0.03324019830667987,0.043835836553911385,0.03412090432676718,0.029153103240631875,-3.799999237060547,-1.2000000000000028,16,555,-4.179664790741927,-5.2875,-10.0,10,3,4,0,1,"146,61","118,76",160.01,0.012064750350045032,-4.94000244140625,0
2016-12-02,51.7,52.35,35.5099983215332,14.12,100.7699966430664,0.012064750350045032,0.012064750350045032,0.04293075434116873,0.03367870283631065,0.028766667404117423,-4.94000244140625,-0.6499999999999986,19,446,-5.080773970831352,-3.0157894736842104,-10.0,10,7,3,0,1,"64,86","55,42",61.64,0.0003867723892733139,1.4900016784667969,1
2016-12-05,51.72,53.3,37.0,12.14,100.13999938964844,0.0003867723892733139,0.0003867723892733139,0.03805024184195252,0.03387579121663576,0.02841098080247545,1.4900016784667969,-1.5799999999999983,11,243,-2.7411505892844517,-2.0636363636363635,-10.0,3,5,2,0,1,"85,23","101,96",56.7,0.014999794234922845,0.1100006103515625,0
2016-12-06,50.95,52.31,37.11000061035156,11.79,100.48999786376952,-0.014999794234922845,0.014999794234922845,0.03963201979996716,0.03352531255612974,0.028751421630088595,0.1100006103515625,-1.3599999999999994,8,224,-5.92757709079982,-4.625,-9.5,1,2,1,0,1,"68,57","42,07",78.95,0.021826263260886512,-1.0600013732910156,0
2016-12-07,49.85,51.9,36.04999923706055,12.22,100.2300033569336,-0.021826263260886512,0.021826263260886512,0.02200158047927425,0.03464858262989863,0.02942524246531319,-1.0600013732910156,-2.049999999999997,25,795,-5.611988760633015,-3.0639999999999996,-10.0,10,10,6,0,1,"103,35","151,83",63.32,0.01966494991340592,-1.0200004577636719,0
2016-12-08,50.84,51.6,35.029998779296875,12.64,101.06999969482422,0.01966494991340592,0.01966494991340592,0.01753112664756228,0.032994904614270716,0.02960358392175593,-1.0200004577636719,-0.759999999999998,21,530,-5.0890718128188945,-4.280952380952381,-10.0,8,6,5,0,1,"75,40","40,09",100.32,0.01309251725624034,0.18000030517578125,0
2016-12-09,51.51,52.19,35.209999084472656,11.75,101.56999969482422,0.01309251725624034,0.01309251725624034,0.01772669099438947,0.032881865239050005,0.029304265769320492,0.18000030517578125,-0.6799999999999997,17,561,-4.75310162611463,-1.1705882352941175,-10.0,5,7,2,0,1,"71,09","75,59",63.05,0.023598217347646847,-4.909999847412109,0
2016-12-12,52.74,53.99,30.299999237060547,12.64,100.95999908447266,0.023598217347646847,0.023598217347646847,0.02085724366912116,0.03097637257989139,0.02830141473900494,-4.909999847412109,-1.25,16,585,-5.3127895816583735,-5.3625,-10.0,6,3,5,0,1,"95,50","95,20",79.41,0.004729035579530141,1.0500011444091797,0
2016-12-13,52.99,53.28,31.350000381469727,12.72,101.02999877929688,0.004729035579530141,0.004729035579530141,0.018065882098631726,0.030192931601732777,0.028187048575968567,1.0500011444091797,-0.28999999999999915,17,537,-3.199323842661837,-0.6058823529411763,-9.2,3,8,0,0,1,"137,07","136,65",132.98,0.0380815245698356,2.6200008392333984,1
2016-12-14,51.01,53.15,33.970001220703125,13.19,102.0,-0.0380815245698356,0.0380815245698356,0.02490851769663027,0.02220611069742548,0.027812710417688208,2.6200008392333984,-2.1400000000000006,14,400,-2.418521097797563,-3.064285714285714,-10.0,5,6,3,0,1,"110,95","147,47",79.08,0.0021587683783580933,-0.3899993896484375,0
2016-12-15,50.9,51.72,33.58000183105469,12.79,103.12999725341795,-0.0021587683783580933,0.0021587683783580933,0.02347998194616475,0.019545013345598498,0.02773097347118534,-0.3899993896484375,-0.8200000000000003,26,898,-4.745116661556088,-4.93076923076923,-10.0,12,7,10,0,1,"108,93","118,47",98.82,0.02003373429975056,-4.400001525878906,0
2016-12-16,51.93,54.15,29.18000030517578,12.2,102.9499969482422,0.02003373429975056,0.02003373429975056,0.02460824967796822,0.020257059216083416,0.027812669479816476,-4.400001525878906,-2.219999999999999,15,475,-0.8316662063550057,-2.453333333333333,-9.5,5,6,1,0,1,"107,92","74,84",140.46,0.003843940923787142,0.049999237060546875,0
2016-12-19,52.13,53.53,29.229999542236328,11.71,103.13999938964844,0.003843940923787142,0.003843940923787142,0.021600259935356855,0.020285457110256557,0.027820119816032742,0.049999237060546875,-1.3999999999999986,24,780,-5.5343546129837025,-8.941666666666666,-10.0,18,0,15,0,1,"85,88","97,85",61.21,0.0017249644909681692,-1.7999992370605469,0
2016-12-20,52.22,54.56,27.43000030517578,11.45,103.29000091552734,0.0017249644909681692,0.0017249644909681692,0.021395750222591572,0.01951380127676163,0.02680143980359126,-1.7999992370605469,-2.3400000000000034,23,765,-4.565788327774924,-3.9,-10.0,9,8,7,0,1,"114,64","120,30",130.45,0.015049483341618866,0.9599990844726598,0
2016-12-21,51.44,53.01,28.38999938964844,11.27,103.0199966430664,-0.015049483341618866,0.015049483341618866,0.01261106631211434,0.018676291314092507,0.02709164233612341,0.9599990844726598,-1.5700000000000003,36,1280,-3.623712799197964,-4.050000000000001,-10.0,19,13,8,0,1,"195,18","311,33",111.29,0.010442949283980327,1.9000015258789027,1
2016-12-22,51.98,54.04,30.290000915527344,11.43,103.08999633789062,0.010442949283980327,0.010442949283980327,0.012908105422177943,0.017984514410796452,0.02605989486301643,1.9000015258789027,-2.0600000000000023,26,959,-3.1490713878801007,-5.75,-10.0,16,5,10,0,1,"125,22","147,53",123.05,0.0005769785716369744,-0.3900012969970632,0
2016-12-23,52.01,53.93,29.89999961853028,11.44,103.01000213623048,0.0005769785716369744,0.0005769785716369744,0.009396176184352876,0.017574437641541332,0.02605399752212555,-0.3900012969970632,-1.9200000000000017,17,487,-5.183119548931432,-4.011764705882353,-9.5,3,5,2,0,1,"182,84","246,61",134.15,0.015453899084005141,0.10000038146971946,0
2016-12-27,52.82,,30.0,11.99,103.0199966430664,0.015453899084005141,0.015453899084005141,0.011652174492552255,0.016569036596264047,0.025260606378399907,0.10000038146971946,,13,331,-8.029271029799865,-6.607692307692308,-10.0,9,1,5,0,1,"90,87","82,35",82.43,0.02227930773581355,-0.09000015258789062,0
2016-12-28,54.01,54.95,29.90999984741211,12.95,103.26000213623048,0.02227930773581355,0.02227930773581355,0.014524792341966197,0.01797739028578807,0.025198914451905634,-0.09000015258789062,-0.9400000000000048,8,198,-4.439378340160726,-2.1375,-10.0,1,3,1,0,1,"127,41","160,44",122.67,0.003895747437061065,0.10000038146973012,0
2016-12-29,53.8,54.97,30.01000022888184,13.37,102.68000030517578,-0.003895747437061065,0.003895747437061065,0.010692502679778271,0.011673471633142966,0.017301191144954993,0.10000038146973012,-1.1700000000000017,29,598,-3.95982480525668,-3.596551724137931,-10.0,10,9,3,0,1,"98,78","91,91",109.52,0.0009298001599665276,0.8199996948242116,0
2016-12-30,53.75,54.96,30.82999992370605,14.04,102.38999938964844,-0.0009298001599665276,0.0009298001599665276,0.01148173154563203,0.011592112850263516,0.01592040164982985,0.8199996948242116,-1.2100000000000009,17,554,-6.573286828762484,-3.841176470588235,-10.0,9,5,1,0,1,"206,67","247,24",196.4,0.02620072596607297,2.0500011444091832,1
2017-01-03,52.36,55.05,32.880001068115234,12.85,103.20999908447266,-0.02620072596607297,0.02620072596607297,0.018899162527237563,0.014081257346868084,0.01698047970049165,2.0500011444091832,-2.6899999999999977,8,152,-4.175751444365702,0.6125000000000002,-9.2,1,5,0,0,1,"121,97","89,60",138.79,0.017042639344086872,-0.5200004577636719,0
2017-01-04,53.26,54.57,32.36000061035156,11.85,102.6999969482422,0.017042639344086872,0.017042639344086872,0.019206606199172152,0.014985264411102516,0.017371634412560257,-0.5200004577636719,-1.3100000000000023,20,751,-5.895313861246931,-5.555,-10.0,10,4,1,0,1,"108,89","91,42",114.37,0.009530110435800543,-0.8000011444091797,0
2017-01-05,53.77,54.99,31.559999465942383,11.67,101.5199966430664,0.009530110435800543,0.009530110435800543,0.016430362165011175,0.015163195848625206,0.017010012638884683,-0.8000011444091797,-1.2199999999999989,24,938,-5.129529578156253,-5.491666666666667,-10.0,9,4,4,0,1,"68,14","62,70",87.17,0.003897916768271674,-1.0900001525878942,0
2017-01-06,53.98,55.9,30.46999931335449,11.32,102.22000122070312,0.003897916768271674,0.003897916768271674,0.016443688589717044,0.013789151171566557,0.0160010079151022,-1.0900001525878942,-1.9200000000000017,28,876,-5.5226814710079815,-3.3428571428571425,-10.0,11,10,5,0,1,"129,06","95,31",135.14,0.03833189004462205,3.2600002288818395,1
2017-01-09,51.95,54.39,33.72999954223633,11.56,101.93000030517578,-0.03833189004462205,0.03833189004462205,0.024084418568693474,0.01915959769154947,0.018123380060008746,3.2600002288818395,-2.4399999999999977,28,1176,-3.8568491893687766,-0.04642857142857145,-10.0,8,17,7,0,1,"161,03","217,86",114.77,0.02199173965321845,-0.11999893188476562,0
2017-01-10,50.82,53.2,33.61000061035156,11.49,102.01000213623048,-0.02199173965321845,0.02199173965321845,0.023298062373662224,0.020367661789427872,0.018591359724286632,-0.11999893188476562,-2.3800000000000026,22,586,-3.779292608788632,-0.568181818181818,-10.0,7,11,2,0,1,"66,47","44,18",82.91,0.02660092776330385,-0.6599998474121094,0
2017-01-11,52.19,53.61,32.95000076293945,11.26,101.77999877929688,0.02660092776330385,0.02660092776330385,0.025904737794486026,0.021709028968648604,0.01880854593685477,-0.6599998474121094,-1.4200000000000017,20,602,-2.6844895446487422,-3.405,-10.0,8,7,5,0,1,"137,61","166,59",130.78,0.0155896693443929,-0.5800018310546875,0
2017-01-12,53.01,54.51,32.369998931884766,11.54,101.3499984741211,0.0155896693443929,0.0155896693443929,0.026824818760542855,0.02099650437551376,0.019122360087107777,-0.5800018310546875,-1.5,34,1085,-2.3937599103538183,-4.291176470588235,-10.0,16,8,9,0,1,"129,81","95,86",167.91,0.012337633958015546,-1.6399993896484375,0
2017-01-13,52.36,54.37,30.729999542236328,11.23,101.18000030517578,-0.012337633958015546,0.012337633958015546,0.026786855280193363,0.021255166973777957,0.01719169671988987,-1.6399993896484375,-2.009999999999998,17,655,-1.1265227625915257,-1.9352941176470588,-10.0,3,7,3,0,1,"127,04","103,20",140.86,0.0017173938006070557,0.5200004577636719,0
2017-01-17,52.45,54.68,31.25,11.87,100.33000183105467,0.0017173938006070557,0.0017173938006070557,0.019818554642017535,0.02129628869668411,0.01717241851460208,0.5200004577636719,-2.229999999999997,28,823,-4.717842343585089,-5.003571428571428,-10.0,12,5,10,0,1,"100,72","122,72",102.36,0.025684524773026882,-0.010000228881835938,0
2017-01-18,51.12,53.77,31.239999771118164,12.48,100.93000030517578,-0.025684524773026882,0.025684524773026882,0.020967713335130263,0.021232849289687276,0.01761268454302644,-0.010000228881835938,-2.6500000000000057,21,622,-4.061587911054898,-5.228571428571429,-10.0,9,3,6,0,1,"102,50","120,76",85.23,0.005267790934859026,-0.3600006103515625,0
2017-01-19,51.39,53.18,30.8799991607666,12.78,101.1500015258789,0.005267790934859026,0.005267790934859026,0.01610842196933139,0.020342884352031153,0.017635247695611367,-0.3600006103515625,-1.7899999999999991,26,832,-6.13950564407749,-3.4076923076923076,-9.2,9,9,4,0,1,"125,67","120,27",167.19,0.018126219379978145,-1.6899986267089844,0
2017-01-20,52.33,55.04,29.190000534057617,11.54,100.73999786376952,0.018126219379978145,0.018126219379978145,0.016865893093460847,0.021124741678274866,0.018129099033136305,-1.6899986267089844,-2.710000000000001,20,737,-4.068678227582952,-1.405,-10.0,5,9,3,0,1,"104,66","63,51",136.21,0.008373027033460169,1.6000003814697266,1
2017-01-23,52.77,54.8,30.790000915527344,11.77,100.16000366210938,0.008373027033460169,0.008373027033460169,0.016408028358364884,0.02132682118532423,0.01785302810544953,1.6000003814697266,-2.029999999999994,16,392,-2.821522708846832,-2.1625,-10.0,3,7,3,0,1,"111,45","111,11",102.97,0.007418008338010695,-1.2000007629394531,0
2017-01-24,52.38,54.7,29.59000015258789,11.07,100.3499984741211,-0.007418008338010695,0.007418008338010695,0.016887732106325652,0.017396660604083024,0.017817046623026748,-1.2000007629394531,-2.3200000000000003,18,470,-2.7257088189065755,-4.355555555555556,-7.5,5,3,0,0,1,"96,98","132,30",67.91,0.0045924305742101506,0.8199996948242188,0
2017-01-25,52.14,54.34,30.40999984741211,10.81,100.02999877929688,-0.0045924305742101506,0.0045924305742101506,0.010301330763260414,0.01564285242407988,0.017851551609548794,0.8199996948242188,-2.200000000000003,28,773,-4.623097751004746,-7.064285714285715,-10.0,23,3,15,0,1,"104,38","131,44",82.22,0.02087758502155518,-0.8199996948242188,0
2017-01-26,53.24,55.89,29.59000015258789,10.63,100.37999725341795,0.02087758502155518,0.02087758502155518,0.012850115654276953,0.014744603927199968,0.018135608727071678,-0.8199996948242188,-2.6499999999999986,44,1282,-3.1761720384315444,-6.122727272727272,-10.0,16,6,7,0,1,"111,43","111,09",109.51,0.0011276077120371453,0.1900005340576172,0
2017-01-27,53.18,54.8,29.780000686645508,10.58,100.52999877929688,-0.0011276077120371453,0.0011276077120371453,0.011526566601954835,0.0139583334747413,0.017388977173133684,0.1900005340576172,-1.6199999999999974,25,687,-2.6519008584471955,-3.532,-10.0,9,7,3,0,1,"119,16","95,03",126.83,0.010396086449186095,1.1599998474121094,0
2017-01-30,52.63,54.77,30.940000534057617,11.88,100.43000030517578,-0.010396086449186095,0.010396086449186095,0.012449191597396861,0.01377500477140646,0.017510712655992154,1.1599998474121094,-2.1400000000000006,24,540,-3.5961694256242236,-4.5625,-10.0,14,5,4,0,1,"166,49","217,49",95.48,0.0022774729904883055,0.38999938964843395,0
2017-01-31,52.75,55.25,31.32999992370605,11.99,99.51000213623048,0.0022774729904883055,0.0022774729904883055,0.01184896255385128,0.01378157684641956,0.017527025758465282,0.38999938964843395,-2.5,16,401,-1.8309409640189265,-5.29375,-10.0,8,3,4,0,1,"188,69","198,56",183.05,0.021566705558775486,-0.6800003051757706,0
2017-02-01,53.9,55.79,30.64999961853028,11.81,99.63999938964844,0.021566705558775486,0.021566705558775486,0.014098856144381926,0.011726740356455545,0.01715410202866514,-0.6800003051757706,-1.8900000000000006,4,128,-6.497240342683866,-8.225,-10.0,3,0,1,0,1,"150,57","200,14",125.2,0.006514681021193754,-1.2600002288818395,0
2017-02-02,53.55,55.94,29.38999938964844,11.93,99.8499984741211,-0.006514681021193754,0.006514681021193754,0.012403219166344574,0.012307378614253479,0.016832815893078484,-1.2600002288818395,-2.3900000000000006,17,375,-4.095461170739278,-4.888235294117647,-7.2,2,2,0,0,1,"166,10","132,47",189.42,0.004843526607570706,-1.279998779296882,0
2017-02-03,53.81,55.92,28.11000061035156,10.97,99.87000274658205,0.004843526607570706,0.004843526607570706,0.01241521095161375,0.011303276659659493,0.016729447068414834,-1.279998779296882,-2.1099999999999994,23,652,-3.3859110470622973,-0.07391304347826091,-9.0,5,14,1,0,1,"184,03","100,91",252.5,0.014978748501613588,1.2600002288818395,0
2017-02-06,53.01,55.02,29.3700008392334,11.37,99.91000366210938,-0.014978748501613588,0.014978748501613588,0.013695089238321674,0.012382134241749247,0.017029958189146616,1.2600002288818395,-2.010000000000005,19,563,-5.254654428704944,-4.521052631578947,-10.0,10,5,3,0,1,"83,56","47,60",109.19,0.01558966934439289,0.2399997711181605,0
2017-02-07,52.19,53.79,29.61000061035156,11.29,100.26000213623048,-0.01558966934439289,0.01558966934439289,0.015617636566429532,0.013201871617896484,0.015042837342991194,0.2399997711181605,-1.6000000000000014,6,116,-1.881840342997642,-1.7333333333333334,-7.2,2,3,0,0,1,"184,34","167,07",195.09,0.0034430026360744367,-0.5200004577636683,0
2017-02-08,52.37,54.42,29.09000015258789,11.45,100.27999877929688,0.0034430026360744367,0.0034430026360744367,0.009737906583082852,0.013160343644991418,0.0141115856628195,-0.5200004577636683,-2.0500000000000043,12,442,-3.053653796484397,-2.2666666666666666,-9.2,4,5,0,0,1,"101,93","90,32",103.59,0.011769308213274468,-0.8400001525878906,0
2017-02-09,52.99,53.98,28.25,10.88,100.6500015258789,0.011769308213274468,0.011769308213274468,0.012441146054765113,0.011837402155963678,0.013074822277219395,-0.8400001525878906,-0.9899999999999949,14,459,-4.862250710558431,-0.7499999999999999,-9.2,5,7,0,0,1,"92,30","112,46",76.75,0.015913468831801596,-1.8199996948242188,0
2017-02-10,53.84,55.2,26.43000030517578,10.85,100.8000030517578,0.015913468831801596,0.015913468831801596,0.014755913558052018,0.012910313189468395,0.013094336778845838,-1.8199996948242188,-1.3599999999999994,34,1178,-4.215110382033668,-1.5941176470588234,-10.0,13,16,6,0,1,"212,41","221,84",185.04,0.01647977370771965,0.5599994659423828,0
2017-02-13,52.96,54.15,26.989999771118164,11.07,100.95999908447266,-0.01647977370771965,0.01647977370771965,0.01514968650538177,0.013641833075558777,0.01334307349504129,0.5599994659423828,-1.1899999999999977,16,514,-3.4013295808145365,-5.3875,-10.0,4,3,2,0,1,"132,02","71,79",169.66,0.004709436979525071,0.5,0
2017-02-14,53.21,54.96,27.489999771118164,10.74,101.25,0.004709436979525071,0.004709436979525071,0.012474418593390576,0.013696133690949918,0.01337335766496866,0.5,-1.75,26,913,-3.540817685521888,-4.2615384615384615,-9.5,6,5,2,0,1,"185,85","87,19",272.72,0.0018811141739701399,0.26000022888183594,0
2017-02-15,53.11,54.57,27.75,11.97,101.18000030517578,-0.0018811141739701399,0.0018811141739701399,0.012744408696280171,0.011606559333856787,0.011875133794536577,0.26000022888183594,-1.4600000000000009,34,1660,-1.30305247465164,-3.5176470588235293,-10.0,14,10,5,0,1,"118,86","92,73",128.92,0.005632759917371033,-0.37999916076660156,0
2017-02-16,53.41,54.16,27.3700008392334,11.76,100.44000244140624,0.005632759917371033,0.005632759917371033,0.011935255545588523,0.011656246985587789,0.011880845170682526,-0.37999916076660156,-0.75,20,711,-1.7386196455994571,-2.29,-10.0,6,10,5,0,1,"127,41","91,45",161.03,0.0,-2.0799999237060547,0
2017-02-17,53.41,54.48,25.290000915527344,11.49,100.9499969482422,0.0,0.0,0.00889056286072603,0.011520374414488275,0.011255014966791176,-2.0799999237060547,-1.0700000000000003,22,610,-3.7073838192183683,-2.0454545454545454,-9.5,7,9,1,0,1,"88,52","65,03",100.73,0.011356354012790622,0.5,0
2017-02-21,54.02,56.34,25.790000915527344,11.57,101.37000274658205,0.011356354012790622,0.011356354012790622,0.00519292759903696,0.010898625401626102,0.01137668823022041,0.5,-2.3200000000000003,18,636,-5.478802726713247,-5.455555555555556,-10.0,2,2,1,0,1,"139,23","104,10",164.02,0.007618730525023172,1.2999992370605469,0
2017-02-22,53.61,54.9,27.09000015258789,11.74,101.33000183105467,-0.007618730525023172,0.007618730525023172,0.007263961993561111,0.009704441481597248,0.011384749217293218,1.2999992370605469,-1.2899999999999991,23,735,-4.075812802273651,-6.465217391304347,-10.0,12,3,11,0,1,"95,25","84,41",88.0,0.016098044001810478,-1.2999992370605469,0
2017-02-23,54.48,55.82,25.790000915527344,11.71,101.0500030517578,0.016098044001810478,0.016098044001810478,0.009329505310185206,0.010598318618927752,0.011768077678029653,-1.2999992370605469,-1.3400000000000034,15,923,-2.2004910450527464,-7.466666666666667,-10.0,10,1,8,0,1,"59,78","69,52",41.42,0.009034817611061188,-0.07000160217285512,0
2017-02-24,53.99,54.69,25.71999931335449,11.47,101.08999633789062,-0.009034817611061188,0.009034817611061188,0.0112300390650083,0.010929577275680873,0.011153478028335616,-0.07000160217285512,-0.6999999999999957,27,829,-3.297892792112104,-2.0037037037037035,-9.5,7,13,2,0,1,"90,82","85,78",87.44,0.0009256688618023623,-0.7099990844726491,0
2017-02-27,54.04,54.65,25.01000022888184,12.09,101.12999725341795,0.0009256688618023623,0.0009256688618023623,0.01119309380504783,0.009754185189191491,0.011145222339529434,-0.7099990844726491,-0.6099999999999994,11,349,-7.852293991394453,-5.5636363636363635,-7.2,3,1,0,0,1,"81,36","92,70",67.65,0.000740466527723695,0.44999885559081676,0
2017-02-28,54.0,53.36,25.459999084472656,12.92,101.12000274658205,-0.000740466527723695,0.000740466527723695,0.01000247136459309,0.007808956399992408,0.010839552568930991,0.44999885559081676,0.6400000000000006,19,859,-3.339372430157745,-2.5736842105263156,-7.2,6,6,0,0,1,"69,57","106,70",53.4,0.0033389012655145986,-0.7899990081787109,0
2017-03-01,53.82,55.72,24.670000076293945,12.54,101.77999877929688,-0.0033389012655145986,0.0033389012655145986,0.009357770623118185,0.007906491809691876,0.010885139822198376,-0.7899990081787109,-1.8999999999999986,10,248,-3.8402768738156947,-2.13,-9.0,2,4,0,0,1,"130,10","129,70",124.83,0.022358845933072094,1.2700004577636719,0
2017-03-02,52.63,54.16,25.940000534057617,11.81,102.1999969482422,-0.022358845933072094,0.022358845933072094,0.009425965270219723,0.010871693448558855,0.010949093082500156,1.2700004577636719,-1.529999999999994,16,510,-4.758213426455019,-0.8,-9.2,2,8,0,0,1,"114,54","91,35",121.91,0.013212725246823117,-0.35000038146972656,0
2017-03-03,53.33,54.12,25.59000015258789,10.96,101.54000091552734,0.013212725246823117,0.013212725246823117,0.012813961161196465,0.011617083231585957,0.011326459563735135,-0.35000038146972656,-0.7899999999999991,13,449,-1.981403853342969,-2.0153846153846153,-10.0,4,6,4,0,1,"64,77","64,57",69.25,0.0026286158582846794,1.3699989318847656,1
2017-03-06,53.19,54.73,26.959999084472656,11.24,101.63999938964844,-0.0026286158582846794,0.0026286158582846794,0.01267704370807964,0.011643024718489658,0.011274253747066918,1.3699989318847656,-1.5399999999999991,17,620,-3.8616272160277436,-4.570588235294117,-9.5,11,3,2,0,1,"117,26","140,28",126.76,0.009634531879145888,-0.5,0
2017-03-07,52.68,54.61,26.459999084472656,11.45,101.80999755859376,-0.009634531879145888,0.009634531879145888,0.012873245577897282,0.011167948109134102,0.010974357158693729,-0.5,-1.9299999999999997,21,538,-3.146693198539122,-1.7142857142857142,-10.0,6,10,5,0,1,"141,89","152,33",127.06,0.05561866458176707,5.280000686645508,1
2017-03-08,49.83,53.3,31.739999771118164,11.86,102.06999969482422,-0.05561866458176707,0.05561866458176707,0.025889202783247193,0.02023847276241863,0.016276523169635283,5.280000686645508,-3.469999999999999,22,621,-3.875938805155861,-4.495454545454546,-10.0,12,7,8,0,1,"111,12","63,30",149.61,0.021912014849457002,0.23999977111816406,0
2017-03-09,48.75,50.65,31.979999542236328,12.3,101.8499984741211,-0.021912014849457002,0.021912014849457002,0.025859955262037247,0.01887687578583175,0.016784062263030888,0.23999977111816406,-1.8999999999999986,30,830,-3.507914947947681,-3.0633333333333335,-7.5,8,10,0,0,1,"123,04","75,48",141.66,0.0144630620275547,1.470001220703125,1
2017-03-10,48.05,50.63,33.45000076293945,11.66,101.25,-0.0144630620275547,0.0144630620275547,0.02066752552146352,0.018888524181602924,0.016544593287020102,1.470001220703125,-2.5800000000000054,16,423,-3.4932280388184926,-5.725,-9.5,5,2,1,0,1,"71,80","57,27",79.61,0.0020833340868541403,-1.0600013732910156,0
2017-03-13,47.95,50.1,32.38999938964844,11.35,101.37999725341795,-0.0020833340868541403,0.0020833340868541403,0.020788803418885456,0.01868874059109412,0.015827252744856832,-1.0600013732910156,-2.1499999999999986,30,885,-3.6855885182594963,-3.02,-9.0,7,10,1,0,1,"78,47","67,05",93.22,0.014917810000285676,0.7999992370605469,0
2017-03-14,47.24,49.6,33.189998626708984,12.3,101.6999969482422,-0.014917810000285676,0.014917810000285676,0.02020925981402651,0.01827654674719951,0.015775512949808102,0.7999992370605469,-2.3599999999999994,17,384,-4.494563417437425,-3.588235294117647,-10.0,10,6,3,0,1,"59,83","43,38",72.37,0.02301838394617549,-3.1099987030029332,0
2017-03-15,48.34,50.63,30.07999992370605,11.63,100.73999786376952,0.02301838394617549,0.02301838394617549,0.01776037893676066,0.021500742387352615,0.016903191053399422,-3.1099987030029332,-2.289999999999999,21,1147,-5.211719711982672,-3.4857142857142858,-10.0,11,7,7,0,1,"95,86","127,42",70.86,0.000827814616810044,-1.4500007629394496,0
2017-03-16,48.3,50.56,28.6299991607666,11.21,100.2699966430664,-0.000827814616810044,0.000827814616810044,0.015406108431585384,0.02128476591093974,0.01691439904516677,-1.4500007629394496,-2.260000000000005,24,1141,-5.223881765948062,-1.0,-9.0,7,10,1,0,1,"80,58","62,48",81.89,0.000827814616810188,-1.1799983978271484,0
2017-03-17,48.34,50.58,27.450000762939453,11.28,100.3000030517578,0.000827814616810188,0.000827814616810188,0.013700880031871886,0.02020858248149283,0.016792900775942313,-1.1799983978271484,-2.239999999999995,27,908,-5.631498699233994,-3.4,-9.5,9,9,5,0,1,"97,04","87,95",95.36,0.011442962685270236,0.6599998474121058,0
2017-03-20,47.79,50.67,28.11000061035156,11.34,100.41000366210938,-0.011442962685270236,0.011442962685270236,0.014853153632286545,0.020051489519637675,0.01680897725147394,0.6599998474121058,-2.8800000000000026,13,538,-3.834801529868594,-5.7846153846153845,-10.0,11,2,4,0,1,"140,57","134,04",121.97,0.016243369478143265,2.45999908447266,1
2017-03-21,47.02,50.14,30.56999969482422,12.47,99.80999755859376,-0.016243369478143265,0.016243369478143265,0.015179320245661078,0.020121063498077327,0.016476821927660968,2.45999908447266,-3.1199999999999974,11,453,-1.9925092241439377,-1.6818181818181819,-7.0,4,5,0,0,0,"81,22","46,27",106.13,0.00572581354386092,-0.5200004577636719,0
2017-03-22,47.29,49.56,30.049999237060547,12.81,99.68000030517578,0.00572581354386092,0.00572581354386092,0.009117168779707295,0.013338610629665749,0.016716302983638055,-0.5200004577636719,-2.270000000000003,18,1535,-5.274735930302443,-2.5555555555555554,-10.0,4,6,4,0,1,"156,50","124,81",199.54,0.006151254945725855,-0.2599983215332031,0
2017-03-23,47.0,50.17,29.790000915527344,13.12,99.76000213623048,-0.006151254945725855,0.006151254945725855,0.00890524731584968,0.0120140824659642,0.015868061724663013,-0.2599983215332031,-3.1700000000000017,15,415,-3.665977982586487,-3.82,-9.5,2,4,2,0,1,"131,19","158,81",101.3,0.00636269378782865,1.1999988555908203,0
2017-03-24,47.3,49.97,30.989999771118164,12.96,99.62999725341795,0.00636269378782865,0.00636269378782865,0.010140151665172785,0.01173429924233223,0.016154702475876803,1.1999988555908203,-2.6700000000000017,26,1085,-4.090041839951041,-4.753846153846154,-10.0,8,5,6,0,1,"177,37","258,07",79.73,0.005937252385963742,-0.20999908447265625,0
2017-03-27,47.02,50.12,30.780000686645508,12.5,99.16999816894533,-0.005937252385963742,0.005937252385963742,0.009452980454352089,0.011815919485455507,0.016058715225294597,-0.20999908447265625,-3.0999999999999943,19,714,-5.305768395970227,-3.8526315789473684,-10.0,5,5,1,0,1,"116,55","122,31",122.42,0.02809998263466849,-0.8600006103515625,1
2017-03-28,48.36,50.72,29.920000076293945,11.53,99.70999908447266,0.02809998263466849,0.02809998263466849,0.013946728429398843,0.014169865196749652,0.01784222609228172,-0.8600006103515625,-2.3599999999999994,13,337,-3.7574779936591716,-6.907692307692307,-10.0,3,0,2,0,1,"87,33","104,47",77.46,0.022693399493025214,-1.3799991607666016,0
2017-03-29,49.47,51.36,28.540000915527344,11.42,100.0,0.022693399493025214,0.022693399493025214,0.015905620331714696,0.014117453918197192,0.018926003635314267,-1.3799991607666016,-1.8900000000000006,13,479,-4.412868673590833,-4.861538461538462,-10.0,4,3,2,0,1,"93,54","76,80",100.66,0.01663865186607624,-0.720001220703125,0
2017-03-30,50.3,52.25,27.81999969482422,11.54,100.41000366210938,0.01663865186607624,0.01663865186607624,0.013566978157069887,0.014752229802036306,0.018967050489576434,-0.720001220703125,-1.9500000000000028,15,522,-5.233119079667999,-3.0933333333333333,-10.0,8,7,4,0,1,"75,63","70,37",83.85,0.004760024854354749,-0.22999954223632812,0
2017-03-31,50.54,52.2,27.59000015258789,12.37,100.3499984741211,0.004760024854354749,0.004760024854354749,0.013796857134690171,0.014708924613907375,0.018696278185301785,-0.22999954223632812,-1.6600000000000037,15,467,-5.690904260354253,-2.106666666666667,-10.0,6,7,3,0,1,"118,14","141,33",78.59,0.005754555020863059,-0.7000007629394496,0
2017-04-03,50.25,52.04,26.88999938964844,12.38,100.54000091552734,-0.005754555020863059,0.005754555020863059,0.013733430904929697,0.014124354603221236,0.018708828976433216,-0.7000007629394496,-1.7899999999999991,22,927,-5.626247978271222,-4.195454545454545,-10.0,14,7,5,0,1,"79,89","49,01",91.99,0.014618988127879285,1.0799999237060476,0
2017-04-04,50.99,53.08,27.96999931335449,11.79,100.54000091552734,0.014618988127879285,0.014618988127879285,0.01118530614884927,0.012203250577866455,0.01902874484763032,1.0799999237060476,-2.0899999999999963,27,839,-4.704801441115935,-7.622222222222223,-10.0,17,1,11,0,1,"150,57","122,31",176.21,0.002937434795976184,-0.2399997711181605,0
2017-04-05,51.14,53.41,27.729999542236328,12.89,100.55999755859376,0.002937434795976184,0.002937434795976184,0.009144746858551994,0.012295180802711676,0.014169001251394406,-0.2399997711181605,-2.269999999999996,21,538,-4.256967247534544,-5.780952380952381,-10.0,10,3,5,0,1,"125,20","41,60",173.51,0.010697369344907236,-0.9399986267089844,0
2017-04-06,51.69,53.62,26.790000915527344,12.39,100.66999816894533,0.010697369344907236,0.010697369344907236,0.0078092303397225065,0.011279329134475847,0.013200796408602094,-0.9399986267089844,-1.9299999999999997,30,743,-8.3661220328923,-4.319999999999999,-10.0,10,8,9,0,1,"124,10","171,30",63.5,0.01077555163697258,0.6699981689453125,0
2017-04-07,52.25,54.24,27.459999084472656,12.87,101.18000030517578,0.01077555163697258,0.01077555163697258,0.00813268328209815,0.011228650718327302,0.012645463725732808,0.6699981689453125,-1.990000000000002,18,465,-4.836387642202219,-3.572222222222222,-9.2,3,5,0,0,1,"143,82","185,01",131.17,0.015383457864673284,-0.75,0
2017-04-10,53.06,54.79,26.709999084472656,14.05,101.0199966430664,0.015383457864673284,0.015383457864673284,0.004934311948466604,0.009810864619597695,0.012791723396981569,-0.75,-1.7299999999999969,19,535,-5.777694903962857,-5.842105263157895,-10.0,8,3,4,0,1,"134,96","159,00",122.42,0.006012795266784412,0.5600013732910156,0
2017-04-11,53.38,54.73,27.270000457763672,15.07,100.70999908447266,0.006012795266784412,0.006012795266784412,0.00480442884231057,0.008150572905332186,0.011895799512587667,0.5600013732910156,-1.3499999999999943,20,533,-3.5756980125653564,-5.9799999999999995,-10.0,9,2,2,0,1,"97,26","91,26",114.18,0.004882638808199751,-0.35000038146972656,0
2017-04-12,53.12,54.75,26.920000076293945,15.77,100.77999877929688,-0.004882638808199751,0.004882638808199751,0.00772326834330028,0.007995774208355691,0.01143562912677823,-0.35000038146972656,-1.6300000000000026,22,700,-4.207690809697848,-5.695454545454545,-10.0,10,3,2,0,1,"171,34","193,59",189.97,0.0013169035860477341,-0.8999996185302734,0
2017-04-13,53.19,55.05,26.020000457763672,15.96,100.55999755859376,0.0013169035860477341,0.0013169035860477341,0.00791880593404831,0.007415806337434473,0.011390887841431644,-0.8999996185302734,-1.8599999999999994,12,338,-4.904820703631502,-1.4249999999999998,-10.0,4,6,3,0,1,"156,75","187,52",147.72,0.010774133142079522,-0.220001220703125,0
2017-04-17,52.62,54.79,25.799999237060547,14.66,100.3000030517578,-0.010774133142079522,0.010774133142079522,0.010056121411202006,0.009054188301938654,0.011889509853542635,-0.220001220703125,-2.1700000000000017,10,227,-4.289129574822528,-7.12,-10.0,7,0,2,0,1,"111,51","91,55",109.09,0.00304530117341905,1.0799999237060547,0
2017-04-18,52.46,52.6,26.8799991607666,14.42,99.5,-0.00304530117341905,0.00304530117341905,0.006348577175148911,0.00876467914664426,0.011446469732939502,1.0799999237060547,-0.14000000000000057,19,746,-2.734014682964623,-2.057894736842105,-9.2,7,7,0,0,1,"106,67","59,08",137.97,0.038275677567903205,2.9300003051757812,1
2017-04-19,50.49,52.43,29.809999465942383,14.93,99.73999786376952,-0.038275677567903205,0.038275677567903205,0.015782361310707548,0.015341397601055762,0.014275002604869809,2.9300003051757812,-1.9399999999999977,29,758,-3.7795844320198246,-1.3344827586206895,-10.0,4,12,3,0,1,"152,97","136,72",175.45,0.0045657647553782625,-1.8500003814697266,0
2017-04-20,50.26,50.66,27.959999084472656,14.15,99.77999877929688,-0.0045657647553782625,0.0045657647553782625,0.015814334238960594,0.0153116750819273,0.014377947446741384,-1.8500003814697266,-0.3999999999999986,30,933,-2.8802884882518915,-3.6599999999999997,-9.2,13,8,1,0,1,"178,77","73,39",279.82,0.012412571779039615,2.1000003814697266,1
2017-04-21,49.64,49.93,30.059999465942383,14.63,99.9800033569336,-0.012412571779039615,0.012412571779039615,0.014239673347619178,0.014966748184046547,0.014654250295859794,2.1000003814697266,-0.28999999999999915,28,849,-4.384238798417769,-5.814285714285715,-10.0,9,3,3,0,1,"130,76","86,90",154.03,0.01501956385558018,-0.18000030517578125,0
2017-04-24,48.9,49.45,29.8799991607666,10.84,99.08999633789062,-0.01501956385558018,0.01501956385558018,0.014139264385810396,0.014337967489272288,0.015147155419309652,-0.18000030517578125,-0.5500000000000043,12,264,-6.512750188787168,-7.708333333333333,-10.0,8,0,3,0,1,"142,73","118,58",158.25,0.006522648482083573,-0.4899997711181605,0
2017-04-25,49.22,49.37,29.38999938964844,10.76,98.81999969482422,0.006522648482083573,0.006522648482083573,0.01654721788609705,0.013041858730049089,0.015074151929431973,-0.4899997711181605,-0.14999999999999858,19,489,-5.438138337837687,-2.8210526315789473,-10.0,10,7,7,0,1,"61,82","61,63",51.41,0.0,-0.0699996948242223,0
2017-04-26,49.22,49.99,29.31999969482422,10.85,98.95999908447266,0.0,0.0,0.008849473086709577,0.01247531529577097,0.01379697600727872,-0.0699996948242223,-0.7700000000000031,25,673,-4.4977646504733375,-5.684,-10.0,12,3,1,0,1,"92,16","61,25",102.18,0.0052964067588391495,0.5599994659423828,0
2017-04-27,48.96,49.46,29.8799991607666,10.36,99.08000183105467,-0.0052964067588391495,0.0052964067588391495,0.008844579261031854,0.012464089593306665,0.012855476323410364,0.5599994659423828,-0.5,25,612,-4.819083208235951,-4.908,-10.0,10,4,5,0,1,"104,50","93,76",104.27,0.007123262031964186,-1.3299999237060547,0
2017-04-28,49.31,49.46,28.549999237060547,10.82,99.0500030517578,0.007123262031964186,0.007123262031964186,0.00919275649377337,0.013074651316160903,0.012353372768862928,-1.3299999237060547,-0.14999999999999858,37,1150,-5.494884662107171,-5.205405405405405,-10.0,18,5,3,0,1,"126,36","116,98",142.6,0.009782022162465953,0.8700008392333984,0
2017-05-01,48.83,50.41,29.420000076293945,10.11,99.13999938964844,-0.009782022162465953,0.009782022162465953,0.0073589276654527245,0.013051416870056225,0.012424636355367766,0.8700008392333984,-1.5799999999999983,25,1091,-7.113520330020996,-6.547999999999999,-9.0,11,2,1,0,1,"126,25","95,89",149.97,0.024462247973357713,2.809999465942383,1
2017-05-02,47.65,49.31,32.22999954223633,10.59,98.9800033569336,-0.024462247973357713,0.024462247973357713,0.011860697310361238,0.01396871566367349,0.013409453986997433,2.809999465942383,-1.6600000000000037,9,409,-6.781984648858791,-5.377777777777777,-10.0,3,1,1,0,1,"126,74","103,38",143.71,0.0029337824898557742,0.5699996948242188,0
2017-05-03,47.79,48.82,32.79999923706055,10.68,99.20999908447266,0.0029337824898557742,0.0029337824898557742,0.012325101258676325,0.010124183869391836,0.012860465059313956,0.5699996948242188,-1.0300000000000011,28,805,-3.3721573006799894,-3.382142857142857,-10.0,8,9,3,0,1,"109,72","31,25",165.1,0.04800578888409961,1.8699989318847656,1
2017-05-04,45.55,47.53,34.66999816894531,10.46,98.76000213623048,-0.04800578888409961,0.04800578888409961,0.022447867232160836,0.01679951992798023,0.0161871088588844,1.8699989318847656,-1.980000000000004,19,768,-3.7688030211099317,-3.7052631578947373,-10.0,3,5,2,0,1,"95,95","127,54",60.79,0.01481831429416678,-0.839996337890625,0
2017-05-05,46.23,47.45,33.83000183105469,10.57,98.6500015258789,0.01481831429416678,0.01481831429416678,0.024468537919047708,0.018460983198622567,0.016432364634653134,-0.839996337890625,-1.220000000000006,16,915,-3.661811571886572,-3.375,-10.0,6,6,3,0,1,"76,31","44,75",89.58,0.004962789342129097,0.01999664306640625,0
2017-05-08,46.46,46.61,33.849998474121094,9.77,99.1500015258789,0.004962789342129097,0.004962789342129097,0.025790991339173102,0.018591528995128375,0.016177251558650272,0.01999664306640625,-0.14999999999999858,34,1323,-3.7835023799481133,-4.614705882352942,-9.5,15,8,11,0,1,"72,80","48,39",90.81,0.013434654935778898,0.3600006103515625,0
2017-05-09,45.84,47.06,34.209999084472656,9.96,99.58999633789062,-0.013434654935778898,0.013434654935778898,0.02468770317467273,0.01827145491230858,0.015451481696184452,0.3600006103515625,-1.2199999999999989,11,310,-3.292492192249429,-5.209090909090909,-10.0,3,2,2,0,1,"77,81","77,57",64.7,0.030930300691358558,-0.18999862670898438,1
2017-05-10,47.28,48.09,34.02000045776367,10.21,99.66999816894533,0.030930300691358558,0.030930300691358558,0.030261024765265092,0.021872673054481723,0.01745695790851383,-0.18999862670898438,-0.8100000000000023,17,783,-3.114763655202538,-3.5588235294117645,-10.0,6,7,5,0,1,"124,00","117,73",127.66,0.011147449540169226,-0.2999992370605469,0
2017-05-11,47.81,49.18,33.720001220703125,10.6,99.62000274658205,0.011147449540169226,0.011147449540169226,0.01609868157245275,0.022378433030589524,0.017877157792004314,-0.2999992370605469,-1.3699999999999974,10,468,-6.836278938853218,-0.6199999999999999,-9.2,4,5,3,0,1,"99,90","104,84",87.44,0.0004182350541935309,0.0,0
2017-05-12,47.83,49.08,33.720001220703125,10.4,99.25,0.0004182350541935309,0.0004182350541935309,0.016238189090864892,0.022161559798013812,0.017860863258374476,0.0,-1.25,16,479,-4.757430368239248,-4.76875,-10.0,7,3,3,0,1,"78,99","49,22",98.52,0.021306008137388834,-0.6200027465820312,0
2017-05-15,48.86,51.29,33.099998474121094,10.42,98.91000366210938,0.021306008137388834,0.021306008137388834,0.017379486696990402,0.023264895836552224,0.018762157206454327,-0.6200027465820312,-2.4299999999999997,21,511,-3.505922616217316,-2.4,-10.0,9,10,6,0,1,"75,43","25,07",104.54,0.004512828171682834,0.3400001525878906,0
2017-05-16,48.64,51.21,33.439998626708984,10.65,98.11000061035156,-0.004512828171682834,0.004512828171682834,0.014597899080727509,0.021733266804215574,0.018762303414808005,0.3400001525878906,-2.5700000000000003,31,1041,-4.317920612556659,-1.6419354838709677,-10.0,10,15,8,0,1,"74,92","64,02",71.2,0.008190053970044403,0.4600028991699219,0
2017-05-17,49.04,51.76,33.900001525878906,15.59,97.41999816894533,0.008190053970044403,0.008190053970044403,0.009983291635989175,0.021820233877983302,0.017066211277141783,0.4600028991699219,-2.719999999999999,28,802,-3.5933174960996563,-1.217857142857143,-9.0,3,12,1,0,1,"97,43","79,99",95.31,0.0065040879691764825,-1.1000022888183594,0
2017-05-18,49.36,51.71,32.79999923706055,14.66,97.87999725341795,0.0065040879691764825,0.0065040879691764825,0.009750304518152845,0.012667677589197715,0.017139431452777645,-1.1000022888183594,-2.3500000000000014,16,515,-2.8476078950171613,-0.8875,-9.5,1,8,1,0,1,"97,73","102,56",76.99,0.01926223279505271,-3.0399990081787074,0
2017-05-19,50.32,52.78,29.76000022888184,12.04,97.1500015258789,0.01926223279505271,0.01926223279505271,0.010483581174891843,0.013005601589850613,0.017480022882210063,-3.0399990081787074,-2.460000000000001,20,762,-2.4645935013132485,-1.34,-10.0,5,9,2,0,1,"75,72","37,74",94.44,0.009690573213455586,0.8299999237060511,0
2017-05-22,50.81,53.35,30.59000015258789,10.93,96.9800033569336,0.009690573213455586,0.009690573213455586,0.008491035239844225,0.012949455026894863,0.017182677038016694,0.8299999237060511,-2.539999999999999,10,294,-3.548873854590588,-1.8399999999999999,-10.0,2,4,1,0,1,"143,48","37,31",228.25,0.006082624463638732,1.1800003051757812,0
2017-05-23,51.12,53.19,31.770000457763672,10.72,97.3499984741211,0.006082624463638732,0.006082624463638732,0.005401694449923091,0.010425643723970753,0.017176748507488997,1.1800003051757812,-2.0700000000000003,11,250,-5.144599502330523,-0.9454545454545453,-10.0,3,5,1,0,1,"139,23","115,67",154.37,0.002546275002214949,-0.8299999237060547,0
2017-05-24,50.99,53.29,30.940000534057617,10.02,97.23999786376952,-0.002546275002214949,0.002546275002214949,0.007852248272615374,0.008471475876414865,0.017200943438716493,-0.8299999237060547,-2.299999999999997,8,238,-0.8049776483610622,-5.3,-10.0,5,2,3,0,1,"181,95","224,07",133.5,0.048623478709410986,2.089998245239258,1
2017-05-25,48.57,52.25,33.029998779296875,9.99,97.25,-0.048623478709410986,0.048623478709410986,0.026554670317733373,0.019526787368667847,0.02054132930599275,2.089998245239258,-3.6799999999999997,23,716,-5.516909598157452,-4.27391304347826,-10.0,12,6,6,0,1,"146,44","191,30",117.57,0.020581470249390898,-2.9899978637695312,0
2017-05-26,49.58,50.84,30.040000915527344,9.81,97.4000015258789,0.020581470249390898,0.020581470249390898,0.026839016804014914,0.020414660846289703,0.0210157098918246,-2.9899978637695312,-1.2600000000000051,21,584,-2.193378319092466,-0.6476190476190476,-10.0,8,12,4,0,1,"218,07","289,86",172.7,0.0010079629923050568,0.2599983215332031,0
2017-05-30,49.63,50.65,30.299999237060547,10.38,97.27999877929688,0.0010079629923050568,0.0010079629923050568,0.026085959259996044,0.019443862883962753,0.020882069893831397,0.2599983215332031,-1.019999999999996,23,610,-4.965476969264113,-4.495652173913044,-10.0,12,7,7,0,1,"128,18","107,61",123.42,0.02737098971389895,1.9900016784667969,1
2017-05-31,48.29,49.4,32.290000915527344,10.41,96.91999816894533,-0.02737098971389895,0.02737098971389895,0.026906411117051984,0.021475086650063563,0.02107658886344406,1.9900016784667969,-1.1099999999999994,28,903,-3.9268999451451374,1.8357142857142859,-10.0,5,19,2,0,1,"157,74","213,42",93.69,0.000621053741108951,-1.1000003814697266,0
2017-06-01,48.32,50.41,31.190000534057617,9.89,97.1999969482422,0.000621053741108951,0.000621053741108951,0.02720233924947511,0.021258362014744993,0.021069841466660803,-1.1000003814697266,-2.0899999999999963,18,453,-2.1745423261745667,-6.166666666666667,-10.0,12,4,11,0,1,"90,67","96,42",90.48,0.013333530869465144,1.2800006866455078,0
2017-06-02,47.68,48.46,32.470001220703125,9.75,96.72000122070312,-0.013333530869465144,0.013333530869465144,0.017913311268239664,0.021355992571444316,0.01807834507457825,1.2800006866455078,-0.7800000000000011,12,516,-2.4849050958140224,-0.40833333333333327,-10.0,1,7,1,0,1,"88,57","47,09",117.84,0.005889794056063487,1.2399978637695312,0
2017-06-05,47.4,48.25,33.709999084472656,10.07,96.8000030517578,-0.005889794056063487,0.005889794056063487,0.011818099375280899,0.01980713875936384,0.017915018034474962,1.2399978637695312,-0.8500000000000014,12,283,-4.263920799704725,-4.875,-10.0,5,3,3,0,1,"276,61","430,45",123.42,0.015283454613987342,-1.5900001525878906,0
2017-06-06,48.13,48.11,32.119998931884766,10.45,96.63999938964844,0.015283454613987342,0.015283454613987342,0.015868527405854076,0.02036970074291511,0.01817436557048047,-1.5900001525878906,0.020000000000003126,23,733,-2.275914235597842,-3.256521739130435,-10.0,13,9,6,0,1,"227,28","339,87",179.54,0.04962159219487888,2.1100006103515625,1
2017-06-07,45.8,47.08,34.22999954223633,10.39,96.75,-0.04962159219487888,0.04962159219487888,0.024229153142775017,0.024142254377571656,0.021299829307590383,2.1100006103515625,-1.2800000000000011,25,1003,-3.802464938922419,-1.76,-10.0,9,13,8,0,1,"245,96","333,89",165.36,0.002623525772384481,-0.3899993896484375,0
2017-06-08,45.68,46.3,33.84000015258789,10.16,96.91999816894533,-0.002623525772384481,0.002623525772384481,0.023895038304337174,0.02413926480566211,0.020014401497764955,-0.3899993896484375,-0.6199999999999974,16,578,-5.562430660383805,-1.30625,-10.0,5,7,2,0,1,"182,93","236,59",164.45,0.003060111677594622,-1.25,0
2017-06-09,45.82,46.64,32.59000015258789,10.7,97.2699966430664,0.003060111677594622,0.003060111677594622,0.024648291030234568,0.020437050873399545,0.01982148668932153,-1.25,-0.8200000000000003,20,512,-4.755898158028165,-3.7350000000000003,-10.0,9,7,6,0,1,"121,29","175,13",118.25,0.006092272977253328,1.3600006103515625,1
2017-06-12,46.1,47.18,33.95000076293945,11.46,97.13999938964844,0.006092272977253328,0.006092272977253328,0.02546850094496327,0.018805084869126878,0.019900263392230097,1.3600006103515625,-1.0799999999999983,13,608,-2.6012318665415903,-3.4692307692307693,-10.0,7,4,2,0,1,"144,55","156,11",150.25,0.00670200325048158,-1.6100006103515625,0
2017-06-13,46.41,46.95,32.34000015258789,10.42,96.9800033569336,0.00670200325048158,0.00670200325048158,0.02395686317959478,0.019166567753183917,0.019263948991412847,-1.6100006103515625,-0.5400000000000063,9,236,-2.2441012367049247,-1.0666666666666667,-10.0,1,4,1,0,1,"107,04","101,09",112.43,0.03553005303387572,-0.31999969482421875,1
2017-06-14,44.79,45.47,32.02000045776367,10.64,96.94000244140624,-0.03553005303387572,0.03553005303387572,0.017756785281824873,0.020284941227600314,0.020628601965468008,-0.31999969482421875,-0.6799999999999997,12,481,-1.6298113647027044,-2.3000000000000003,-10.0,5,5,1,0,1,"77,40","72,01",94.39,0.007170095696603662,-0.12000083923339133,0
2017-06-15,44.47,45.61,31.89999961853028,10.9,97.43000030517578,-0.007170095696603662,0.007170095696603662,0.017755653234325246,0.02008599107208568,0.020431039198451507,-0.12000083923339133,-1.1400000000000006,23,578,-2.7104265954860605,-0.6869565217391304,-10.0,6,13,1,0,1,"108,02","112,81",102.65,0.005829612922151562,-3.9699993133544993,0
2017-06-16,44.73,45.7,27.93000030517578,10.38,97.16000366210938,0.005829612922151562,0.005829612922151562,0.018123732440028708,0.020463322491036422,0.020411787818903633,-3.9699993133544993,-0.970000000000006,10,370,-2.9774805899470063,-5.13,-9.2,5,2,1,0,1,"105,62","86,15",127.75,0.011015060230677318,2.4099998474121094,1
2017-06-19,44.24,45.93,30.34000015258789,10.37,97.52999877929688,-0.011015060230677318,0.011015060230677318,0.017137751195615673,0.020513614594117126,0.019631370789614674,2.4099998474121094,-1.6899999999999977,13,414,-5.817564213133404,-2.784615384615385,-10.0,4,5,3,0,1,"171,01","252,57",115.87,0.020553361105866332,2.1500015258789062,1
2017-06-20,43.34,43.98,32.4900016784668,10.86,97.75,-0.020553361105866332,0.020553361105866332,0.015449703567776418,0.0193022952603741,0.019487865780268475,2.1500015258789062,-0.6399999999999935,17,628,-3.9846801243898398,-2.2058823529411766,-10.0,5,8,2,0,1,"204,20","237,50",160.36,0.020042619174529753,0.8299980163574219,0
2017-06-21,42.48,44.62,33.31999969482422,10.75,97.55999755859376,-0.020042619174529753,0.020042619174529753,0.010840902677796962,0.01424106318486868,0.019372942205356524,0.8299980163574219,-2.1400000000000006,13,450,-3.720943949778346,-3.8230769230769233,-10.0,4,4,3,0,1,"180,24","165,12",210.64,0.0011763323318589802,-0.6699981689453125,0
2017-06-22,42.53,44.46,32.650001525878906,10.48,97.54000091552734,0.0011763323318589802,0.0011763323318589802,0.012071909832412221,0.014435743875165767,0.019458505802419902,-0.6699981689453125,-1.9299999999999997,25,653,-5.486803747851497,-5.04,-10.0,12,6,5,0,1,"210,32","219,21",206.69,0.007729280779888688,-0.7300014495849609,0
2017-06-23,42.86,44.14,31.920000076293945,10.02,97.3000030517578,0.007729280779888688,0.007729280779888688,0.012667415100034397,0.014871437653207734,0.017401003780270274,-0.7300014495849609,-1.2800000000000011,18,871,-5.671245479252694,-7.177777777777777,-10.0,10,1,5,0,1,"107,31","111,63",93.11,0.008827002725576565,-0.14999961853027344,0
2017-06-26,43.24,44.09,31.770000457763672,9.9,97.43000030517578,0.008827002725576565,0.008827002725576565,0.014651297430933182,0.015154812973929255,0.01662829662745881,-0.14999961853027344,-0.8500000000000014,15,392,-5.145082436696477,-6.013333333333334,-10.0,12,2,6,0,1,"128,39","89,60",149.47,0.023089378682930935,0.5099983215332031,0
2017-06-27,44.25,46.17,32.279998779296875,11.06,96.47000122070312,0.023089378682930935,0.023089378682930935,0.015712344029726762,0.017442844652696483,0.017864033279065272,0.5099983215332031,-1.9200000000000017,25,501,-5.4333680008711704,-5.86,-10.0,11,5,10,0,1,"106,10","141,03",78.42,0.011012584608045,-1.4799995422363281,0
2017-06-28,44.74,46.45,30.799999237060547,10.03,96.0500030517578,0.011012584608045,0.011012584608045,0.008001144063166677,0.014236832648155045,0.017475101992194434,-1.4799995422363281,-1.7100000000000009,22,685,-3.087742436250717,-1.7999999999999998,-10.0,9,11,2,0,1,"110,05","120,68",82.36,0.0031243051524572807,-0.3400001525878906,0
2017-06-29,44.88,47.02,30.459999084472656,11.44,95.62999725341795,0.0031243051524572807,0.0031243051524572807,0.007471661295577001,0.014040575448571903,0.017517481234587597,-0.3400001525878906,-2.1400000000000006,21,604,-5.278983903846628,-5.252380952380952,-10.0,10,5,5,0,1,"103,36","92,73",103.13,0.025083823392778933,-1.7599983215332031,0
2017-06-30,46.02,47.08,28.700000762939453,11.18,95.66000366210938,0.025083823392778933,0.025083823392778933,0.009475951653761213,0.015975815892538988,0.018484312170920843,-1.7599983215332031,-1.0599999999999952,27,998,-7.472015891174234,-2.403703703703704,-10.0,5,12,4,0,1,"102,60","77,93",113.76,0.019972133186915358,3.9099998474121094,1
2017-07-05,45.11,47.58,32.61000061035156,11.07,96.29000091552734,-0.019972133186915358,0.019972133186915358,0.01826021263510429,0.017053851897429518,0.018912686995781403,3.9099998474121094,-2.469999999999999,19,381,-2.654781754008432,-2.3947368421052633,-10.0,7,8,4,0,1,"208,90","95,20",287.86,0.009047838397770893,0.20999908447265625,0
2017-07-06,45.52,48.53,32.81999969482422,12.54,95.81999969482422,0.009047838397770893,0.009047838397770893,0.01643813039624293,0.015180433813533343,0.01865414079977824,0.20999908447265625,-3.009999999999998,19,486,-4.559535531557773,-6.436842105263158,-10.0,10,1,4,0,1,"177,17","96,34",267.86,0.02829641836413708,0.34999847412109375,1
2017-07-07,44.25,46.47,33.16999816894531,11.19,96.01000213623048,-0.02829641836413708,0.02829641836413708,0.02177234972782133,0.016823233521039253,0.016296763136756248,0.34999847412109375,-2.219999999999999,18,918,-5.762223001451435,-5.283333333333333,-10.0,11,4,4,0,1,"115,72","67,30",152.36,0.003384097984240494,0.060001373291015625,0
2017-07-10,44.4,46.57,33.22999954223633,11.11,96.0500030517578,0.003384097984240494,0.003384097984240494,0.021788543921730158,0.016795325189377496,0.016334582977489673,0.060001373291015625,-2.1700000000000017,15,380,-3.7798588749399973,-3.26,-10.0,4,6,2,0,1,"98,00","52,11",130.39,0.014755465565919485,0.3800010681152344,0
2017-07-11,45.06,46.68,33.61000061035156,10.89,95.73999786376952,0.014755465565919485,0.014755465565919485,0.018852915460628762,0.017098813409532485,0.016708512348085035,0.3800010681152344,-1.6199999999999974,19,518,-4.653121874528282,-2.3157894736842106,-10.0,7,9,4,0,1,"112,50","62,31",135.13,0.009277733878236893,-1.1300010681152344,0
2017-07-12,45.48,46.73,32.47999954223633,10.3,95.79000091552734,0.009277733878236893,0.009277733878236893,0.017207972803797236,0.017110596061807815,0.016793003603301403,-1.1300010681152344,-1.25,25,740,-3.8593877068291635,-2.864,-10.0,11,9,6,0,1,"94,17","77,31",119.76,0.012672225510203862,-0.7199993133544886,0
2017-07-13,46.06,47.65,31.76000022888184,9.9,95.7300033569336,0.012672225510203862,0.012672225510203862,0.017668540953260935,0.016182273628084703,0.016983063627416344,-0.7199993133544886,-1.5899999999999963,31,941,-4.691079160561431,-3.838709677419355,-10.0,12,11,11,0,1,"55,38","50,19",58.61,0.010152371464017908,-1.4799995422363317,0
2017-07-14,46.53,47.89,30.280000686645508,9.51,95.11000061035156,0.010152371464017908,0.010152371464017908,0.004302864866616128,0.01614314630909113,0.014957814714920255,-1.4799995422363317,-1.3599999999999994,12,350,-3.842990835913918,-5.258333333333333,-9.2,3,2,0,0,1,"93,10","78,16",114.09,0.011021181249337311,0.32999992370605113,0
2017-07-17,46.02,47.66,30.61000061035156,9.82,95.12999725341795,-0.011021181249337311,0.011021181249337311,0.01039314551138432,0.016826202329011296,0.01510486191991807,0.32999992370605113,-1.6399999999999935,20,476,-1.9198410982246885,-0.65,-10.0,7,10,2,0,1,"114,00","93,59",144.97,0.008223374624989762,-0.6500015258789027,0
2017-07-18,46.4,47.92,29.959999084472656,9.89,94.66000366210938,0.008223374624989762,0.008223374624989762,0.009579556225978284,0.015065312948595038,0.015148617938361768,-0.6500015258789027,-1.5200000000000031,27,875,-6.015022634706602,-6.537037037037037,-10.0,10,3,9,0,1,"140,66","98,16",163.75,0.014973541790162581,-0.4099998474121094,0
2017-07-19,47.1,48.34,29.549999237060547,9.79,94.8000030517578,0.014973541790162581,0.014973541790162581,0.010391686290464238,0.013696712673426106,0.015103111537564114,-0.4099998474121094,-1.240000000000002,19,452,-3.4715151854293333,-3.8000000000000003,-10.0,7,6,3,0,1,"67,03","33,41",92.9,0.007886644310037372,-0.2999992370605469,0
2017-07-20,46.73,48.54,29.25,9.58,94.2699966430664,-0.007886644310037372,0.007886644310037372,0.011585075724019202,0.014088082653505528,0.014301937437199347,-0.2999992370605469,-1.8100000000000023,20,522,-3.3405702291234016,-3.3649999999999998,-10.0,9,7,4,0,1,"114,77","62,41",147.49,0.020539042187914046,0.0,0
2017-07-21,45.78,47.47,29.25,9.36,93.94000244140624,-0.020539042187914046,0.020539042187914046,0.014530455162399408,0.012295941733709063,0.01434579491503385,0.0,-1.6899999999999977,16,473,-5.249809160565362,-5.1,-9.2,5,2,0,0,1,"80,10","84,56",70.53,0.009348910357754472,-0.010000228881835938,0
2017-07-24,46.21,47.81,29.239999771118164,9.43,93.9800033569336,0.009348910357754472,0.009348910357754472,0.014661934303962775,0.012438973888499093,0.014385247092703246,-0.010000228881835938,-1.6000000000000014,28,871,-5.179873845987382,-6.0321428571428575,-10.0,18,3,3,0,1,"53,32","26,58",66.51,0.03320160251969561,-0.05999946594238281,1
2017-07-25,47.77,49.19,29.18000030517578,9.43,94.0500030517578,0.03320160251969561,0.03320160251969561,0.020788602014910992,0.015259750015850473,0.015778980174536446,-0.05999946594238281,-1.4199999999999946,13,385,-2.428407205341446,-2.576923076923077,-10.0,7,6,1,0,1,"100,20","70,51",117.63,0.016814096172155953,0.26000022888183594,0
2017-07-26,48.58,50.08,29.440000534057617,9.6,93.66999816894533,0.016814096172155953,0.016814096172155953,0.021006370412199868,0.01562998710527784,0.01596959145671861,0.26000022888183594,-1.5,17,416,-5.075350661860565,-6.976470588235294,-10.0,7,0,4,0,1,"125,11","86,76",153.78,0.009628262437345521,0.3699989318847656,0
2017-07-27,49.05,50.67,29.809999465942383,10.11,93.86000061035156,0.009628262437345521,0.009628262437345521,0.019477315919107934,0.015527764990955433,0.015479702062194284,0.3699989318847656,-1.6200000000000045,11,240,-3.6050578123853936,-1.5454545454545454,-10.0,5,6,3,0,1,"107,20","128,25",98.06,0.013567080631138232,0.050001144409176135,0
2017-07-28,49.72,52.0,29.86000061035156,10.29,93.26000213623048,0.013567080631138232,0.013567080631138232,0.00982347113429913,0.015659141992232038,0.015541044633037142,0.050001144409176135,-2.280000000000001,15,353,-2.3251961593905657,-3.98,-10.0,6,4,1,0,1,"113,88","98,73",107.05,0.009806943404103726,0.9799995422363317,0
2017-07-31,50.21,51.99,30.84000015258789,10.26,92.86000061035156,0.009806943404103726,0.009806943404103726,0.00974176987455628,0.014383573130912073,0.015564147680836238,0.9799995422363317,-1.7800000000000011,13,430,-2.2920688965440177,-5.06923076923077,-10.0,8,2,1,0,1,"170,75","149,80",204.46,0.02052385923936573,-0.2999992370605469,0
2017-08-01,49.19,50.77,30.540000915527344,10.09,93.02999877929688,-0.02052385923936573,0.02052385923936573,0.015043914849685676,0.017107325138604624,0.015898455794891107,-0.2999992370605469,-1.5800000000000054,14,278,-3.7733501246659156,-5.128571428571428,-9.2,7,3,0,0,1,"198,39","143,84",219.96,0.008300482923633367,-0.1100006103515625,0
2017-08-02,49.6,52.09,30.43000030517578,10.28,92.83000183105467,0.008300482923633367,0.008300482923633367,0.01393484343944148,0.01683947882372269,0.014945807281549275,-0.1100006103515625,-2.490000000000002,15,605,-2.107470129440858,-1.5933333333333333,-10.0,3,7,1,0,1,"145,29","57,94",193.3,0.011558478067739901,-0.7800006866455007,0
2017-08-03,49.03,52.88,29.64999961853028,10.44,92.80999755859376,-0.011558478067739901,0.011558478067739901,0.015032745763413867,0.017192192351792417,0.01533862836939739,-0.7800006866455007,-3.8500000000000014,14,324,-5.076718080550985,-1.792857142857143,-10.0,5,6,1,0,1,"135,81","58,87",186.58,0.010953456369340647,-1.1199989318847727,0
2017-08-04,49.57,52.48,28.530000686645508,10.03,93.54000091552734,0.010953456369340647,0.010953456369340647,0.014474578904578615,0.014744014966990281,0.013418192433070283,-1.1199989318847727,-2.9099999999999966,12,269,-3.213232953621566,1.1916666666666667,-10.0,2,9,1,0,1,"95,55","52,92",123.6,0.004042859761711098,0.1999988555908203,0
2017-08-07,49.37,51.42,28.729999542236328,9.93,93.43000030517578,-0.004042859761711098,0.004042859761711098,0.013258207682275185,0.015204219774124493,0.013586686720096167,0.1999988555908203,-2.0500000000000043,11,368,-6.302810656917376,-6.8090909090909095,-9.5,7,1,1,0,1,"127,92","93,97",134.37,0.006095102168959451,0.7100009918212891,0
2017-08-08,49.07,52.18,29.440000534057617,10.96,93.63999938964844,-0.006095102168959451,0.006095102168959451,0.00967957207223923,0.0123862160554765,0.01362328511232292,0.7100009918212891,-3.1099999999999994,16,480,-3.945716585096664,-3.49375,-9.5,3,5,1,0,1,"169,71","112,79",219.52,0.010541350399230435,-0.3800010681152344,0
2017-08-09,49.59,52.16,29.059999465942383,11.11,93.5199966430664,0.010541350399230435,0.010541350399230435,0.010224768264218234,0.011732771345608408,0.013650670379858693,-0.3800010681152344,-2.569999999999993,12,424,-5.031027460643694,-4.2250000000000005,-10.0,3,3,2,0,1,"136,30","70,89",187.25,0.021401000202587256,0.21000099182128906,0
2017-08-10,48.54,52.59,29.270000457763672,16.04,93.4000015258789,-0.021401000202587256,0.021401000202587256,0.0134389272121183,0.013481010163199185,0.014644261028436361,0.21000099182128906,-4.050000000000004,18,429,-3.3756457522315273,-0.43888888888888883,-10.0,4,10,1,0,1,"215,32","110,08",330.54,0.005547009600600904,-0.8600006103515625,0
2017-08-11,48.81,51.47,28.40999984741211,15.51,93.06999969482422,0.005547009600600904,0.005547009600600904,0.012304907127498656,0.012732919130875915,0.014555562296688442,-0.8600006103515625,-2.6599999999999966,14,547,-1.1880441818950354,-2.992857142857143,-7.5,5,5,0,0,1,"145,50","77,36",217.78,0.025312554766037002,0.75,0
2017-08-14,47.59,51.29,29.15999984741211,12.33,93.45999908447266,-0.025312554766037002,0.025312554766037002,0.015875231087108244,0.013946766126241975,0.015564530018339785,0.75,-3.6999999999999957,30,881,-9.032066588503262,-6.616666666666666,-10.0,13,3,6,0,1,"202,68","189,43",200.14,0.00042034468882902286,0.14999961853027344,0
2017-08-15,47.57,49.9,29.309999465942383,12.04,93.8499984741211,-0.00042034468882902286,0.00042034468882902286,0.01618663959361311,0.012929806439519022,0.01549303938506533,0.14999961853027344,-2.3299999999999983,18,474,-6.456381628657734,-6.405555555555555,-10.0,7,1,2,0,1,"232,36","201,94",247.71,0.016319107520589085,-0.12999916076660156,0
2017-08-16,46.8,50.39,29.18000030517578,11.74,93.48999786376952,-0.016319107520589085,0.016319107520589085,0.013466315409217822,0.012808545383220293,0.015613293187167341,-0.12999916076660156,-3.5900000000000034,19,519,-8.171615503317016,-7.478947368421053,-10.0,6,0,3,0,1,"159,37","102,14",198.78,0.005752652489449841,0.12999916076660156,0
2017-08-17,47.07,50.37,29.309999465942383,15.55,93.62000274658205,0.005752652489449841,0.005752652489449841,0.01398156260663435,0.013111650211701171,0.015563166917315711,0.12999916076660156,-3.299999999999997,22,498,-4.7169112712655465,-8.072727272727272,-10.0,13,0,5,0,1,"102,84","64,75",126.02,0.03178189300476072,-1.779998779296875,1
2017-08-18,48.59,50.96,27.530000686645508,14.26,93.43000030517578,0.03178189300476072,0.03178189300476072,0.022058533670062414,0.016878362034835052,0.016247207899813952,-1.779998779296875,-2.3699999999999974,16,414,-4.850954511875828,-6.78125,-10.0,7,2,6,0,1,"138,91","159,79",106.63,0.025006512438314806,1.239999771118164,0
2017-08-21,47.39,51.94,28.770000457763672,13.19,93.0999984741211,-0.025006512438314806,0.025006512438314806,0.021974133359626804,0.018394518237424242,0.017319032816356245,1.239999771118164,-4.549999999999997,15,489,-6.4199036125345135,-3.6133333333333337,-10.0,7,5,5,0,1,"177,33","254,57",129.76,0.0054713941207140656,-0.8000011444091832,0
2017-08-22,47.65,52.29,27.96999931335449,11.35,93.5500030517578,0.0054713941207140656,0.0054713941207140656,0.022159603601043167,0.018616956187355486,0.015657673969038447,-0.8000011444091832,-4.640000000000001,19,442,-2.9590896392744495,-6.342105263157895,-10.0,13,1,2,0,1,"250,01","311,54",228.68,0.016649708236564153,-0.17000007629394176,0
2017-08-23,48.45,52.31,27.799999237060547,12.25,93.1500015258789,0.016649708236564153,0.016649708236564153,0.020829929302381315,0.01919940880473508,0.01564835384749314,-0.17000007629394176,-3.8599999999999994,18,595,-1.4430496879424122,-0.18333333333333324,-10.0,2,10,1,0,1,"149,31","143,34",165.55,0.025291347007613735,0.5700016021728516,0
2017-08-24,47.24,51.73,28.3700008392334,12.23,93.27999877929688,-0.025291347007613735,0.025291347007613735,0.025394960906375406,0.01966270066830135,0.016430349673221857,0.5700016021728516,-4.489999999999995,12,306,-2.226332323862531,-3.35,-10.0,2,4,1,0,1,"95,29","33,53",139.82,0.008641638771049466,0.5099983215332031,0
2017-08-25,47.65,51.87,28.8799991607666,11.28,92.73999786376952,0.008641638771049466,0.008641638771049466,0.01981464475386059,0.019830809977477472,0.016222225490592244,0.5099983215332031,-4.219999999999999,28,963,-4.330815864396609,-4.539285714285714,-10.0,15,6,6,0,1,"86,64","60,97",101.7,0.026583170868001493,1.5100002288818395,1
2017-08-28,46.4,51.87,30.38999938964844,11.32,92.20999908447266,-0.026583170868001493,0.026583170868001493,0.020242298794897414,0.019997263697021775,0.016842272275748707,1.5100002288818395,-5.469999999999999,3,102,-7.543818959115719,-8.4,-9.0,3,0,2,0,1,"126,38","92,84",132.75,0.0012922681100535742,0.10000038146972301,0
2017-08-29,46.46,51.64,30.489999771118164,11.7,92.3499984741211,0.0012922681100535742,0.0012922681100535742,0.019823924411394706,0.020024675686503048,0.016413066018322993,0.10000038146972301,-5.18,1,32,-2.13953836930455,-7.2,-7.2,1,0,0,0,1,"85,88","61,16",102.02,0.01082027436170817,-0.7099990844726562,0
2017-08-30,45.96,51.91,29.780000686645508,11.22,92.87999725341795,-0.01082027436170817,0.01082027436170817,0.015676425110038972,0.019671175214799518,0.016285462110330995,-0.7099990844726562,-5.949999999999996,4,84,-0.7862215220637749,-1.675,-7.2,1,2,0,0,1,"142,65","94,80",184.51,0.027892818778206787,-0.6800003051757812,0
2017-08-31,47.26,52.69,29.100000381469727,10.59,92.66999816894533,0.027892818778206787,0.027892818778206787,0.020482093974414726,0.021752888116003004,0.017631304801915843,-0.6800003051757812,-5.43,28,907,-4.944823924549246,-5.114285714285714,-10.0,13,5,4,0,1,"121,71","73,85",176.01,0.001268767351424398,-0.13000106811523793,0
2017-09-01,47.32,53.15,28.96999931335449,10.13,92.80999755859376,0.001268767351424398,0.001268767351424398,0.01997106040329637,0.018802166397715925,0.017392872753230967,-0.13000106811523793,-5.829999999999998,24,707,-3.506505307466067,-2.225,-10.0,5,10,2,0,1,"133,69","138,22",107.05,0.027307585305508437,0.6100006103515625,0
2017-09-05,48.63,53.63,29.57999992370605,12.23,92.30999755859376,0.027307585305508437,0.027307585305508437,0.017344862507222333,0.019164492497349687,0.018600476677582852,0.6100006103515625,-5.0,9,252,-3.00927013867105,-1.3555555555555552,-9.2,2,4,0,0,1,"188,15","90,94",246.53,0.010229221764862469,0.4899997711181676,0
2017-09-06,49.13,54.48,30.06999969482422,11.63,92.29000091552734,0.010229221764862469,0.010229221764862469,0.01675235660586003,0.019302730752016307,0.018711652686731896,0.4899997711181676,-5.349999999999994,20,697,-3.4769985305868665,-5.875,-9.0,6,1,1,0,1,"202,49","113,87",267.68,0.0006108113800820069,-0.3400001525878906,0
2017-09-07,49.1,54.16,29.729999542236328,11.55,91.52999877929688,-0.0006108113800820069,0.0006108113800820069,0.013755178111345745,0.018715165364050705,0.018548358213046366,-0.3400001525878906,-5.059999999999995,14,466,-3.5976165935768902,-3.857142857142857,-10.0,4,3,1,0,1,"152,65","111,60",169.25,0.03439328011100498,-0.23999977111816406,1
2017-09-08,47.44,54.55,29.489999771118164,12.12,91.33000183105467,-0.03439328011100498,0.03439328011100498,0.022540693847827635,0.020307462875851785,0.019521032714566466,-0.23999977111816406,-7.109999999999999,11,260,-3.913347609176886,-6.009090909090909,-9.2,7,1,0,0,1,"132,70","107,79",163.47,0.01298447561885289,-1.760000228881836,0
2017-09-11,48.06,54.2,27.729999542236328,10.73,91.86000061035156,0.01298447561885289,0.01298447561885289,0.023205882675676817,0.020547777948929504,0.019725022358997816,-1.760000228881836,-6.140000000000001,16,598,-6.48129119520659,-4.775,-10.0,4,4,3,0,1,"63,70","69,28",57.79,0.003116238109207953,-0.1399993896484375,0
2017-09-12,48.21,55.06,27.59000015258789,10.58,91.91000366210938,0.003116238109207953,0.003116238109207953,0.019047093845548854,0.018147085938201375,0.01886942843512117,-0.1399993896484375,-6.850000000000001,11,392,-3.186985099967234,-1.9272727272727272,-9.5,3,5,1,0,1,"125,11","86,76",144.74,0.022357612631113525,-0.9699993133544922,0
2017-09-13,49.3,55.52,26.6200008392334,10.5,92.5199966430664,0.022357612631113525,0.022357612631113525,0.02155837916706683,0.019021762442283173,0.01947915523290133,-0.9699993133544922,-6.220000000000006,12,268,-2.8215282731560265,-4.908333333333333,-10.0,8,3,1,0,1,"138,88","133,33",145.42,0.011294997046767346,-0.5300006866455078,0
2017-09-14,49.86,56.76,26.09000015258789,10.44,92.12000274658205,0.011294997046767346,0.011294997046767346,0.02203099452299445,0.01812183120091045,0.019103329224518788,-0.5300006866455078,-6.899999999999999,26,771,-5.853463531780162,-6.7807692307692315,-10.0,17,3,11,0,1,"84,80","31,70",114.59,0.000801924662061144,0.5599994659423899,0
2017-09-15,49.9,56.18,26.64999961853028,10.17,91.87000274658205,0.000801924662061144,0.000801924662061144,0.008591039075970707,0.016819785907069097,0.019100133668467835,0.5599994659423899,-6.280000000000001,26,718,-4.573240494488205,-6.007692307692308,-10.0,16,4,7,0,1,"120,09","59,86",149.79,0.00040088194563719134,0.8800010681152273,0
2017-09-18,49.88,55.5,27.530000686645508,10.15,92.0500030517578,-0.00040088194563719134,0.00040088194563719134,0.009508343418966453,0.01687394533343592,0.017855667028837313,0.8800010681152273,-5.619999999999997,15,410,-3.6384286245931214,-4.913333333333333,-10.0,7,3,2,0,1,"172,78","118,79",217.98,0.0068396967506223075,-1.7700004577636683,0
2017-09-19,49.54,56.58,25.76000022888184,10.18,91.79000091552734,-0.0068396967506223075,0.0068396967506223075,0.011477207474300597,0.015300210445898162,0.01688198170046918,-1.7700004577636683,-7.039999999999999,20,726,-4.533596976460559,-3.2700000000000005,-10.0,5,6,1,0,1,"129,69","96,97",197.71,0.015025826122659885,1.2299995422363246,0
2017-09-20,50.29,57.2,26.989999771118164,9.78,92.51000213623048,0.015025826122659885,0.015025826122659885,0.008970472676912589,0.015662836666104515,0.017112487770191243,1.2299995422363246,-6.910000000000004,15,522,-5.906841396694731,-6.693333333333333,-10.0,6,1,3,0,1,"163,00","125,80",218.61,0.005749991057945668,-0.6900005340576172,0
2017-09-21,50.58,57.73,26.299999237060547,9.67,92.26000213623048,0.005749991057945668,0.005749991057945668,0.00814420406724843,0.015659132041451966,0.01681570719032611,-0.6900005340576172,-7.149999999999999,15,418,-2.623288019519846,-4.1466666666666665,-9.5,9,4,2,0,1,"139,59","85,64",187.5,0.004954920453550466,0.09000015258789418,0
2017-09-22,50.33,58.16,26.38999938964844,9.59,92.16999816894533,-0.004954920453550466,0.004954920453550466,0.008882663888281973,0.009351293171363182,0.015642919038316556,0.09000015258789418,-7.829999999999998,11,276,-4.371157449109469,-5.345454545454545,-7.5,5,1,0,0,1,"107,49","77,93",130.01,0.029753613887267705,0.5400009155273402,1
2017-09-25,51.85,59.42,26.93000030517578,10.21,92.6500015258789,0.029753613887267705,0.029753613887267705,0.015127548665578975,0.011912879077900935,0.016707806367865282,0.5400009155273402,-7.57,19,521,-3.542481867024076,-2.7736842105263158,-9.5,7,7,1,0,1,"55,39","33,13",64.49,0.005027079418977804,0.8699989318847656,0
2017-09-26,51.59,59.77,27.799999237060547,10.17,92.97000122070312,-0.005027079418977804,0.005027079418977804,0.014706455351859396,0.01251577954568734,0.015247345078339613,0.8699989318847656,-8.18,28,969,-3.2201894350034754,-5.267857142857143,-9.5,15,4,1,0,1,"133,39","210,55",157.14,0.010604553248797067,-0.5099983215332031,0
2017-09-27,52.14,58.74,27.290000915527344,9.87,93.36000061035156,0.010604553248797067,0.010604553248797067,0.014314323135391242,0.011391339917064053,0.01526065305420617,-0.5099983215332031,-6.600000000000001,29,747,-5.175779984976303,-5.396551724137931,-10.0,16,5,9,0,1,"132,11","136,58",146.47,0.010023214214887874,-0.1100006103515625,0
2017-09-28,51.62,58.8,27.18000030517578,9.55,93.08999633789062,-0.010023214214887874,0.010023214214887874,0.01631849515720064,0.012175131070036394,0.015216031151112646,-0.1100006103515625,-7.18,14,452,-5.685694994333587,-4.3999999999999995,-9.2,5,4,4,0,1,"150,35","116,04",153.25,0.0009681480086254191,-0.3500003814697301,0
2017-09-29,51.67,57.02,26.82999992370605,9.51,93.08000183105467,0.0009681480086254191,0.0009681480086254191,0.015702881016875152,0.012171198024181925,0.014324073584593986,-0.3500003814697301,-5.350000000000001,10,269,-5.628608421807965,-5.2,-10.0,6,2,5,0,1,"72,12","10,27",119.95,0.021123413995248475,0.8899993896484375,0
2017-10-02,50.59,55.67,27.71999931335449,9.45,93.55999755859376,-0.021123413995248475,0.021123413995248475,0.0118773621521159,0.01445606544663645,0.015419892281406077,0.8899993896484375,-5.079999999999998,12,606,-4.327918734784482,-2.6750000000000003,-10.0,7,4,1,0,1,"148,88","176,25",147.01,0.002969417207126033,0.2300014495849645,0
2017-10-03,50.44,56.12,27.950000762939453,9.51,93.56999969482422,-0.002969417207126033,0.002969417207126033,0.01190834022390959,0.014261050986322235,0.014395321761470955,0.2300014495849645,-5.68,30,920,-3.135939036142308,1.0733333333333335,-10.0,5,19,4,0,1,"90,38","117,14",82.67,0.008761505668572719,-0.9099998474121094,0
2017-10-04,50.0,56.0,27.040000915527344,9.63,93.45999908447266,-0.008761505668572719,0.008761505668572719,0.008394977061487167,0.013785889851705079,0.014438206988995,-0.9099998474121094,-6.0,19,603,-5.3810904717527945,-3.2157894736842105,-10.0,6,7,1,0,1,"108,68","95,34",115.67,0.015676479385007616,-0.5900001525878906,0
2017-10-05,50.79,57.09,26.450000762939453,9.19,93.95999908447266,0.015676479385007616,0.015676479385007616,0.013471436626734007,0.014624083580152384,0.01480451634961845,-0.5900001525878906,-6.300000000000004,17,565,-3.8294776686750187,-3.770588235294117,-10.0,5,5,1,0,1,"83,91","47,80",112.97,0.028964373711942867,1.1399993896484375,1
2017-10-06,49.34,55.5,27.59000015258789,9.65,93.8000030517578,-0.028964373711942867,0.028964373711942867,0.01725286852522604,0.017325024004645046,0.014143051661152851,1.1399993896484375,-6.159999999999997,17,542,-5.011132267485315,-6.629411764705883,-10.0,7,1,4,0,1,"151,48","79,48",212.14,0.004852415505833668,-0.2700004577636719,0
2017-10-09,49.58,55.29,27.31999969482422,10.33,93.73999786376952,0.004852415505833668,0.004852415505833668,0.016676911849365,0.013657440194342249,0.0139247397807403,-0.2700004577636719,-5.710000000000001,14,286,-2.7931796013293,-2.4714285714285715,-9.5,6,7,3,0,1,"61,34","9,41",94.17,0.02686461428946881,-0.779998779296875,0
2017-10-10,50.93,56.62,26.540000915527344,10.08,93.29000091552734,0.02686461428946881,0.02686461428946881,0.02172562862144664,0.016862188825510292,0.015033157127356783,-0.779998779296875,-5.689999999999998,15,477,-4.03385569096077,-2.966666666666667,-10.0,8,5,3,0,1,"95,96","83,18",97.14,0.007238611280210513,-0.1100006103515625,0
2017-10-11,51.3,56.13,26.43000030517578,9.85,92.95999908447266,0.007238611280210513,0.007238611280210513,0.02091991417425628,0.016630430319622268,0.014360046084346028,-0.1100006103515625,-4.830000000000005,21,561,-5.509626445615918,-5.3238095238095235,-10.0,8,4,7,0,1,"115,26","25,53",177.48,0.013541566950737232,-0.5799999237060547,0
2017-10-12,50.61,56.13,25.850000381469727,9.91,93.12000274658205,-0.013541566950737232,0.013541566950737232,0.021315715945071034,0.01686344985804432,0.014585011459543025,-0.5799999237060547,-5.520000000000003,10,254,-6.343117473176817,-5.220000000000001,-10.0,5,2,1,0,1,"85,93","85,66",92.89,0.016072474560838153,-0.12000083923339844,0
2017-10-13,51.43,56.86,25.729999542236328,9.61,93.08999633789062,0.016072474560838153,0.016072474560838153,0.014959300284860333,0.017806518331568894,0.014982360509448383,-0.12000083923339844,-5.43,12,318,-6.30133418175789,-2.341666666666667,-10.0,3,5,2,0,1,"68,34","48,09",86.91,0.008326120323693512,0.5900001525878906,0
2017-10-16,51.86,57.49,26.31999969482422,9.91,93.27999877929688,0.008326120323693512,0.008326120323693512,0.014839498549507113,0.016389253070523007,0.015050705223734596,0.5900001525878906,-5.630000000000003,23,582,-4.7054014900229415,-5.791304347826086,-10.0,10,3,4,0,1,"111,01","115,10",118.16,0.00019280825279051372,-0.4499988555908203,0
2017-10-17,51.87,57.63,25.8700008392334,10.31,93.48999786376952,0.00019280825279051372,0.00019280825279051372,0.011141857562519416,0.016302718128809658,0.01491618310157601,-0.4499988555908203,-5.760000000000005,19,478,-2.178696004813583,-4.526315789473684,-10.0,8,4,3,0,1,"108,02","98,71",142.22,0.003464206697668972,0.5399990081787109,0
2017-10-18,52.05,58.05,26.40999984741211,10.07,93.36000061035156,0.003464206697668972,0.003464206697668972,0.010965048660767803,0.015790084496833782,0.014618007939203167,0.5399990081787109,-6.0,16,658,-3.5898009296207576,-4.1875,-10.0,5,5,2,0,1,"118,03","189,79",88.65,0.014708993659800806,-0.1100006103515625,0
2017-10-19,51.29,57.82,26.299999237060547,10.05,93.2699966430664,-0.014708993659800806,0.014708993659800806,0.01140629960853219,0.016215233730012046,0.015031154472996243,-0.1100006103515625,-6.530000000000001,24,890,-2.926955397564973,-4.075,-10.0,7,8,4,0,1,"121,04","80,45",154.33,0.006607097490380794,-1.7899990081787074,0
2017-10-20,51.63,57.89,24.51000022888184,9.97,93.6999969482422,0.006607097490380794,0.006607097490380794,0.009197249738983955,0.012359864265538742,0.015024678005413414,-1.7899990081787074,-6.259999999999998,8,234,-6.143594064326295,-0.2875,-10.0,1,5,1,0,1,"72,26","45,50",88.55,0.005408550947579742,0.5699996948242116,0
2017-10-23,51.91,57.69,25.07999992370605,11.07,93.94000244140624,0.005408550947579742,0.005408550947579742,0.008676301433810313,0.01236269313283793,0.013505364560021091,0.5699996948242116,-5.780000000000001,9,255,-6.699095301812734,-7.333333333333333,-10.0,5,0,2,0,1,"104,01","93,32",121.08,0.007867257309805684,0.5200004577636754,0
2017-10-24,52.32,57.84,25.600000381469727,11.16,93.95999908447266,0.007867257309805684,0.007867257309805684,0.009330483662114307,0.00974171183688011,0.013557519433485644,0.5200004577636754,-5.520000000000003,16,874,-3.7356362332979614,-3.23125,-10.0,7,6,5,0,1,"110,13","52,70",139.19,0.006712078128592793,-0.15999984741210938,0
2017-10-25,51.97,58.45,25.440000534057617,11.23,93.70999908447266,-0.006712078128592793,0.006712078128592793,0.00994652193625145,0.010013489258562876,0.013444337156466346,-0.15999984741210938,-6.480000000000004,16,478,-5.466340717724769,-4.6625,-10.0,9,5,4,0,1,"119,09","79,15",139.38,0.008430783793724382,-0.22000122070312855,0
2017-10-26,52.41,58.75,25.21999931335449,11.3,94.61000061035156,0.008430783793724382,0.008430783793724382,0.006277023244196471,0.008723106358712082,0.013365049252322816,-0.22000122070312855,-6.340000000000003,11,292,-2.369684433719652,-2.109090909090909,-7.0,2,4,0,0,0,"83,76","25,05",125.36,0.028404053789976805,-0.039999008178707385,1
2017-10-27,53.92,60.15,25.18000030517578,9.8,94.91999816894533,0.028404053789976805,0.028404053789976805,0.012623187047224009,0.011214568610077328,0.01472629683399981,-0.039999008178707385,-6.229999999999997,15,290,-2.9620408397100344,-4.58,-10.0,7,4,7,0,1,"94,87","63,05",124.91,0.0035175450505921697,0.14999961853026988,0
2017-10-30,54.11,60.65,25.32999992370605,10.5,94.48999786376952,0.0035175450505921697,0.0035175450505921697,0.012773132966042076,0.011146026934938975,0.013671326662447098,0.14999961853026988,-6.539999999999999,11,336,-7.0218945476766805,-6.763636363636365,-9.2,2,0,0,0,1,"97,43","87,42",89.12,0.004609577628299093,-0.020000457763668322,0
2017-10-31,54.36,61.35,25.309999465942383,10.18,94.5500030517578,0.004609577628299093,0.004609577628299093,0.012883429399096627,0.011054653955395883,0.013591361069693761,-0.020000457763668322,-6.990000000000002,7,268,-5.482782929641989,-2.9285714285714284,-9.2,2,2,0,0,1,"68,25","81,65",52.97,0.0007361060325022046,0.34000015258789773,0
2017-11-01,54.32,60.98,25.64999961853028,10.2,94.81999969482422,-0.0007361060325022046,0.0007361060325022046,0.011411029004755843,0.011185377763633793,0.013318505079636778,0.34000015258789773,-6.659999999999997,8,273,-4.5683314768332846,-2.15,-10.0,3,4,1,0,1,"75,86","58,82",77.1,0.004225229028639123,0.0,0
2017-11-02,54.55,60.79,25.64999961853028,9.93,94.69000244140624,0.004225229028639123,0.004225229028639123,0.01160259819372312,0.009006232592357576,0.013039835495035243,0.0,-6.240000000000002,16,368,-6.909061165333202,-2.70625,-10.0,2,5,2,0,1,"188,31","307,20",85.41,0.019604911808122016,-0.8299999237060618,0
2017-11-03,55.63,61.42,24.81999969482422,9.14,94.94000244140624,0.019604911808122016,0.019604911808122016,0.007768786482078409,0.009964517664207426,0.011029397331876693,-0.8299999237060618,-5.789999999999999,10,221,-5.935154408466427,-2.8,-10.0,2,3,2,0,1,"88,23","63,97",93.37,0.030275836368022023,2.030000686645508,1
2017-11-06,57.34,64.27,26.850000381469727,9.4,94.72000122070312,0.030275836368022023,0.030275836368022023,0.012925731666819805,0.012238564574728572,0.012283960478316395,2.030000686645508,-6.929999999999993,9,260,-4.173495385307882,-6.055555555555555,-10.0,1,1,1,0,1,"132,50","118,43",151.97,0.0026194025279990944,1.8999996185302734,1
2017-11-07,57.19,64.36,28.75,9.89,94.91000366210938,-0.0026194025279990944,0.0026194025279990944,0.014240018462978331,0.012869731853979533,0.011556352237766776,1.8999996185302734,-7.170000000000002,15,519,-4.824581469522361,-2.6733333333333333,-10.0,7,5,4,0,1,"113,53","72,76",148.35,0.006490681501182851,-0.7600002288818359,0
2017-11-08,56.82,63.96,27.989999771118164,9.78,94.87000274658205,-0.006490681501182851,0.006490681501182851,0.015515279006123208,0.012840046548629268,0.011869692722953223,-0.7600002288818359,-7.140000000000001,12,363,-4.073293048203612,0.6666666666666666,-10.0,3,8,1,0,1,"181,09","105,68",257.09,0.00596597663562477,0.3800010681152344,0
2017-11-09,57.16,64.49,28.3700008392334,10.5,94.44000244140624,0.00596597663562477,0.00596597663562477,0.015400480590144476,0.01287413976879867,0.011028030480646876,0.3800010681152344,-7.329999999999998,7,181,-3.645535342488558,-4.128571428571428,-10.0,3,2,2,0,1,"109,61","72,85",135.02,0.007198696700154566,1.029998779296882,0
2017-11-10,56.75,64.35,29.39999961853028,11.29,94.38999938964844,-0.007198696700154566,0.007198696700154566,0.015601005095863329,0.011679629896601025,0.011145858978122668,1.029998779296882,-7.599999999999994,20,508,-4.154676786497444,-3.5200000000000005,-9.2,11,5,0,0,1,"107,60","114,93",108.65,0.0003523608211227516,0.8199996948242081,0
2017-11-13,56.77,62.94,30.21999931335449,11.5,94.48999786376952,0.0003523608211227516,0.0003523608211227516,0.00539830283845781,0.011770280245305107,0.011160274975091687,0.8199996948242081,-6.169999999999995,16,845,-0.6168847310209363,-4.09375,-10.0,5,5,4,0,1,"83,04","101,19",69.05,0.019566614987218435,-0.1399993896484375,0
2017-11-14,55.67,60.91,30.07999992370605,11.59,93.83000183105467,-0.019566614987218435,0.019566614987218435,0.009583738554038266,0.014071441325922881,0.012372551816612053,-0.1399993896484375,-5.239999999999995,11,440,-5.693663335163466,-1.409090909090909,-9.2,1,5,0,0,1,"111,66","98,95",158.19,0.00703022273600194,-0.2399997711181605,0
2017-11-15,55.28,61.25,29.84000015258789,13.13,93.80999755859376,-0.00703022273600194,0.00703022273600194,0.009602284268510756,0.014364098234142808,0.012596227196274994,-0.2399997711181605,-5.969999999999999,14,414,-8.023840370431627,-6.585714285714286,-10.0,4,1,3,0,1,"71,93","95,61",66.45,0.002535773863763741,-1.4200000762939453,0
2017-11-16,55.14,61.18,28.420000076293945,11.76,93.93000030517578,-0.002535773863763741,0.002535773863763741,0.007611751819400449,0.014393830185192873,0.011973676363670801,-1.4200000762939453,-6.039999999999999,21,473,-5.356003633393373,-5.080952380952381,-10.0,9,5,9,0,1,"119,27","38,36",179.15,0.019219271418332996,-1.460000991821289,0
2017-11-17,56.21,61.34,26.959999084472656,11.43,93.66000366210938,0.019219271418332996,0.019219271418332996,0.014052835031115731,0.014339083349776653,0.012461512288743612,-1.460000991821289,-5.130000000000003,19,882,-7.041638485984337,-2.7842105263157895,-9.2,9,6,0,0,1,"49,27","22,67",81.94,0.0,0.220001220703125,0
2017-11-20,56.21,61.34,27.18000030517578,10.65,94.08000183105467,0.0,0.0,0.014039516854718024,0.01002773610590675,0.012493681926683273,0.220001220703125,-5.130000000000003,6,220,-4.196521417216958,-7.116666666666667,-10.0,5,1,4,0,1,"57,03","9,48",86.94,0.011145626214916323,-0.5400009155273402,0
2017-11-21,56.84,62.28,26.63999938964844,9.73,93.9499969482422,0.011145626214916323,0.011145626214916323,0.0107580284153276,0.010843383878400751,0.012568660308154343,-0.5400009155273402,-5.439999999999998,20,626,-6.201235843735022,-6.175,-10.0,14,4,11,0,1,"144,84","121,10",194.25,0.01813159853438311,0.19000053405761008,0
2017-11-22,57.88,62.92,26.82999992370605,9.88,93.22000122070312,0.01813159853438311,0.01813159853438311,0.010078601008271093,0.012085073642523168,0.012666651212650452,0.19000053405761008,-5.039999999999999,9,230,-3.9179385841827483,-6.644444444444444,-10.0,7,2,3,0,1,"143,44","80,44",186.37,0.018148075546265435,0.04999923706055043,0
2017-11-24,58.94,63.58,26.8799991607666,9.67,92.76000213623048,0.018148075546265435,0.018148075546265435,0.008115003099712812,0.013116261464139448,0.012972298203173414,0.04999923706055043,-4.640000000000001,5,246,-5.438317376431124,-7.239999999999999,-9.2,2,0,0,0,1,"74,13","92,37",61.64,0.014354313451683054,1.4800014495849574,1
2017-11-27,58.1,63.25,28.36000061035156,9.87,92.9000015258789,-0.014354313451683054,0.014354313451683054,0.013871200161405877,0.013909700529777162,0.01258079520286294,1.4800014495849574,-5.149999999999999,9,487,-6.1740396444183,-4.4,-10.0,5,3,4,0,1,"164,18","182,93",136.52,0.002412546405383878,-0.23000144958495738,0
2017-11-28,57.96,63.56,28.1299991607666,10.03,93.26000213623048,-0.002412546405383878,0.002412546405383878,0.01419692920996238,0.013981139153198402,0.012655802206586995,-0.23000144958495738,-5.600000000000001,10,170,-4.190626757755093,-4.7700000000000005,-10.0,1,2,1,0,1,"101,45","17,59",154.05,0.012325475018132638,-0.10999870300292969,0
2017-11-29,57.25,63.74,28.020000457763672,10.7,93.26000213623048,-0.012325475018132638,0.012325475018132638,0.01590251530202111,0.012879907413417746,0.013130815821222342,-0.10999870300292969,-6.490000000000002,12,286,-5.733384950921067,-5.366666666666667,-10.0,7,2,2,0,1,"99,85","51,94",129.96,0.0026166608911716888,-2.0699996948242188,0
2017-11-30,57.4,63.53,25.950000762939453,11.28,93.01000213623048,0.0026166608911716888,0.0026166608911716888,0.013096887133534038,0.012414815434187515,0.0131074991655121,-2.0699996948242188,-6.130000000000003,15,339,-3.0105872143190395,-3.073333333333333,-9.2,4,5,0,0,1,"111,56","42,78",171.26,0.016415055407044396,-2.220001220703125,0
2017-12-01,58.35,64.57,23.729999542236328,11.43,92.9000015258789,0.016415055407044396,0.016415055407044396,0.012448310912080734,0.01278724842804464,0.013458057520550322,-2.220001220703125,-6.219999999999992,14,413,-4.7327476569598295,-6.721428571428571,-10.0,5,1,1,0,1,"110,04","45,39",151.45,0.01502229752174094,-0.049999237060546875,0
2017-12-04,57.48,63.45,23.68000030517578,11.68,93.19000244140624,-0.01502229752174094,0.01502229752174094,0.012616333784984213,0.013325700700046822,0.013486478483178275,-0.049999237060546875,-5.970000000000006,10,297,-4.201061256036445,-3.6799999999999997,-9.0,4,3,2,0,1,"64,41","64,21",68.86,0.0031266309994319222,-0.5500011444091797,0
2017-12-05,57.66,63.45,23.1299991607666,11.33,93.37999725341795,0.0031266309994319222,0.0031266309994319222,0.012828459670082233,0.013304116544992927,0.011700044126957172,-0.5500011444091797,-5.790000000000006,11,291,-5.423505916098866,-5.990909090909091,-10.0,8,2,4,0,1,"133,24","100,77",145.17,0.03296905035281911,0.0,1
2017-12-06,55.79,62.25,23.1299991607666,11.02,93.61000061035156,-0.03296905035281911,0.03296905035281911,0.01913919865014858,0.016950352194104838,0.013863738875728886,0.0,-6.460000000000001,14,440,-2.679602760458317,-1.8499999999999999,-10.0,4,6,2,0,1,"109,02","58,52",146.44,0.012645996294958266,0.0,0
2017-12-07,56.5,62.37,23.1299991607666,10.16,93.8000030517578,0.012645996294958266,0.012645996294958266,0.020626606756399633,0.01630790739648141,0.014139851575993645,0.0,-5.869999999999997,21,553,-5.862767891475642,-0.6714285714285714,-7.5,3,10,0,0,1,"64,61","8,59",100.29,0.011438752088424355,0.720001220703125,0
2017-12-08,57.15,63.86,23.850000381469727,9.58,93.9000015258789,0.011438752088424355,0.011438752088424355,0.019537197719567943,0.015485263975250881,0.014318957140312515,0.720001220703125,-6.710000000000001,16,500,-2.4193676641397603,-1.84375,-10.0,5,7,1,0,1,"89,09","121,11",80.82,0.01200118760968968,-0.8900012969970703,0
2017-12-11,57.84,65.62,22.959999084472656,9.34,93.87000274658205,0.01200118760968968,0.01200118760968968,0.01951750866685353,0.01559638624186054,0.014454519520341052,-0.8900012969970703,-7.780000000000001,7,174,-4.1673029216017445,-4.628571428571428,-10.0,5,2,4,0,1,"142,70","91,45",161.03,0.012526259819180369,-0.11999893188476562,0
2017-12-12,57.12,64.96,22.84000015258789,9.92,94.0999984741211,-0.012526259819180369,0.012526259819180369,0.02037739542613339,0.016058958331869842,0.014766108268957334,-0.11999893188476562,-7.839999999999996,8,254,-3.584484225387032,-5.525,-10.0,4,2,3,0,1,"97,68","118,55",77.69,0.009322026876896336,0.6499996185302734,0
2017-12-13,56.59,63.66,23.489999771118164,10.18,93.43000030517578,-0.009322026876896336,0.009322026876896336,0.012629924923825043,0.015860017557566965,0.014207530743086408,0.6499996185302734,-7.069999999999993,16,442,-4.119708079414585,-6.89375,-10.0,10,1,7,0,1,"80,26","65,47",91.01,0.0072189766801175476,-0.48999977111816406,0
2017-12-14,57.0,63.72,23.0,10.49,93.48999786376952,0.0072189766801175476,0.0072189766801175476,0.011782074401006865,0.01604744038093979,0.014150333026304177,-0.48999977111816406,-6.719999999999999,11,235,-4.547035496678327,-5.672727272727273,-10.0,6,3,4,0,1,"104,08","45,11",135.47,0.005074820585936367,-1.75,0
2017-12-15,57.29,63.81,21.25,9.42,93.93000030517578,0.005074820585936367,0.005074820585936367,0.010776201047739326,0.01507485846436481,0.014137511206558493,-1.75,-6.520000000000003,14,346,-6.00205835216822,-3.978571428571428,-10.0,7,4,5,0,1,"90,98","82,46",123.8,0.002096803144606447,-2.8199996948242188,0
2017-12-18,57.17,64.45,18.43000030517578,9.53,93.6999969482422,-0.002096803144606447,0.002096803144606447,0.008644663934098448,0.01435531591841901,0.013555632190795645,-2.8199996948242188,-7.280000000000001,5,85,-3.2444762346799707,-2.82,-9.5,2,2,1,0,1,"67,39","41,34",103.46,0.005581734359319738,0.4499988555908203,0
2017-12-19,57.49,63.69,18.8799991607666,10.03,93.47000122070312,0.005581734359319738,0.005581734359319738,0.006927881280486196,0.014445715895619698,0.013594684796884044,0.4499988555908203,-6.199999999999996,10,236,-1.9562544590404418,-2.21,-9.0,2,4,2,0,1,"78,64","49,00",98.08,0.010382512369241566,0.5799999237060547,0
2017-12-20,58.09,64.43,19.459999084472656,9.72,93.3499984741211,0.010382512369241566,0.010382512369241566,0.004591683479612164,0.009046862234351036,0.013566123356059317,0.5799999237060547,-6.340000000000003,9,285,-5.455250993835603,-4.377777777777777,-9.2,4,3,2,0,1,"93,05","64,93",108.32,0.004294432435134141,-1.5999984741210938,0
2017-12-21,58.34,64.64,17.860000610351562,9.62,93.27999877929688,0.004294432435134141,0.004294432435134141,0.004459709774168559,0.008535131936291,0.012991836678925762,-1.5999984741210938,-6.299999999999997,13,535,-6.596548521717774,-5.06923076923077,-10.0,6,3,3,0,1,"94,13","35,75",134.18,0.0015438719937654894,1.399999618530277,1
2017-12-22,58.25,64.61,19.26000022888184,9.9,93.3499984741211,-0.0015438719937654894,0.0015438719937654894,0.005218787792644331,0.008120834734878998,0.012303613310612325,1.399999618530277,-6.359999999999999,10,323,-3.6970606170173537,-2.07,-9.5,3,4,3,0,1,"69,98","37,21",93.11,0.022072203355499215,1.7299995422363246,1
2017-12-26,59.55,,20.989999771118164,10.25,93.26000213623048,0.022072203355499215,0.022072203355499215,0.00886346613457079,0.009933906857101627,0.01284294982962175,1.7299995422363246,,8,150,-6.574928324954029,-0.16249999999999998,-7.5,1,4,0,0,1,"97,95","124,28",74.05,0.0020130857326815187,-0.350000381469723,0
2017-12-27,59.67,66.03,20.63999938964844,10.47,93.02999877929688,0.0020130857326815187,0.0020130857326815187,0.009257640579789589,0.00836278639751629,0.01281493619985374,-0.350000381469723,-6.359999999999999,11,226,-4.8156810480211005,-3.1727272727272724,-10.0,5,4,3,0,1,"115,55","65,83",137.27,0.0028449521322313448,0.0699996948242152,0
2017-12-28,59.84,66.8,20.709999084472656,10.18,92.5999984741211,0.0028449521322313448,0.0028449521322313448,0.009273134866162882,0.0069084254559419805,0.012398617488572196,0.0699996948242152,-6.959999999999994,3,96,-6.126451430227679,-1.0,-10.0,1,2,1,0,1,"128,48","111,38",130.06,0.010307655685090095,0.6100006103515625,0
2017-12-29,60.46,66.73,21.31999969482422,11.04,92.12000274658205,0.010307655685090095,0.010307655685090095,0.009396103598618396,0.0070570815440732055,0.012530387844622015,0.6100006103515625,-6.270000000000003,4,134,-2.2835092914246062,-1.3,-7.2,2,2,0,0,1,"121,56","171,68",67.39,0.0014896965429772823,1.4099998474121094,1
2018-01-02,60.37,66.65,22.729999542236328,9.77,91.8499984741211,-0.0014896965429772823,0.0014896965429772823,0.00938361102466681,0.007436755929074541,0.01212420600626695,1.4099998474121094,-6.280000000000008,11,255,-4.218717104970207,-6.872727272727272,-10.0,5,0,1,0,1,"188,69","94,05",278.94,0.020331902218144515,0.020000457763671875,0
2018-01-03,61.61,67.85,22.75,9.15,92.16000366210938,0.020331902218144515,0.020331902218144515,0.00869902342479677,0.008310179813922642,0.012134837176004727,0.020000457763671875,-6.239999999999995,11,283,-6.391176228426556,-6.972727272727273,-10.0,7,1,4,0,1,"138,02","147,43",172.16,0.005987557333122763,-0.6299991607666016,0
2018-01-04,61.98,68.73,22.1200008392334,9.22,91.8499984741211,0.005987557333122763,0.005987557333122763,0.008325648714454216,0.008300868183832726,0.012147440321830011,-0.6299991607666016,-6.750000000000007,11,514,-4.466122670978792,-4.3999999999999995,-7.2,6,1,0,0,1,"146,36","77,82",194.72,0.007937192394223764,0.17999839782714844,0
2018-01-05,61.49,68.01,22.299999237060547,9.22,91.9499969482422,-0.007937192394223764,0.007937192394223764,0.010871207535228055,0.009529556708199894,0.009082970037745304,0.17999839782714844,-6.520000000000003,10,308,-5.606211566335631,-6.4,-10.0,5,1,2,0,1,"66,52","88,42",59.0,0.003895476440426109,-0.39999961853026633,0
2018-01-08,61.73,68.48,21.89999961853028,9.52,92.33000183105467,0.003895476440426109,0.003895476440426109,0.010526175304314564,0.0095368719253259,0.008897239280366008,-0.39999961853026633,-6.750000000000007,2,39,-5.97266354405367,-7.8,-10.0,1,0,1,0,1,"82,17","92,16",68.33,0.019094041784272674,1.0599994659423757,0
2018-01-09,62.92,69.08,22.959999084472656,10.08,92.52999877929688,0.019094041784272674,0.019094041784272674,0.011722503539681788,0.010027957869251071,0.009367052728943982,1.0599994659423757,-6.159999999999997,8,360,-0.9839600870433548,-6.25,-10.0,4,1,2,0,1,"77,14","63,33",90.56,0.010749392155999333,0.5600013732910156,0
2018-01-10,63.6,69.79,23.520000457763672,9.82,92.33000183105467,0.010749392155999333,0.010749392155999333,0.009900061375216799,0.00878906596172742,0.009320534187610958,0.5600013732910156,-6.190000000000005,12,337,-3.6765704009499016,-5.341666666666666,-9.2,7,2,0,0,1,"71,72","44,69",82.0,0.0032964475341790253,0.0,0
2018-01-11,63.81,70.36,23.520000457763672,9.88,91.8499984741211,0.0032964475341790253,0.0032964475341790253,0.009997894055699454,0.008724105548880265,0.00840365438546958,0.0,-6.549999999999997,11,350,-4.049058795746173,1.981818181818182,-5.0,1,8,0,0,0,"95,51","60,59",108.3,0.00640477078111235,0.0,0
2018-01-12,64.22,69.64,23.520000457763672,10.16,90.97000122070312,0.00640477078111235,0.00640477078111235,0.006515084400072483,0.008620977999702345,0.007641224544268484,0.0,-5.420000000000002,7,134,-5.030893480955815,-2.2142857142857144,-7.0,0,2,0,0,0,"167,51","116,90",222.87,0.006248067811270396,2.8899993896484375,1
2018-01-16,63.82,69.4,26.40999984741211,11.66,90.38999938964844,-0.006248067811270396,0.006248067811270396,0.009345123898726928,0.00947612895439033,0.008135591099873649,2.8899993896484375,-5.580000000000005,11,444,-4.11668670671187,-5.327272727272727,-9.0,7,2,6,0,1,"58,75","45,05",60.13,0.0015656806079218598,-1.7099990844726562,0
2018-01-17,63.92,69.19,24.700000762939453,11.91,90.54000091552734,0.0015656806079218598,0.0015656806079218598,0.006308712645269883,0.009276146333504586,0.00818634783391633,-1.7099990844726562,-5.269999999999996,21,643,-3.024267975336613,-5.261904761904762,-10.0,9,3,6,0,1,"128,26","79,36",154.46,0.0006255865077341677,-0.32000160217285156,0
2018-01-18,63.96,69.48,24.3799991607666,12.22,90.5,0.0006255865077341677,0.0006255865077341677,0.004674313603889397,0.007801688207740687,0.008075700631022005,-0.32000160217285156,-5.520000000000003,10,283,-6.648076981094808,-4.5,-10.0,5,3,4,0,1,"82,81","137,60",91.82,0.009109533702978755,-3.1799983978271484,0
2018-01-19,63.38,68.56,21.200000762939453,11.27,90.56999969482422,-0.009109533702978755,0.009109533702978755,0.006259832468855472,0.008725222504227996,0.008720924925467263,-3.1799983978271484,-5.18,20,720,-3.2023677119944742,-3.8449999999999998,-10.0,4,5,4,0,1,"102,11","105,87",88.31,0.004408067591172004,0.8299999237060547,0
2018-01-22,63.66,69.32,22.030000686645508,11.03,90.4000015258789,0.004408067591172004,0.004408067591172004,0.005677901951842605,0.007966644564629767,0.00862419802154294,0.8299999237060547,-5.659999999999997,30,728,-3.368421099891488,1.1900000000000002,-10.0,9,20,6,0,1,"130,00","153,60",96.09,0.012333307531249758,0.3099994659423828,0
2018-01-23,64.45,69.81,22.34000015258789,11.1,90.12000274658205,0.012333307531249758,0.012333307531249758,0.00771474498639827,0.008449161238298166,0.008795901929657396,0.3099994659423828,-5.359999999999999,11,208,-1.4024457921782556,-1.4272727272727272,-9.0,1,4,1,0,1,"129,00","110,23",153.24,0.019056977519185198,1.5900001525878906,1
2018-01-24,65.69,69.91,23.93000030517578,11.47,89.20999908447266,0.019056977519185198,0.019056977519185198,0.01082669779413545,0.00844196128972055,0.009189143848444768,1.5900001525878906,-4.219999999999999,17,416,-6.878434546039001,-6.752941176470588,-10.0,10,2,5,0,1,"136,35","143,93",153.4,0.0010661793714258456,-1.5799999237060547,0
2018-01-25,65.62,71.08,22.350000381469727,11.58,89.38999938964844,-0.0010661793714258456,0.0010661793714258456,0.01103999929546019,0.008265296282002507,0.008490495237609122,-1.5799999237060547,-5.459999999999994,16,465,-2.7722860570085706,-3.91875,-10.0,4,5,3,0,1,"82,49","34,63",108.3,0.009856778567179841,-0.05999946594238281,0
2018-01-26,66.27,70.08,22.290000915527344,11.08,89.06999969482422,0.009856778567179841,0.009856778567179841,0.007670851056092309,0.00853618036880786,0.008533447720638793,-0.05999946594238281,-3.8100000000000023,8,195,-5.0448277530199075,0.7250000000000001,-9.2,1,5,0,0,1,"65,84","57,43",88.97,0.008486185190359046,0.4399986267089844,0
2018-01-29,65.71,68.41,22.729999542236328,13.84,89.30999755859375,-0.008486185190359046,0.008486185190359046,0.011007681845405872,0.009293215957239595,0.009061048309179875,0.4399986267089844,-2.700000000000003,8,147,-3.2131252195846716,-5.8,-9.2,3,1,0,0,1,"76,44","101,61",50.85,0.016417706696936513,0.17000007629395242,0
2018-01-30,64.64,67.78,22.89999961853028,14.79,89.19000244140625,-0.016417706696936513,0.016417706696936513,0.014153485352908564,0.01077077526568653,0.010098508919296869,0.17000007629395242,-3.1400000000000006,21,619,-3.5827473956373543,0.5952380952380952,-7.2,4,11,0,0,1,"95,89","69,52",101.48,0.0027807835005612454,-0.6700000762939524,0
2018-01-31,64.82,67.78,22.229999542236328,13.54,89.12999725341797,0.0027807835005612454,0.0027807835005612454,0.010149271538608541,0.010781246879617528,0.010035911069728927,-0.6700000762939524,-2.960000000000008,12,252,-6.137273520874411,-3.6833333333333336,-10.0,7,4,6,0,1,"102,41","117,80",111.36,0.01682768788781505,0.010000228881835938,0
2018-02-01,65.92,68.6,22.239999771118164,13.47,88.66999816894531,0.01682768788781505,0.01682768788781505,0.013467137363183748,0.01181965994363386,0.009754254685076484,0.010000228881835938,-2.6799999999999926,27,698,-4.043900461428794,-3.259259259259259,-10.0,13,11,12,0,1,"52,32","48,15",73.63,0.006391742960010063,1.5599994659423828,1
2018-02-02,65.5,67.45,23.799999237060547,17.31,89.19999694824219,-0.006391742960010063,0.006391742960010063,0.012708232458942623,0.011537690062983772,0.009970512724773941,1.5599994659423828,-1.9500000000000028,15,305,-4.272875932709359,-0.4866666666666666,-10.0,5,8,4,0,1,"30,99","23,17",45.1,0.020358506959495336,2.1100006103515625,1
2018-02-05,64.18,67.69,25.90999984741211,37.32,89.55000305175781,-0.020358506959495336,0.020358506959495336,0.01503959976659702,0.01372239439377317,0.011005214141774206,2.1100006103515625,-3.509999999999991,7,194,-3.6614170097017005,-0.9428571428571428,-10.0,3,4,3,0,1,"84,58","84,32",78.14,0.010966740023502673,0.6800003051757812,0
2018-02-06,63.48,66.75,26.59000015258789,29.98,89.58999633789062,-0.010966740023502673,0.010966740023502673,0.014150200688574718,0.013525764859755849,0.011376027585092294,0.6800003051757812,-3.270000000000003,7,178,-2.9079159214576933,-1.4285714285714286,-10.0,3,4,1,0,1,"56,74","34,81",79.84,0.025043178127067592,0.20000076293945312,0
2018-02-07,61.91,65.74,26.790000915527344,27.73,90.26000213623048,-0.025043178127067592,0.025043178127067592,0.016309244875566283,0.013259263158535402,0.012025028013381556,0.20000076293945312,-3.8299999999999983,10,231,-4.267226954432814,-6.75,-10.0,7,2,7,0,1,"76,44","59,27",77.69,0.00990187458897501,2.7099990844726562,1
2018-02-08,61.3,64.26,29.5,33.46,90.2300033569336,-0.00990187458897501,0.00990187458897501,0.007823777425777532,0.01319362847007344,0.011865873221399589,2.7099990844726562,-2.960000000000008,12,336,-4.461450172448402,-7.483333333333333,-10.0,8,1,2,0,1,"93,48","72,94",101.39,0.03485830105220563,0.35000038146972656,1
2018-02-09,59.2,63.04,29.850000381469727,29.06,90.44000244140624,-0.03485830105220563,0.03485830105220563,0.010363981591405082,0.01443615144590372,0.01389071549713436,0.35000038146972656,-3.8399999999999963,6,204,-2.892272227544547,-6.3,-7.2,3,0,0,0,1,"72,10","55,90",79.94,0.0035410204776899637,-0.43000030517578125,0
2018-02-12,59.41,62.2,29.420000076293945,25.61,90.20999908447266,0.0035410204776899637,0.0035410204776899637,0.014834514679479794,0.015176926991663614,0.013794965612878528,-0.43000030517578125,-2.7900000000000063,9,251,-3.415681804619363,-3.2666666666666666,-10.0,4,3,2,0,1,"124,50","124,12",147.89,0.0013474820970981714,0.9699993133544957,0
2018-02-13,59.33,61.94,30.38999938964844,24.97,89.69999694824219,-0.0013474820970981714,0.0013474820970981714,0.016127973756805546,0.01522569723608288,0.01379444800664666,0.9699993133544957,-2.6099999999999994,26,769,-5.361024510772575,-5.892307692307692,-10.0,17,6,14,0,1,"73,42","68,89",79.01,0.022828617794900696,-2.659999847412113,0
2018-02-14,60.7,62.29,27.729999542236328,19.26,89.12000274658203,0.022828617794900696,0.022828617794900696,0.02104002563322746,0.017960795470677113,0.014985351325502178,-2.659999847412113,-1.5899999999999963,14,376,-3.5259932048300366,-3.1857142857142855,-10.0,5,5,4,0,1,"37,50","24,92",41.58,0.012768220604942405,-0.15999984741210938,0
2018-02-15,61.48,62.86,27.56999969482422,19.13,88.58999633789062,0.012768220604942405,0.012768220604942405,0.0218626937984465,0.01741073285459287,0.015363459439821755,-0.15999984741210938,-1.3800000000000026,15,439,-2.6988424579977623,-3.06,-10.0,2,5,1,0,1,"69,70","40,87",95.45,0.006646697080875042,-0.6000003814697301,0
2018-02-16,61.89,64.3,26.96999931335449,19.46,89.0999984741211,0.006646697080875042,0.006646697080875042,0.009324372060376883,0.017939282400890755,0.015382446271257422,-0.6000003814697301,-2.4099999999999966,29,842,-4.581789286761775,-5.444827586206896,-10.0,7,5,6,0,1,"53,12","48,14",48.18,0.00032310177987052743,0.6100006103515625,0
2018-02-20,61.91,64.68,27.57999992370605,20.6,89.72000122070312,0.00032310177987052743,0.00032310177987052743,0.009880133883338903,0.017236001625346973,0.015331244968182865,0.6100006103515625,-2.7700000000000102,9,188,-2.1798774218547963,-6.822222222222222,-9.2,5,0,0,0,1,"91,38","100,21",75.99,0.002911681125336257,-0.6499996185302699,0
2018-02-21,61.73,64.81,26.93000030517578,20.02,90.08000183105467,-0.002911681125336257,0.002911681125336257,0.010276563171180671,0.017040638594685357,0.014987971223357776,-0.6499996185302699,-3.0800000000000054,35,1003,-4.375190075943505,-4.511428571428572,-9.2,17,9,5,0,1,"72,12","28,76",95.95,0.0159103396363479,-1.9500007629394531,0
2018-02-22,62.72,66.12,24.979999542236328,18.72,89.75,0.0159103396363479,0.0159103396363479,0.007977925977205582,0.01598846568048913,0.014768482780620528,-1.9500007629394531,-3.4000000000000057,20,683,-5.221981255442313,-4.885,-10.0,8,5,8,0,1,"53,79","53,62",44.73,0.01267444089672786,-0.6099987030029297,0
2018-02-23,63.52,67.04,24.3700008392334,16.49,89.87999725341797,0.01267444089672786,0.01267444089672786,0.007959734005228305,0.015824075468293963,0.015144376894396351,-0.6099987030029297,-3.520000000000003,16,887,-7.195408414569573,-2.8499999999999996,-10.0,6,6,4,0,1,"74,93","78,63",72.14,0.004555100941375194,-0.01000022888183949,0
2018-02-26,63.81,67.96,24.36000061035156,15.8,89.81999969482422,0.004555100941375194,0.004555100941375194,0.008006796696482018,0.008323275906201457,0.014978290021227912,-0.01000022888183949,-4.1499999999999915,13,321,-5.158366697456586,-6.6461538461538465,-9.2,5,0,0,0,1,"90,38","45,05",120.25,0.013728026243994797,0.9300003051757848,0
2018-02-27,62.94,67.59,25.290000915527344,18.59,90.36000061035156,-0.013728026243994797,0.013728026243994797,0.012010565623715325,0.010690524002714509,0.015144697304019579,0.9300003051757848,-4.650000000000006,13,453,-2.227933866057957,-4.646153846153846,-9.5,3,3,2,0,1,"65,60","37,37",77.92,0.024283576460424717,1.6299991607666016,1
2018-02-28,61.43,66.08,26.920000076293945,19.85,90.61000061035156,-0.024283576460424717,0.024283576460424717,0.017377667857708147,0.014254148958792626,0.015629013125922846,1.6299991607666016,-4.649999999999999,6,478,-2.1653544941473015,-4.733333333333333,-10.0,3,2,1,0,1,"70,13","57,58",89.19,0.007352373615727413,0.05999946594238281,0
2018-03-01,60.98,64.23,26.979999542236328,22.47,90.31999969482422,-0.007352373615727413,0.007352373615727413,0.014622664804646707,0.01282535574011209,0.015611453682672954,0.05999946594238281,-3.250000000000007,23,741,-4.078593433896034,-4.065217391304348,-10.0,13,8,10,0,1,"93,71","112,10",70.13,0.003437835914340499,-0.8299999237060476,0
2018-03-02,61.19,64.26,26.14999961853028,19.59,89.94000244140625,0.003437835914340499,0.003437835914340499,0.012098108636063368,0.012152190199040113,0.014988672870489071,-0.8299999237060476,-3.0700000000000074,6,238,-5.919957782198181,-2.4166666666666665,-10.0,2,3,2,0,1,"151,31","48,92",224.44,0.02102276646654113,0.14999961853026633,0
2018-03-05,62.49,65.78,26.299999237060547,18.73,90.08000183105467,0.02102276646654113,0.02102276646654113,0.017310353876524576,0.013823438017472406,0.015954200552551364,0.14999961853026633,-3.289999999999999,10,285,-3.290675711230972,-3.12,-9.5,6,4,5,0,1,"108,15","79,86",119.91,0.0007998080887048689,-0.75,0
2018-03-06,62.54,65.67,25.549999237060547,18.36,89.62000274658203,0.0007998080887048689,0.0007998080887048689,0.016507839812487272,0.013821801117908632,0.015388849844089263,-0.75,-3.1300000000000026,8,378,-5.25015047027196,-2.9375,-10.0,4,3,2,0,1,"88,45","44,09",110.33,0.02345816536801957,1.3900012969970703,1
2018-03-07,61.09,65.09,26.940000534057617,17.76,89.63999938964844,-0.02345816536801957,0.02345816536801957,0.016221877616148943,0.01584850724799906,0.016041717378303445,1.3900012969970703,-4.0,15,313,-4.02167387476023,-5.993333333333334,-10.0,8,3,6,0,1,"134,18","58,52",195.26,0.01583930161019826,-0.7800006866455078,0
2018-03-08,60.13,63.87,26.15999984741211,16.54,90.12000274658205,-0.01583930161019826,0.01583930161019826,0.0174368598485097,0.01524372087864762,0.01546508090264643,-0.7800006866455078,-3.739999999999995,11,300,-1.7434230087435079,-0.6181818181818182,-7.0,4,6,0,0,0,"106,10","39,17",150.31,0.030948028620825678,0.06999969482421875,1
2018-03-09,62.02,65.19,26.229999542236328,14.64,90.08999633789062,0.030948028620825678,0.030948028620825678,0.02326607399483158,0.018285424513316138,0.01692036173407142,0.06999969482421875,-3.1699999999999946,14,369,-3.1752698728874904,-0.07857142857142849,-10.0,4,9,3,0,1,"101,21","62,09",135.94,0.010861742515382454,-2.2099990844726562,0
2018-03-12,61.35,64.53,24.020000457763672,15.78,89.9000015258789,-0.010861742515382454,0.010861742515382454,0.021270701018878294,0.01828473953764561,0.015018826411921194,-2.2099990844726562,-3.1799999999999997,17,397,-3.9344141944335362,-4.529411764705882,-10.0,7,5,6,0,1,"135,90","42,34",197.76,0.01081623130915675,1.4799995422363281,1
2018-03-13,60.69,64.2,25.5,16.35,89.66000366210938,-0.01081623130915675,0.01081623130915675,0.02129312498896382,0.01813396106730154,0.015271405712977484,1.4799995422363281,-3.510000000000005,25,725,-4.3454666880237305,-5.127999999999999,-10.0,10,5,7,0,1,"119,59","63,58",145.85,0.0032900177727190135,-0.29000091552734375,0
2018-03-14,60.89,63.61,25.209999084472656,17.23,89.69999694824219,0.0032900177727190135,0.0032900177727190135,0.019054565132415092,0.016684719428123187,0.015268041158385029,-0.29000091552734375,-2.719999999999999,18,524,-3.746438734822573,-6.155555555555555,-10.0,7,2,4,0,1,"95,00","24,71",151.12,0.004424423440378769,-0.1399993896484375,0
2018-03-15,61.16,63.67,25.06999969482422,16.59,90.13999938964844,0.004424423440378769,0.004424423440378769,0.01706937245847883,0.016592715610820902,0.014433893900762603,-0.1399993896484375,-2.510000000000005,19,454,-2.8979424978541886,-0.4947368421052631,-9.5,2,10,1,0,1,"189,41","75,53",287.0,0.01830751820519273,-0.5399990081787109,0
2018-03-16,62.29,64.68,24.530000686645508,15.8,90.2300033569336,0.01830751820519273,0.01830751820519273,0.012214327965487238,0.017544654666184798,0.014734188938910672,-0.5399990081787109,-2.3900000000000077,6,132,-2.9217024404739247,-1.5333333333333332,-10.0,2,3,2,0,1,"173,33","38,40",275.45,0.0045052369042676,0.75,0
2018-03-19,62.01,64.82,25.280000686645508,19.02,89.9000015258789,-0.0045052369042676,0.0045052369042676,0.010953913449650113,0.016242857675773166,0.01470647403216228,0.75,-2.809999999999995,15,380,-4.257966192680569,-5.239999999999999,-10.0,5,3,5,0,1,"95,19","66,43",110.81,0.02169490097363899,0.019998550415039062,0
2018-03-20,63.37,66.0,25.299999237060547,18.2,90.37000274658205,0.02169490097363899,0.02169490097363899,0.010989562883592267,0.01774218541985766,0.015479891909476804,0.019998550415039062,-2.6300000000000026,15,532,-5.006051020093374,-5.373333333333333,-10.0,5,2,3,0,1,"134,78","62,02",181.05,0.026933985879097837,0.6500015258789062,0
2018-03-21,65.1,68.15,25.950000762939453,17.86,89.77999877929688,0.026933985879097837,0.026933985879097837,0.013011650580253135,0.01706656028412766,0.01647289756324198,0.6500015258789062,-3.0500000000000114,25,909,-5.9586628496315255,-5.572,-10.0,11,5,10,0,1,"171,26","107,83",232.35,0.013142825439194303,0.5199985504150355,0
2018-03-22,64.25,68.98,26.46999931335449,23.34,89.86000061035156,-0.013142825439194303,0.013142825439194303,0.017595712695183997,0.016694124637480247,0.016523654567574896,0.5199985504150355,-4.730000000000004,11,247,-4.004940807718651,-4.636363636363637,-10.0,3,3,3,0,1,"162,07","110,34",184.07,0.023838114555942255,1.0900001525878942,0
2018-03-23,65.8,69.03,27.559999465942383,24.87,89.44000244140625,0.023838114555942255,0.023838114555942255,0.018414476867502676,0.015662776668138294,0.017109660183154303,1.0900001525878942,-3.230000000000004,12,327,-3.2783451718369596,-3.7916666666666665,-9.2,2,3,0,0,1,"84,12","71,88",93.26,0.004722379101309317,0.14999961853027344,0
2018-03-26,65.49,68.81,27.709999084472656,21.03,89.02999877929688,-0.004722379101309317,0.004722379101309317,0.018460278368896365,0.015039994286245365,0.017155687028976747,0.14999961853027344,-3.3200000000000074,10,259,-4.864497137501368,-5.779999999999999,-10.0,5,1,2,0,1,"81,38","38,18",103.49,0.004284627824851306,-0.3299999237060547,0
2018-03-27,65.21,68.63,27.3799991607666,22.5,89.37000274658203,-0.004284627824851306,0.004284627824851306,0.018325127663444636,0.014327937411330849,0.016847510706261688,-0.3299999237060547,-3.4200000000000017,17,617,-5.850369359364421,-2.023529411764706,-9.2,2,7,0,0,1,"90,82","95,31",119.24,0.014053200161537131,-0.7099990844726562,0
2018-03-28,64.3,68.13,26.670000076293945,22.87,90.05999755859375,-0.014053200161537131,0.014053200161537131,0.015399372240256101,0.015823202999393,0.016155907926104694,-0.7099990844726562,-3.8299999999999983,16,459,-7.013735676089771,-3.06875,-10.0,4,5,1,0,1,"91,53","86,90",101.48,0.008825635981390549,-1.6000003814697266,0
2018-03-29,64.87,69.02,25.06999969482422,19.97,90.1500015258789,0.008825635981390549,0.008825635981390549,0.014712692491983084,0.015852718069535154,0.016052760033922246,-1.6000003814697266,-4.1499999999999915,12,336,-6.484702073248446,-4.841666666666667,-10.0,5,2,3,0,1,"176,91","105,82",213.3,0.028457204814035613,2.460000991821289,1
2018-04-02,63.05,,27.530000686645508,23.62,90.05000305175781,-0.028457204814035613,0.028457204814035613,0.013796178318755705,0.018464813179324892,0.017532671576227905,2.460000991821289,,24,504,-1.6442241117637244,-5.066666666666666,-10.0,6,4,4,0,1,"139,22","105,29",151.7,0.005693515301011668,-0.6400012969970668,0
2018-04-03,63.41,69.02,26.88999938964844,21.1,90.1999969482422,0.005693515301011668,0.005693515301011668,0.015228463789984423,0.018395425299718247,0.016959874216553813,-0.6400012969970668,-5.609999999999999,28,708,-4.159179056706678,-3.025,-10.0,7,9,2,0,1,"105,72","120,45",83.72,0.0009466709447921303,-0.7199993133544957,0
2018-04-04,63.35,66.04,26.170000076293945,20.06,90.13999938964844,-0.0009466709447921303,0.0009466709447921303,0.01541937415213638,0.017080161302109317,0.01696399562516065,-0.7199993133544957,-2.690000000000005,18,348,-2.0576242573242336,0.20555555555555566,-10.0,3,10,1,0,1,"70,67","79,26",58.76,0.0028373285112938394,-1.7900009155273438,0
2018-04-05,63.53,66.54,24.3799991607666,18.94,90.45999908447266,0.0028373285112938394,0.0028373285112938394,0.015000326178431977,0.01433182893436743,0.015988679489161092,-1.7900009155273438,-3.010000000000005,16,426,-4.351564804985234,-6.5249999999999995,-10.0,10,1,3,0,1,"69,10","34,44",93.37,0.023894096293415733,0.6100006103515625,0
2018-04-06,62.03,66.51,24.989999771118164,21.49,90.11000061035156,-0.023894096293415733,0.023894096293415733,0.015978766573005083,0.015573318351271804,0.016552096031530596,0.6100006103515625,-4.480000000000004,11,346,-2.717648575652196,-1.8454545454545452,-10.0,4,4,1,0,1,"100,50","104,20",120.34,0.021845722458154092,0.649999618530277,0
2018-04-09,63.4,68.19,25.63999938964844,21.77,89.83999633789062,0.021845722458154092,0.021845722458154092,0.016457499420128956,0.015192561016083024,0.015809881800570264,0.649999618530277,-4.789999999999999,19,555,-3.593752561134805,-2.594736842105263,-10.0,4,7,1,0,1,"102,21","120,42",115.9,0.03228089105975402,2.409999847412106,1
2018-04-10,65.48,70.67,28.049999237060547,20.47,89.58999633789062,0.03228089105975402,0.03228089105975402,0.021753081978409274,0.018959414504550565,0.016990965487242667,2.409999847412106,-5.189999999999998,31,700,-2.920174081091186,-3.925806451612903,-10.0,8,8,1,0,1,"213,29","234,33",188.22,0.020108017434451682,1.3700008392333984,1
2018-04-11,66.81,72.74,29.420000076293945,20.24,89.56999969482422,0.020108017434451682,0.020108017434451682,0.022005823814186778,0.019895152353929454,0.01704980493339463,1.3700008392333984,-5.929999999999993,19,620,-3.5607030003779307,-5.363157894736842,-9.2,9,2,0,0,1,"102,49","49,05",136.36,0.0038840801742596664,-0.6900005340576172,0
2018-04-12,67.07,71.44,28.729999542236328,18.49,89.75,0.0038840801742596664,0.0038840801742596664,0.021917892395209016,0.019034509921469697,0.01704754643311488,-0.6900005340576172,-4.3700000000000045,29,896,-3.2661255986742073,-3.158620689655172,-10.0,9,10,6,0,1,"296,52","320,95",302.92,0.004166052744727054,-0.20999908447265625,0
2018-04-13,67.35,73.18,28.520000457763672,17.41,89.80000305175781,0.004166052744727054,0.004166052744727054,0.012266921819204267,0.018966085923616392,0.01704797055120332,-0.20999908447265625,-5.8300000000000125,10,239,-2.442736167627171,0.16000000000000006,-9.2,2,6,0,0,1,"117,61","93,80",136.91,0.01676937035948476,0.31999969482421875,0
2018-04-16,66.23,72.05,28.84000015258789,16.56,89.43000030517578,-0.01676937035948476,0.01676937035948476,0.01856498125028403,0.01702106695794845,0.0173883422191722,0.31999969482421875,-5.819999999999993,13,297,-4.072850595954237,-4.961538461538462,-10.0,6,3,3,0,1,"194,29","193,69",226.18,0.004068415164920299,-0.9600009918212891,0
2018-04-17,66.5,71.71,27.8799991607666,15.25,89.5199966430664,0.004068415164920299,0.004068415164920299,0.013102988658965746,0.01702062486493429,0.017297291328275493,-0.9600009918212891,-5.209999999999994,14,266,-4.813566746165362,-3.7642857142857147,-9.2,4,3,0,0,1,"178,37","59,27",261.32,0.02875550136218417,1.5400009155273438,1
2018-04-18,68.44,73.73,29.420000076293945,15.6,89.62000274658203,0.02875550136218417,0.02875550136218417,0.016131317415950173,0.01844640204766463,0.01775430111051906,1.5400009155273438,-5.290000000000006,17,601,-4.904672580955857,-5.970588235294118,-10.0,7,2,5,0,1,"234,36","26,96",367.27,0.0020476824472483515,-0.059999465942386365,0
2018-04-19,68.3,74.85,29.36000061035156,15.96,89.94000244140625,-0.0020476824472483515,0.0020476824472483515,0.016432746750812906,0.018653832453471773,0.016934717344106395,-0.059999465942386365,-6.549999999999997,12,334,-3.743394679917266,-4.825,-10.0,6,3,3,0,1,"214,14","174,27",225.3,0.0005858230981832524,-0.3700008392333949,0
2018-04-20,68.26,74.62,28.989999771118164,16.88,90.31999969482422,-0.0005858230981832524,0.0005858230981832524,0.016531439506504948,0.01552519346909871,0.016556726639175474,-0.3700008392333949,-6.359999999999999,11,396,-5.030938160368225,-7.036363636363637,-10.0,3,0,1,0,1,"71,07","31,49",91.93,0.00956804237597453,-0.020000457763675428,0
2018-04-23,67.61,74.54,28.96999931335449,16.34,90.94000244140624,-0.00956804237597453,0.00956804237597453,0.014615557380565707,0.015938109467161676,0.0160232071755195,-0.020000457763675428,-6.930000000000007,11,508,-3.853850188066369,-5.581818181818182,-10.0,7,2,4,0,1,"88,52","74,31",100.73,0.0007392622499759603,0.1800003051757919,0
2018-04-24,67.66,75.86,29.14999961853028,18.02,90.7699966430664,0.0007392622499759603,0.0007392622499759603,0.014694369095804958,0.013126683074402784,0.015960565910250798,0.1800003051757919,-8.200000000000003,9,332,-3.3704894623895774,-4.5,-10.0,4,3,4,0,1,"150,57","58,11",218.1,0.005012541823544414,-0.9899997711181712,0
2018-04-25,68.0,73.79,28.15999984741211,17.84,91.16999816894533,0.005012541823544414,0.005012541823544414,0.005325313889385236,0.011774127731147943,0.01591456243517383,-0.9899997711181712,-5.790000000000006,11,249,-1.12424195235778,-5.636363636363637,-10.0,6,2,2,0,1,"193,13","117,19",244.38,0.002643561533650373,-1.2999992370605504,0
2018-04-26,68.18,75.39,26.86000061035156,16.24,91.55999755859376,0.002643561533650373,0.002643561533650373,0.005566252353324757,0.011755847055115022,0.015454174483638497,-1.2999992370605504,-7.209999999999994,25,744,-2.8980979485024476,-4.792,-10.0,15,7,8,0,1,"146,27","85,78",207.48,0.0010272214565301364,-1.2700004577636683,0
2018-04-27,68.11,75.33,25.59000015258789,15.41,91.54000091552734,-0.0010272214565301364,0.0010272214565301364,0.005574388087001964,0.011746633332599338,0.015413318859511619,-1.2700004577636683,-7.219999999999999,15,417,-5.17228558715311,-5.753333333333333,-10.0,7,3,2,0,1,"91,80","53,39",114.51,0.006585229036297494,2.690000534057617,1
2018-04-30,68.56,75.92,28.280000686645508,15.93,91.83999633789062,0.006585229036297494,0.006585229036297494,0.0030879444016878744,0.009983582204353051,0.013601855820862681,2.690000534057617,-7.359999999999999,8,217,-2.5894700951510403,-1.05,-9.0,3,4,2,0,1,"134,54","111,00",138.88,0.018846258624831726,-0.21000099182128906,0
2018-05-01,67.28,74.85,28.06999969482422,15.49,92.4499969482422,-0.018846258624831726,0.018846258624831726,0.010312270180889658,0.012209408149428062,0.014533901703815391,-0.21000099182128906,-7.569999999999993,11,464,-4.439216185455634,-1.8181818181818181,-10.0,3,6,1,0,1,"155,35","72,88",197.56,0.00932028346100735,-0.75,0
2018-05-02,67.91,73.14,27.31999969482422,15.97,92.51000213623048,0.00932028346100735,0.00932028346100735,0.01110300838324611,0.008227122903809711,0.01456984944116296,-0.75,-5.230000000000004,15,312,-2.9862121581029104,-1.7466666666666666,-10.0,5,8,5,0,1,"186,62","160,68",239.83,0.00792025260875798,-0.6299991607666016,0
2018-05-03,68.45,73.45,26.690000534057617,15.9,92.41000366210938,0.00792025260875798,0.00792025260875798,0.011684133080079701,0.008649147875713104,0.014602428269968548,-0.6299991607666016,-5.0,16,582,-7.320569421313692,-2.9875,-10.0,4,6,4,0,1,"125,34","44,63",193.56,0.018240227763849218,-0.5200004577636719,0
2018-05-04,69.71,74.75,26.170000076293945,14.77,92.56999969482422,0.018240227763849218,0.018240227763849218,0.013901614006917102,0.010338334648075688,0.013397004485057411,-0.5200004577636719,-5.040000000000006,2,82,-7.4395363128438685,-5.0,-5.0,0,0,0,0,0,"139,02","23,76",217.98,0.014667404279027154,2.6900005340576136,1
2018-05-07,70.74,,28.86000061035156,14.75,92.75,0.014667404279027154,0.014667404279027154,0.014634345723152479,0.010137362535957798,0.013036840469221461,2.6900005340576136,,19,550,-3.9647237042404364,-5.868421052631579,-10.0,10,3,6,0,1,"79,70","39,73",99.41,0.02737148736706167,-2.1000003814697195,0
2018-05-08,68.83,74.16,26.76000022888184,14.71,93.12000274658205,-0.02737148736706167,0.02737148736706167,0.018322661009454736,0.014333168387812109,0.013400555550552683,-2.1000003814697195,-5.329999999999998,17,821,-5.281561632184438,-2.770588235294117,-10.0,6,6,2,0,1,"125,37","48,07",168.4,0.033291166387361626,-0.05000114440918324,1
2018-05-09,71.16,77.6,26.709999084472656,13.42,93.04000091552734,0.033291166387361626,0.033291166387361626,0.02253332086495434,0.017496668904376178,0.01458446409878066,-0.05000114440918324,-6.439999999999998,23,645,-1.9437471345113757,-2.221739130434783,-10.0,3,10,3,0,1,"284,19","132,80",413.54,0.0028066254741194938,-0.0999984741210973,0
2018-05-10,71.36,77.59,26.61000061035156,13.23,92.6500015258789,0.0028066254741194938,0.0028066254741194938,0.02272960046674479,0.017494778582686794,0.014583614938847585,-0.0999984741210973,-6.230000000000004,15,284,-2.0391210331318854,-4.66,-10.0,5,4,2,0,1,"233,39","73,48",367.72,0.009433368088891333,-0.8700008392333949,0
2018-05-11,70.69,77.37,25.739999771118164,12.65,92.54000091552734,-0.009433368088891333,0.009433368088891333,0.023078779138243768,0.017988000046165038,0.014845976190119637,-0.8700008392333949,-6.680000000000007,17,540,-1.3789469959930345,-1.4,-10.0,6,8,4,0,1,"163,63","79,58",225.67,0.0045165920111396585,0.1900005340576172,0
2018-05-14,71.01,78.17,25.93000030517578,12.93,92.58999633789062,0.0045165920111396585,0.0045165920111396585,0.02220283068784417,0.01796324074599578,0.01414430094286317,0.1900005340576172,-7.159999999999997,22,629,-5.672618986505499,-2.4272727272727272,-10.0,8,9,3,0,1,"125,73","77,14",184.97,0.004636467736743234,0.6800003051757777,0
2018-05-15,71.34,78.94,26.61000061035156,14.63,93.22000122070312,0.004636467736743234,0.004636467736743234,0.015735988615309154,0.016160209123975283,0.014146105718260426,0.6800003051757777,-7.599999999999994,35,1653,-6.230459275389517,-4.334285714285714,-10.0,20,10,6,0,1,"112,64","66,55",159.58,0.0012607692361356186,-0.8800010681152308,0
2018-05-16,71.43,78.19,25.729999542236328,13.42,93.38999938964844,0.0012607692361356186,0.0012607692361356186,0.005862660465918735,0.01616940048628904,0.01283951830905504,-0.8800010681152308,-6.759999999999991,28,862,-3.3150134664228794,-0.5857142857142857,-10.0,5,16,3,0,1,"150,57","123,62",147.3,0.0005598320650062915,-0.6199989318847692,0
2018-05-17,71.47,80.09,25.11000061035156,13.43,93.47000122070312,0.0005598320650062915,0.0005598320650062915,0.005751376367806189,0.016191912575031962,0.01280797853156364,-0.6199989318847692,-8.620000000000005,24,465,-3.800273273799654,-2.375,-10.0,5,10,5,0,1,"152,69","67,65",218.67,0.003363703241624943,0.11999893188476918,0
2018-05-18,71.23,78.38,25.229999542236328,13.42,93.63999938964844,-0.003363703241624943,0.003363703241624943,0.003298923893043346,0.015556651016792331,0.01285553359827564,0.11999893188476918,-7.1499999999999915,6,170,-3.267095688604278,-8.333333333333334,-10.0,4,0,4,0,1,"92,46","80,15",106.97,0.014356647729231651,0.5600013732910156,0
2018-05-21,72.26,78.34,25.790000915527344,13.08,93.68000030517578,0.014356647729231651,0.014356647729231651,0.006706843952125366,0.015529169931330954,0.012822843350298577,0.5600013732910156,-6.079999999999998,24,744,-3.116998614785257,-1.7999999999999998,-9.2,6,10,0,0,1,"125,67","60,13",175.55,0.0023553873030069217,0.0999984741210973,0
2018-05-22,72.09,80.42,25.88999938964844,13.22,93.61000061035156,-0.0023553873030069217,0.0023553873030069217,0.007123973927720032,0.011821820246747316,0.012874265283577227,0.0999984741210973,-8.329999999999998,13,374,-1.796875137875422,-2.353846153846154,-7.2,6,5,0,0,1,"81,85","28,80",120.11,0.0033347258914533853,0.1500015258789027,0
2018-05-23,71.85,78.69,26.040000915527344,12.58,94.01000213623048,-0.0033347258914533853,0.0033347258914533853,0.007542137085204293,0.006372242586112261,0.01294652345236201,0.1500015258789027,-6.840000000000003,14,417,-5.259143408106245,-2.257142857142857,-10.0,7,6,4,0,1,"179,17","99,69",214.82,0.015145430437340571,-0.6700000762939453,0
2018-05-24,70.77,78.9,25.3700008392334,12.53,93.77999877929688,-0.015145430437340571,0.015145430437340571,0.010536896971913925,0.008092349850661191,0.013551421182018002,-0.6700000762939453,-8.13000000000001,15,705,-5.8411538918416746,-2.1666666666666665,-10.0,4,7,4,0,1,"153,59","16,55",248.53,0.04110464008460142,2.389999389648441,1
2018-05-25,67.92,76.6,27.76000022888184,13.22,94.19000244140624,-0.04110464008460142,0.04110464008460142,0.020548226811260412,0.015044682602469883,0.01661772973891277,2.389999389648441,-8.679999999999993,8,297,-6.615091360745866,-3.9875,-9.2,2,2,0,0,1,"140,56","37,87",214.8,0.016627461460491953,1.2800006866455043,0
2018-05-29,66.8,74.51,29.040000915527344,17.02,94.83000183105467,-0.016627461460491953,0.016627461460491953,0.01563282801212643,0.015200173054893412,0.016930991829615015,1.2800006866455043,-7.710000000000008,8,153,-3.5923743477033,-4.0,-10.0,2,2,1,0,1,"71,24","10,15",110.01,0.021327822640823543,-1.1400012969970632,0
2018-05-30,68.24,75.89,27.89999961853028,14.94,94.1500015258789,0.021327822640823543,0.021327822640823543,0.02268801524724097,0.017285040471516334,0.017121831878478332,-1.1400012969970632,-7.650000000000006,11,327,-3.6019445523955267,-5.627272727272727,-10.0,5,2,3,0,1,"141,91","105,09",202.29,0.01863683581736501,-0.2899990081787216,0
2018-05-31,66.98,76.45,27.61000061035156,15.43,93.98999786376952,-0.01863683581736501,0.01863683581736501,0.02243003242222545,0.01769591590265517,0.01751837934453813,-0.2899990081787216,-9.469999999999999,17,411,-2.827426083537704,-2.735294117647059,-10.0,7,7,3,0,1,"92,14","104,98",80.26,0.017622264898030843,1.0399990081787216,0
2018-06-01,65.81,74.54,28.64999961853028,13.46,94.19000244140624,-0.017622264898030843,0.017622264898030843,0.022487899254780543,0.017831221958234226,0.017786674967635162,1.0399990081787216,-8.730000000000004,18,521,-1.7369201427945615,1.2555555555555555,-9.0,3,13,0,0,1,"186,23","63,20",263.59,0.016083673658593308,0.8400001525878835,0
2018-06-04,64.76,73.41,29.489999771118164,12.74,94.0199966430664,-0.016083673658593308,0.016083673658593308,0.017276783656191865,0.017897448176305973,0.01738574817465598,0.8400001525878835,-8.649999999999991,20,891,-2.490875238476586,-2.07,-7.0,2,7,0,0,0,"146,14","29,14",218.74,0.011514673934350583,-0.1900005340576172,0
2018-06-05,65.51,72.91,29.299999237060547,12.4,93.88999938964844,0.011514673934350583,0.011514673934350583,0.01889425835632712,0.017494153407058236,0.017224152097164436,-0.1900005340576172,-7.3999999999999915,23,872,-2.3406069513011407,-0.34347826086956507,-9.2,4,12,0,0,1,"178,04","64,54",242.25,0.011669102164137973,-0.15999984741210582,0
2018-06-06,64.75,73.23,29.13999938964844,11.64,93.66000366210938,-0.011669102164137973,0.011669102164137973,0.01259091768560787,0.017300221142009332,0.016434888679138504,-0.15999984741210582,-8.480000000000004,9,154,-3.7216864713536704,0.9444444444444444,-8.0,2,7,2,0,1,"108,61","33,32",159.78,0.01851479711175096,-1.0900001525878942,0
2018-06-07,65.96,75.23,28.049999237060547,12.13,93.4000015258789,0.01851479711175096,0.01851479711175096,0.01683511842834284,0.019569998373476387,0.014982959047027117,-1.0900001525878942,-9.27000000000001,10,247,-5.473139037818776,-5.279999999999999,-10.0,5,2,4,0,1,"88,73","42,12",119.46,0.0028846903781384933,-0.45999908447265625,0
2018-06-08,65.77,75.11,27.59000015258789,12.18,93.5500030517578,-0.0028846903781384933,0.0028846903781384933,0.01481962751330982,0.01949502994538777,0.014904838249742208,-0.45999908447265625,-9.340000000000003,21,463,-5.923851793437282,-5.109523809523809,-10.0,4,4,1,0,1,"116,16","44,83",155.8,0.005004939544380929,-0.7299995422363317,0
2018-06-11,66.1,74.58,26.86000061035156,12.35,93.58000183105467,0.005004939544380929,0.005004939544380929,0.011843068526717657,0.01570228872589946,0.014981297466457178,-0.7299995422363317,-8.480000000000004,10,265,-4.033726060485583,-5.57,-10.0,3,2,1,0,1,"135,01","48,07",192.45,0.004227059434187993,-0.2800006866455078,0
2018-06-12,66.38,74.86,26.57999992370605,12.34,93.8000030517578,0.004227059434187993,0.004227059434187993,0.01112871824114787,0.015019433850213672,0.0149734267263114,-0.2800006866455078,-8.480000000000004,25,683,-1.246039512106033,-1.9040000000000001,-10.0,5,12,1,0,1,"155,89","69,07",208.84,0.003759120282617322,0.5,0
2018-06-13,66.63,75.07,27.07999992370605,12.94,93.70999908447266,0.003759120282617322,0.003759120282617322,0.007815572144446526,0.013065975535605862,0.014949998783629383,0.5,-8.439999999999998,23,558,-2.503995694523158,0.782608695652174,-7.2,7,14,0,0,1,"140,87","56,18",200.81,0.004193506220279727,-0.38999938964843395,0
2018-06-14,66.91,74.77,26.690000534057617,12.12,94.7699966430664,0.004193506220279727,0.004193506220279727,0.0032425969841937546,0.011849182747941975,0.015012528051551075,-0.38999938964843395,-7.859999999999999,20,695,-4.960959248535239,-3.815,-9.0,7,5,1,0,1,"188,49","135,93",220.09,0.02880732857834812,0.9499988555908239,1
2018-06-15,65.01,72.02,27.63999938964844,11.98,94.79000091552734,-0.02880732857834812,0.02880732857834812,0.014811133189150467,0.014016246458326925,0.01602070949919259,0.9499988555908239,-7.009999999999991,22,791,-5.266987040371468,-4.95,-10.0,12,6,8,0,1,"69,98","23,26",96.99,0.01374907084825092,-0.05999946594238992,0
2018-06-18,65.91,74.87,27.57999992370605,12.31,94.75,0.01374907084825092,0.01374907084825092,0.01633115431526874,0.013672456775878717,0.016546267439344647,-0.05999946594238992,-8.960000000000008,18,588,-3.665629780532519,0.5,-7.0,0,11,0,0,0,"47,08","34,13",56.94,0.012519247480332493,0.43000030517578836,0
2018-06-19,65.09,74.92,28.01000022888184,13.35,95.08999633789062,-0.012519247480332493,0.012519247480332493,0.01681011595250437,0.01387809950038837,0.0160716843278058,0.43000030517578836,-9.829999999999998,17,824,-5.643286327715419,-1.4352941176470588,-7.5,2,8,0,0,1,"99,42","36,04",142.8,0.012670958016920392,0.04999923706054332,0
2018-06-20,65.92,74.25,28.059999465942383,12.79,95.05999755859376,0.012670958016920392,0.012670958016920392,0.018240172070132704,0.013863888488378072,0.01655679616513072,0.04999923706054332,-8.329999999999998,17,515,-2.3629641264700267,-1.6705882352941175,-9.0,6,7,2,0,1,"121,34","72,58",141.26,0.00364742045704342,-0.279998779296875,0
2018-06-21,65.68,72.87,27.780000686645508,14.64,94.87000274658205,-0.00364742045704342,0.00364742045704342,0.01789299860578432,0.012607904177980248,0.016555811652358195,-0.279998779296875,-7.189999999999998,9,169,-5.454194013117947,-4.7444444444444445,-10.0,5,3,4,0,1,"93,60","73,03",121.82,0.049601852525684505,-2.260000228881836,1
2018-06-22,69.02,73.67,25.520000457763672,13.77,94.5199966430664,0.049601852525684505,0.049601852525684505,0.023787811049928827,0.020143451483501384,0.02027507307697183,-2.260000228881836,-4.650000000000006,17,838,-6.319214360672777,-5.294117647058823,-10.0,5,3,3,0,1,"57,31","22,85",82.6,0.012812382854036528,0.5799999237060547,0
2018-06-25,69.91,72.82,26.100000381469727,17.33,94.27999877929688,0.012812382854036528,0.012812382854036528,0.023773992147145557,0.020301957591455772,0.018172722082339884,0.5799999237060547,-2.9099999999999966,16,355,-2.8366999375298456,-5.04375,-9.5,7,4,5,0,1,"87,78","64,48",107.57,0.07334138704823652,-0.43000030517578125,1
2018-06-26,75.23,73.58,25.670000076293945,15.92,94.68000030517578,0.07334138704823652,0.07334138704823652,0.03156388681007856,0.02947372575611329,0.023744985240411864,-0.43000030517578125,1.6500000000000057,18,494,-5.7293739587754215,-7.916666666666667,-10.0,8,0,5,0,1,"137,23","56,61",212.49,0.028565883644491787,2.020000457763672,1
2018-06-27,77.41,76.09,27.690000534057617,17.91,95.29000091552734,0.028565883644491787,0.028565883644491787,0.030288368267575624,0.029697944623739446,0.02404508285658359,2.020000457763672,1.3199999999999932,19,413,-5.5343679332506905,-4.594736842105263,-10.0,9,4,2,0,1,"130,60","63,13",164.55,0.05251106859673565,-0.3400001525878906,1
2018-06-28,73.45,76.26,27.350000381469727,16.85,95.38999938964844,-0.05251106859673565,0.05251106859673565,0.04763550994373055,0.03660099063506945,0.026916014769183785,-0.3400001525878906,-2.8100000000000023,19,624,-3.0119393327947668,-4.563157894736842,-10.0,7,5,2,0,1,"88,44","64,12",100.29,0.009215406048741971,-0.1700000762939453,0
2018-06-29,74.13,77.44,27.18000030517578,16.09,94.62999725341795,0.009215406048741971,0.009215406048741971,0.04522495067085213,0.034088134351839876,0.026413572292758685,-0.1700000762939453,-3.3100000000000023,16,439,-4.072052140816496,-5.4375,-10.0,9,2,1,0,1,"141,04","98,81",164.83,0.0032428078680720577,1.4699993133544993,1
2018-07-02,73.89,76.71,28.64999961853028,15.6,94.87000274658205,-0.0032428078680720577,0.0032428078680720577,0.045920256397416745,0.03447503227902019,0.026002608662414904,1.4699993133544993,-2.819999999999993,6,148,-1.0221769463849628,-1.7333333333333334,-7.2,2,3,0,0,1,"123,03","72,68",143.98,0.004051869400878319,-0.06999969482422941,0
2018-07-03,74.19,75.87,28.57999992370605,16.14,94.58999633789062,0.004051869400878319,0.004051869400878319,0.030193219090935565,0.03358273833367379,0.025981824826857364,-0.06999969482422941,-1.6800000000000068,22,1193,-5.26616147707754,-3.1454545454545455,-10.0,6,7,3,0,1,"146,82","137,22",129.71,0.015485232004726079,0.19000053405762074,0
2018-07-05,73.05,77.09,28.770000457763672,14.97,94.47000122070312,-0.015485232004726079,0.015485232004726079,0.024682560684761334,0.03478035842679207,0.026133693035312957,0.19000053405762074,-4.040000000000006,11,340,-4.004870174383464,-3.6090909090909093,-9.0,2,3,0,0,1,"119,57","97,13",117.84,0.009943553971821052,-0.6400012969970703,0
2018-07-06,73.78,74.98,28.1299991607666,13.37,94.04000091552734,0.009943553971821052,0.009943553971821052,0.010565329532927582,0.034439954806897315,0.025988063761406107,-0.6400012969970703,-1.2000000000000028,11,220,-5.302347958400479,-0.6363636363636364,-10.0,1,6,1,0,1,"128,33","63,97",166.74,0.0020310074004791963,-0.009998321533203125,0
2018-07-09,73.93,77.08,28.1200008392334,12.69,94.08000183105467,0.0020310074004791963,0.0020310074004791963,0.009595120857199685,0.031796069793426064,0.025926749009246564,-0.009998321533203125,-3.1499999999999915,6,178,3.7162514872634986,-4.833333333333333,-7.0,0,1,0,0,0,"170,47","174,53",137.92,0.0024317763942586375,-1.220001220703118,0
2018-07-10,74.11,77.8,26.89999961853028,12.64,94.11000061035156,0.0024317763942586375,0.0024317763942586375,0.009530938210655433,0.03175000817507596,0.02593753369523513,-1.220001220703118,-3.6899999999999977,15,660,-2.642147694064738,-1.7333333333333332,-10.0,5,8,2,0,1,"121,88","78,11",144.78,0.050363388624336425,1.6599998474121023,1
2018-07-11,70.47,75.35,28.559999465942383,13.63,94.72000122070312,-0.050363388624336425,0.050363388624336425,0.024268881431928138,0.026126238679441974,0.028815538064604226,1.6599998474121023,-4.8799999999999955,13,549,-5.074610359742093,-7.6692307692307695,-10.0,8,1,6,0,1,"125,25","68,89",150.83,0.0026998240200346887,-0.75,0
2018-07-12,70.28,72.11,27.809999465942383,12.58,94.80999755859376,-0.0026998240200346887,0.0026998240200346887,0.024257998482378494,0.023161327754386823,0.02884264064382886,-0.75,-1.8299999999999983,4,81,-5.884070167450019,-2.7249999999999996,-9.2,2,2,1,0,1,"172,86","88,17",247.37,0.010615059690822177,-0.26999855041503906,0
2018-07-13,71.03,74.11,27.540000915527344,12.18,94.75,0.010615059690822177,0.010615059690822177,0.0243818596971757,0.01827189563883604,0.028896225397311175,-0.26999855041503906,-3.0799999999999983,4,84,-8.589201654474053,-7.75,-9.0,2,0,0,0,1,"125,48","164,40",119.24,0.04036454601921891,1.4699993133544957,1
2018-07-16,68.22,71.03,29.01000022888184,12.83,94.51000213623048,-0.04036454601921891,0.04036454601921891,0.027383530746416068,0.021005565336283647,0.02967070130618421,1.4699993133544957,-2.8100000000000023,16,408,-4.558257600480187,-4.71875,-10.0,10,5,6,0,1,"168,76","115,37",232.55,0.002788992633530211,-1.0100002288818395,0
2018-07-17,68.03,70.87,28.0,12.06,94.97000122070312,-0.002788992633530211,0.002788992633530211,0.02658939915539826,0.02101821136751503,0.029568327579339478,-1.0100002288818395,-2.8400000000000034,13,267,-3.8461403508454652,-2.253846153846154,-10.0,2,6,1,0,1,"100,80","91,35",114.29,0.010964220647150727,-0.7600002288818359,0
2018-07-18,68.78,70.52,27.239999771118164,12.1,95.08000183105467,0.010964220647150727,0.010964220647150727,0.02097266981684949,0.021574514421742134,0.02944486144060899,-0.7600002288818359,-1.7399999999999949,17,546,-3.8958551412699554,0.6470588235294118,-10.0,3,12,3,0,1,"88,57","44,15",117.84,0.009262005429520012,-0.39999961853027344,0
2018-07-19,69.42,71.94,26.84000015258789,12.87,95.16999816894533,0.009262005429520012,0.009262005429520012,0.02193989011048709,0.021981408772259264,0.029394275876926872,-0.39999961853027344,-2.519999999999996,17,464,-3.0103313568258883,-7.2823529411764705,-10.0,10,1,4,0,1,"143,05","169,35",118.95,0.012739025777429712,-0.8299999237060511,0
2018-07-20,70.31,71.99,26.01000022888184,12.86,94.45999908447266,0.012739025777429712,0.012739025777429712,0.02227440501115065,0.02221051948551491,0.02943970354018517,-0.8299999237060511,-1.6799999999999926,18,556,-3.4689463794037687,-6.35,-10.0,9,2,5,0,1,"54,10","16,59",76.13,0.03487800164641944,0.13999938964844105,1
2018-07-23,67.9,73.45,26.14999961853028,12.62,94.66999816894533,-0.03487800164641944,0.03487800164641944,0.019925573135568687,0.023945026657234778,0.02850852949554284,0.13999938964844105,-5.549999999999997,8,188,-0.5563919148990701,0.8875000000000002,-9.2,2,6,0,0,1,"161,71","87,93",195.59,0.041399147523042766,-0.5,1
2018-07-24,70.77,73.53,25.64999961853028,12.41,94.61000061035156,0.041399147523042766,0.041399147523042766,0.027325862063557957,0.028634669253363075,0.029910066680489615,-0.5,-2.760000000000005,14,1130,-6.106059564114105,-5.828571428571428,-9.0,3,2,0,0,1,"161,13","94,49",189.15,0.005074006657730405,-0.3099994659423899,0
2018-07-25,71.13,73.67,25.34000015258789,12.29,94.36000061035156,0.005074006657730405,0.005074006657730405,0.027287528140084283,0.023741068623664645,0.024596599468331582,-0.3099994659423899,-2.5400000000000063,12,317,-3.324710318844822,-1.2416666666666665,-7.2,2,6,0,0,1,"105,16","69,89",153.03,0.006446210662669977,-0.46000099182128906,0
2018-07-26,71.59,74.51,24.8799991607666,12.14,94.75,0.006446210662669977,0.006446210662669977,0.027250962820727923,0.023761763377121308,0.02358855732186955,-0.46000099182128906,-2.9200000000000017,13,307,-3.8837409881181517,-5.361538461538462,-7.2,5,1,0,0,1,"107,87","161,31",82.22,0.041788611378547745,0.09000015258788707,1
2018-07-27,68.66,74.84,24.96999931335449,13.03,94.68000030517578,-0.041788611378547745,0.041788611378547745,0.03402633271328547,0.027150089603785357,0.022523572674082,0.09000015258788707,-6.180000000000007,9,556,-3.836412776267276,-4.122222222222223,-7.0,0,2,0,0,0,"119,33","106,66",143.71,0.03618557108623595,0.8600006103515625,1
2018-07-30,71.19,74.99,25.82999992370605,14.26,94.36000061035156,0.03618557108623595,0.03618557108623595,0.033125161407469336,0.026347690308659705,0.024071056279937733,0.8600006103515625,-3.799999999999997,13,388,-2.667628267539668,-0.13076923076923064,-10.0,4,8,2,0,1,"118,86","51,52",154.7,0.018572873849926116,0.6900005340576207,0
2018-07-31,69.88,74.16,26.520000457763672,12.83,94.48999786376952,-0.018572873849926116,0.018572873849926116,0.02930827989617669,0.027273495140051632,0.024354343521123333,0.6900005340576207,-4.280000000000001,20,611,-3.1202090171432246,-5.175,-10.0,8,4,3,0,1,"109,94","76,25",119.24,0.015575740326557798,-0.06999969482421875,0
2018-08-01,68.8,72.28,26.450000762939453,13.15,94.62000274658205,-0.015575740326557798,0.015575740326557798,0.029423383728052335,0.027666589527735742,0.024459367637393915,-0.06999969482421875,-3.480000000000004,21,454,-1.6686130056580908,-6.785714285714286,-10.0,12,1,3,0,1,"140,03","61,07",189.21,0.0021778593000130113,-0.720001220703125,0
2018-08-02,68.95,72.95,25.729999542236328,12.19,95.16999816894533,0.0021778593000130113,0.0021778593000130113,0.029006999069205112,0.027494066688447172,0.024332703822485667,-0.720001220703125,-4.0,19,688,-3.4180931222569217,-6.484210526315789,-10.0,13,2,6,0,1,"121,88","78,11",144.78,0.006693855029497061,-0.11999893188476918,0
2018-08-03,68.49,72.48,25.61000061035156,11.64,95.13999938964844,-0.006693855029497061,0.006693855029497061,0.022052621863370793,0.027124551135665146,0.02415467743888469,-0.11999893188476918,-3.990000000000009,27,950,-3.0318531296359073,-2.337037037037037,-10.0,11,12,8,0,1,"147,88","42,12",231.88,0.007563672422696821,-0.19000053405761363,0
2018-08-06,69.01,72.51,25.420000076293945,11.27,95.36000061035156,0.007563672422696821,0.007563672422696821,0.0111899684327346,0.024731656604628133,0.024255479064050945,-0.19000053405761363,-3.5,21,512,-4.420003759638469,-4.342857142857143,-10.0,8,5,1,0,1,"162,55","111,76",177.11,0.0023158209799827617,-0.20000076293945668,0
2018-08-07,69.17,72.31,25.21999931335449,10.93,95.22000122070312,0.0023158209799827617,0.0023158209799827617,0.009136036344250776,0.020467770787405155,0.024254014635268002,-0.20000076293945668,-3.1400000000000006,27,1010,-7.279361307457566,-5.15925925925926,-10.0,9,4,5,0,1,"200,46","89,93",258.36,0.03306936649387007,1.1900005340576207,1
2018-08-08,66.92,70.71,26.40999984741211,10.85,95.0999984741211,-0.03306936649387007,0.03306936649387007,0.016218684444953967,0.022406002332050402,0.02275538684119426,1.1900005340576207,-3.789999999999992,34,1170,-3.839987590209174,-4.661764705882353,-10.0,21,9,12,0,1,"129,06","66,71",166.94,0.0016451061812372734,-1.0100002288818288,0
2018-08-09,66.81,70.55,25.39999961853028,11.27,95.5,-0.0016451061812372734,0.0016451061812372734,0.015849729955514206,0.022045745101801854,0.022756327554970052,-1.0100002288818288,-3.739999999999995,19,500,-6.528064118235239,-4.6000000000000005,-10.0,7,5,6,0,1,"170,89","34,95",262.33,0.011903131165200606,0.05000114440917258,0
2018-08-10,67.61,71.0,25.450000762939453,13.16,96.36000061035156,0.011903131165200606,0.011903131165200606,0.017798170793826763,0.018924699266127495,0.022797278922964313,0.05000114440917258,-3.3900000000000006,11,294,-4.709348582079019,-5.363636363636363,-10.0,8,2,3,0,1,"121,94","64,83",162.23,0.005338882620637974,-0.1400012969970703,0
2018-08-13,67.25,70.62,25.309999465942383,14.78,96.38999938964844,-0.005338882620637974,0.005338882620637974,0.01686977566099001,0.013507169026108188,0.021007904468976678,-0.1400012969970703,-3.3700000000000045,11,213,-3.556600357491036,-2.8181818181818183,-9.2,4,4,0,0,1,"142,48","81,16",169.25,0.0031275623081208344,0.8700008392333984,0
2018-08-14,67.04,70.77,26.18000030517578,13.31,96.7300033569336,-0.0031275623081208344,0.0031275623081208344,0.016436234627469973,0.012731603672872677,0.02100979913044413,0.8700008392333984,-3.7299999999999898,19,561,-6.923877441046042,-4.489473684210526,-10.0,9,5,5,0,1,"136,40","77,70",186.33,0.029825842666935092,1.0799999237060582,1
2018-08-15,65.07,68.38,27.26000022888184,14.64,96.6999969482422,-0.029825842666935092,0.029825842666935092,0.015125087886254582,0.014784627222655236,0.021780243741316988,1.0799999237060582,-3.3100000000000023,14,301,-4.2243953869620725,-0.807142857142857,-10.0,5,7,2,0,1,"111,39","67,59",128.87,0.005670078787598967,-0.9300003051757884,0
2018-08-16,65.44,69.21,26.32999992370605,13.45,96.6500015258789,0.005670078787598967,0.005670078787598967,0.015936157737516072,0.015027328203027877,0.021690410527967774,-0.9300003051757884,-3.769999999999996,17,495,-1.9431779814386905,-3.7411764705882353,-7.5,6,5,0,0,1,"128,16","88,46",155.76,0.007459880830716831,-0.6200008392333949,0
2018-08-17,65.93,70.14,25.709999084472656,12.64,96.0999984741211,0.007459880830716831,0.007459880830716831,0.014908364011845227,0.01553167111367069,0.021520870013493062,-0.6200008392333949,-4.209999999999994,7,159,-1.9521022296848258,-2.1,-7.2,2,3,0,0,1,"107,13","34,18",156.79,0.008608374536600101,-0.44999885559081676,0
2018-08-20,66.5,71.11,25.26000022888184,12.49,95.9000015258789,0.008608374536600101,0.008608374536600101,0.016094336750175825,0.015619932112882538,0.020316691775944133,-0.44999885559081676,-4.609999999999999,15,331,-2.1628250707916727,-6.173333333333333,-10.0,12,1,1,0,1,"106,86","168,20",112.24,0.012255421660796602,-0.18000030517578836,0
2018-08-21,67.32,71.65,25.07999992370605,12.86,95.26000213623048,0.012255421660796602,0.012255421660796602,0.017307553831362087,0.016345045716748274,0.018028794431656323,-0.18000030517578836,-4.3300000000000125,18,390,-3.343110360775509,-3.0611111111111113,-9.5,8,5,2,0,1,"152,00","52,25",209.2,0.007842016958272982,-0.3600006103515625,0
2018-08-22,67.85,72.96,24.71999931335449,12.25,95.1500015258789,0.007842016958272982,0.007842016958272982,0.002426414070542314,0.012591025285737627,0.018100470547725817,-0.3600006103515625,-5.109999999999999,11,384,-4.919218280478463,-5.181818181818182,-10.0,5,3,5,0,1,"119,33","66,62",158.76,0.0186894036762955,-0.3699989318847621,0
2018-08-23,69.13,73.73,24.350000381469727,12.41,95.62000274658205,0.0186894036762955,0.0186894036762955,0.004714975771085247,0.013645976521954041,0.018613745498835738,-0.3699989318847621,-4.6000000000000085,7,268,-4.701717429848198,0.5000000000000002,-9.2,2,4,0,0,1,"120,29","147,59",123.11,0.008354989541133747,-1.0400009155273438,0
2018-08-24,69.71,74.41,23.309999465942383,11.99,95.1500015258789,0.008354989541133747,0.008354989541133747,0.0045628735490777575,0.013445364139690871,0.016150758256634666,-1.0400009155273438,-4.700000000000003,11,257,-3.180678934244628,-1.3363636363636362,-9.5,3,6,1,0,1,"44,46","35,46",51.76,0.003722799259498147,0.37000083923339844,0
2018-08-27,69.97,74.41,23.68000030517578,12.16,94.77999877929688,0.003722799259498147,0.003722799259498147,0.005639356015669702,0.013117880019262071,0.013873742097333636,0.37000083923339844,-4.439999999999998,13,308,-3.862598689166171,-6.3076923076923075,-10.0,4,1,4,0,1,"109,46","57,43",182.04,0.020649062311342514,0.8199996948242188,0
2018-08-28,68.54,75.91,24.5,12.5,94.72000122070312,-0.020649062311342514,0.020649062311342514,0.014631528642830793,0.015178767231484421,0.014020213650817301,0.8199996948242188,-7.36999999999999,9,235,-2.2105864847465533,-1.2444444444444445,-9.0,3,5,1,0,1,"134,44","32,17",214.64,0.016495816097784593,-0.18000030517578125,0
2018-08-29,69.68,76.07,24.31999969482422,12.25,94.5999984741211,0.016495816097784593,0.016495816097784593,0.015730497371842858,0.010731648581343583,0.014095421612898664,-0.18000030517578125,-6.389999999999986,24,580,-3.876547394626345,-5.983333333333333,-10.0,13,5,10,0,1,"139,90","143,97",165.12,0.008146975669607646,0.5699996948242223,0
2018-08-30,70.25,77.05,24.88999938964844,13.53,94.72000122070312,0.008146975669607646,0.008146975669607646,0.01411448972133606,0.010730102358508738,0.014192658260780155,0.5699996948242223,-6.799999999999997,12,233,-1.6580398572446429,1.0833333333333333,-7.0,1,8,0,0,0,"86,17","38,18",119.41,0.005853396682508282,0.13000106811523082,0
2018-08-31,69.84,76.94,25.020000457763672,12.86,95.13999938964844,-0.005853396682508282,0.005853396682508282,0.014250404998504534,0.011479242661228161,0.014170110859104888,0.13000106811523082,-7.099999999999994,26,921,-2.5614054970386837,0.5461538461538462,-10.0,4,18,1,0,1,"62,03","41,23",68.78,0.00028640985445690047,1.6800003051757812,1
2018-09-04,69.82,77.51,26.700000762939453,13.16,95.41999816894533,-0.00028640985445690047,0.00028640985445690047,0.014127031620185497,0.011578308036144203,0.014086505668353592,1.6800003051757812,-7.690000000000012,27,692,-3.7539750367841895,-2.874074074074074,-9.5,9,8,2,0,1,"14,36","9,54",15.92,0.016316873451099622,-0.07999992370605469,0
2018-09-05,68.69,76.68,26.6200008392334,13.91,95.12999725341795,-0.016316873451099622,0.016316873451099622,0.012630459086049492,0.01299282933735406,0.014573632109760572,-0.07999992370605469,-7.990000000000009,22,524,-4.9202119811557665,-4.918181818181818,-10.0,11,6,8,0,1,"85,93","102,80",64.31,0.012893951530039444,-0.46000099182128906,0
2018-09-06,67.81,75.67,26.15999984741211,14.65,95.0199966430664,-0.012893951530039444,0.012893951530039444,0.009813308092358709,0.013599966024596366,0.012777019467196397,-0.46000099182128906,-7.859999999999999,14,307,-5.276829068987077,-4.214285714285714,-9.0,2,3,1,0,1,"97,69","35,41",132.93,0.0011804634689384732,-0.09000015258789062,0
2018-09-07,67.73,75.55,26.06999969482422,14.88,95.37000274658205,-0.0011804634689384732,0.0011804634689384732,0.007094503901203239,0.011901945288240708,0.012773028225961958,-0.09000015258789062,-7.819999999999993,30,1202,-0.6803369098178954,-2.6199999999999997,-10.0,8,10,1,0,1,"87,87","35,04",124.21,0.0026611488206045564,0.05999946594238281,0
2018-09-10,67.55,76.77,26.1299991607666,14.16,95.1500015258789,-0.0026611488206045564,0.0026611488206045564,0.007395198398338409,0.011328282901923347,0.012512235643193224,0.05999946594238281,-9.219999999999999,17,491,-6.512899266399835,-5.7,-9.0,6,2,0,0,1,"55,42","25,50",70.9,0.025432531233082097,1.0100002288818395,0
2018-09-11,69.29,78.22,27.13999938964844,13.22,95.05999755859376,0.025432531233082097,0.025432531233082097,0.016402519651279358,0.014443218222397065,0.0136656749324412,1.0100002288818395,-8.929999999999993,35,929,-4.753006678850462,-5.140000000000001,-9.2,13,5,0,0,1,"81,84","120,24",35.82,0.01546644033916759,-0.19999885559082387,0
2018-09-12,70.37,80.02,26.940000534057617,13.14,94.8000030517578,0.01546644033916759,0.01546644033916759,0.015362125178082393,0.013459377980822243,0.013963937592387874,-0.19999885559082387,-9.649999999999991,15,565,-5.925995483291634,-5.086666666666667,-10.0,12,3,6,0,1,"80,89","80,64",67.27,0.025474501246618104,-0.23999977111816406,0
2018-09-13,68.6,77.66,26.700000762939453,12.37,94.54000091552734,-0.025474501246618104,0.025474501246618104,0.019471885645981544,0.015100628210754407,0.013459819097996968,-0.23999977111816406,-9.060000000000002,16,349,-2.928695703878374,-1.9375,-10.0,5,8,2,0,1,"68,57","51,27",99.78,0.005524072776855405,-0.3000011444091726,0
2018-09-14,68.98,77.87,26.39999961853028,12.07,94.9800033569336,0.005524072776855405,0.005524072776855405,0.019401584797484044,0.014935121134074724,0.013458129469557219,-0.3000011444091726,-8.89,25,522,-4.516675149560508,-5.956,-9.5,15,4,7,0,1,"118,31","76,09",133.28,0.0017411495983172618,0.09000015258788352,0
2018-09-17,68.86,78.22,26.489999771118164,13.68,94.51000213623048,-0.0017411495983172618,0.0017411495983172618,0.019330913224506314,0.014868323533248188,0.013441738354905391,0.09000015258788352,-9.36,7,176,-4.533209541038206,-4.328571428571428,-9.5,4,2,1,0,1,"91,08","19,12",143.51,0.01456091465398172,0.3099994659423828,0
2018-09-18,69.87,79.25,26.799999237060547,12.79,94.62000274658205,0.01456091465398172,0.01456091465398172,0.016731939312795725,0.015710789492119716,0.013655899034526305,0.3099994659423828,-9.379999999999995,22,817,-2.8674263719205473,-5.800000000000001,-9.5,13,3,3,0,1,"105,01","47,58",134.95,0.017169630722091263,-0.4499988555908203,0
2018-09-19,71.08,79.43,26.350000381469727,11.75,94.5500030517578,0.017169630722091263,0.017169630722091263,0.017096472424911077,0.01539511834330328,0.013883515911091156,-0.4499988555908203,-8.350000000000009,18,828,-5.731201131818003,-1.8777777777777775,-9.0,5,7,2,0,1,"58,63","16,70",90.54,0.004370821198757211,-0.2800006866455078,0
2018-09-20,70.77,79.03,26.06999969482422,11.8,93.91000366210938,-0.004370821198757211,0.004370821198757211,0.009558956765077883,0.01460734395208502,0.013914801947013665,-0.2800006866455078,-8.260000000000005,16,952,-4.050238567503676,-6.18125,-10.0,9,3,7,0,1,"107,93","24,83",165.68,0.0004238186119808495,0.07999992370606179,0
2018-09-21,70.8,78.9,26.14999961853028,11.68,94.22000122070312,0.0004238186119808495,0.0004238186119808495,0.00991829758781567,0.014549495904157174,0.013357395507392221,0.07999992370606179,-8.100000000000009,10,227,-4.897629619324125,-6.43,-10.0,4,1,3,0,1,"113,79","92,43",119.15,0.03374617237330446,0.8199996948242081,1
2018-09-24,73.23,80.89,26.96999931335449,12.2,94.26000213623048,0.03374617237330446,0.03374617237330446,0.015064221977183948,0.016936409991301325,0.015159040524581354,0.8199996948242081,-7.659999999999997,17,792,-4.05761467388181,-3.4176470588235297,-10.0,6,6,6,0,1,"143,44","116,19",193.82,0.002318762547491483,-0.1399993896484375,0
2018-09-25,73.4,82.21,26.82999992370605,12.42,94.12999725341795,0.002318762547491483,0.002318762547491483,0.015591728211609037,0.01584628945666371,0.01515615043276098,-0.1399993896484375,-8.809999999999988,21,552,-4.440456496687404,-5.1380952380952385,-10.0,11,5,7,0,1,"95,44","55,50",125.66,0.01620691977115828,-0.2999992370605433,0
2018-09-26,72.22,81.87,26.530000686645508,12.89,94.19000244140624,-0.01620691977115828,0.01620691977115828,0.01854384462619224,0.01682624359984515,0.014829742421379487,-0.2999992370605433,-9.650000000000006,16,417,-3.7234767140356064,-4.375,-10.0,5,4,3,0,1,"110,16","7,84",176.65,0.0005540166346690781,-0.07999992370605469,0
2018-09-27,72.18,81.54,26.450000762939453,12.41,95.0,-0.0005540166346690781,0.0005540166346690781,0.018231115304594328,0.013776061014429944,0.014475630816133851,-0.07999992370605469,-9.36,11,275,-1.6856621075604008,-0.781818181818182,-7.2,1,6,0,0,1,"73,70","23,20",103.21,0.013485824308022394,0.279998779296875,0
2018-09-28,73.16,82.72,26.729999542236328,12.12,95.19000244140624,0.013485824308022394,0.013485824308022394,0.018533651512956672,0.014031821939358214,0.014647765554317524,0.279998779296875,-9.560000000000002,16,369,-4.011832304369687,-8.35,-10.0,10,0,10,0,1,"81,46","15,47",122.57,0.029760494332713622,1.220001220703125,1
2018-10-01,75.37,84.94,27.950000762939453,12.0,95.3000030517578,0.029760494332713622,0.029760494332713622,0.017102387052083702,0.015580564824662472,0.015761444449277386,1.220001220703125,-9.569999999999993,6,120,-2.161039787944939,-2.4166666666666665,-10.0,2,3,1,0,1,"120,77","129,00",100.42,0.0027901433101140075,-0.2700004577636719,0
2018-10-02,75.16,85.63,27.68000030517578,12.05,95.51000213623048,-0.0027901433101140075,0.0027901433101140075,0.017507267728324418,0.015860231023916125,0.015805575261950387,-0.2700004577636719,-10.469999999999999,13,297,-3.909872977089875,-4.246153846153846,-9.2,3,3,1,0,1,"36,01","35,90",29.94,0.016363521627210283,0.3600006103515625,0
2018-10-03,76.4,85.45,28.040000915527344,11.61,95.76000213623048,0.016363521627210283,0.016363521627210283,0.01332521855276001,0.01580644177051165,0.01531043997606841,0.3600006103515625,-9.049999999999997,12,378,-2.802202492540398,-3.6833333333333336,-10.0,3,4,1,0,1,"94,42","78,44",130.86,0.025989264398424958,0.8599987030029368,0
2018-10-04,74.44,86.07,28.89999961853028,14.22,95.75,-0.025989264398424958,0.025989264398424958,0.02138014832467652,0.018768365931009386,0.016373441440737876,0.8599987030029368,-11.629999999999995,21,452,-4.315551176503488,-4.257142857142857,-9.5,5,5,2,0,1,"69,01","48,56",87.77,0.0024209830251159296,-0.05999946594238992,0
2018-10-05,74.26,85.12,28.84000015258789,14.82,95.62000274658205,-0.0024209830251159296,0.0024209830251159296,0.021201396578191086,0.01886767347942082,0.01639907709255703,-0.05999946594238992,-10.86,20,501,-6.697348926281433,-2.965,-9.0,7,6,1,0,1,"78,22","54,58",110.57,0.00013465293227096073,0.020000457763668322,0
2018-10-08,74.27,84.22,28.86000061035156,15.69,95.7699966430664,0.00013465293227096073,0.00013465293227096073,0.015113238086525498,0.015891600778487926,0.016345733371092883,0.020000457763668322,-9.950000000000003,6,280,-9.64820202724876,2.0833333333333335,-5.0,1,5,0,0,0,"49,11","35,61",51.97,0.009114122867401674,-0.9600009918212784,0
2018-10-09,74.95,85.16,27.89999961853028,15.95,95.68000030517578,0.009114122867401674,0.009114122867401674,0.016051382534230555,0.01607895147289198,0.015651094246940073,-0.9600009918212784,-10.209999999999994,9,235,-2.934655895078727,-2.6555555555555554,-7.5,1,3,0,0,1,"95,88","19,12",143.51,0.02389906495754586,0.9099998474121023,0
2018-10-10,73.18,83.82,28.809999465942383,22.96,95.51000213623048,-0.02389906495754586,0.02389906495754586,0.015529904487331233,0.017196663978533578,0.016571616624510333,0.9099998474121023,-10.639999999999986,21,737,-2.709874718634475,-4.080952380952381,-10.0,7,4,3,0,1,"104,20","112,53",101.08,0.030664907054169296,0.48000144958496094,1
2018-10-11,70.97,81.35,29.290000915527344,24.98,95.0199966430664,-0.030664907054169296,0.030664907054169296,0.016916706200643516,0.019973354509266416,0.01705735443607392,0.48000144958496094,-10.379999999999995,17,560,-5.8198591605119185,-0.09999999999999991,-7.0,1,9,0,0,0,"130,71","57,01",176.61,0.006180663024126948,-1.5600013732910156,0
2018-10-12,71.41,80.71,27.729999542236328,21.31,95.22000122070312,0.006180663024126948,0.006180663024126948,0.018210474014908867,0.019484212332515547,0.017065735193793754,-1.5600013732910156,-9.299999999999997,13,277,-4.6682906641680635,-6.846153846153846,-10.0,5,1,5,0,1,"87,07","31,56",125.06,0.00600350843292561,0.8600006103515625,0
2018-10-15,71.84,80.91,28.59000015258789,21.3,95.06999969482422,0.00600350843292561,0.00600350843292561,0.019022951352585853,0.016314924267969547,0.017070666657383535,0.8600006103515625,-9.069999999999993,14,301,-7.374333576440444,-6.257142857142857,-9.5,6,1,2,0,1,"122,86","47,11",172.89,0.0012519998853206642,0.0,0
2018-10-16,71.93,80.53,28.59000015258789,17.62,95.0500030517578,0.0012519998853206642,0.0012519998853206642,0.017670687914886487,0.01641990024276481,0.016817630087013414,0.0,-8.599999999999994,7,326,-3.98944571330087,-3.1571428571428575,-7.2,2,2,0,0,1,"134,62","105,45",143.92,0.03249791492480966,-0.46000099182128906,1
2018-10-17,69.63,79.91,28.1299991607666,17.4,95.58000183105467,-0.03249791492480966,0.03249791492480966,0.019860219378375756,0.016822170213511206,0.018000168414681914,-0.46000099182128906,-10.280000000000001,11,293,-3.372918343372059,-2.6454545454545455,-10.0,5,4,2,0,1,"117,82","18,07",188.41,0.014465752033912028,0.40000152587890625,0
2018-10-18,68.63,80.3,28.530000686645508,20.06,95.9000015258789,-0.014465752033912028,0.014465752033912028,0.01670601745285805,0.015920819843072084,0.01823872047571226,0.40000152587890625,-11.670000000000002,27,919,-4.089901672637382,-6.055555555555555,-10.0,13,5,10,0,1,"127,06","126,67",120.75,0.007692903894546517,-1.1100006103515625,0
2018-10-19,69.16,80.38,27.420000076293945,19.89,95.70999908447266,0.007692903894546517,0.007692903894546517,0.017008582661594843,0.01662902885040827,0.01835189187253413,-1.1100006103515625,-11.219999999999999,27,826,-2.447008726331249,-2.374074074074074,-10.0,10,10,4,0,1,"106,20","48,86",135.86,0.0013004842523582879,0.3400001525878942,0
2018-10-22,69.25,80.45,27.76000022888184,19.64,96.01000213623048,0.0013004842523582879,0.0013004842523582879,0.01626472861928682,0.0166894788761574,0.016436891960053726,0.3400001525878942,-11.200000000000003,13,341,-3.3854755118515314,-4.0,-9.2,2,3,0,0,1,"83,92","8,81",132.22,0.04067158465308438,1.619998931884762,1
2018-10-23,66.49,78.67,29.3799991607666,20.71,95.95999908447266,-0.04067158465308438,0.04067158465308438,0.020877701899004095,0.018658501436250138,0.018423970071935816,1.619998931884762,-12.180000000000007,20,603,-2.485265979114954,-2.445,-10.0,6,8,4,0,1,"108,82","86,79",130.31,0.0010522360985896562,0.4200000762939453,0
2018-10-24,66.56,77.34,29.799999237060547,25.23,96.43000030517578,0.0010522360985896562,0.0010522360985896562,0.0194856518004065,0.018555095210938306,0.018272218189574873,0.4200000762939453,-10.780000000000001,17,483,-3.4671348844567857,-2.588235294117647,-10.0,6,7,4,0,1,"127,58","63,59",204.6,0.01031322196899525,-1.2999992370605469,0
2018-10-25,67.25,77.3,28.5,24.22,96.68000030517578,0.01031322196899525,0.01031322196899525,0.020856642271877952,0.01786935665289689,0.018542195117540843,-1.2999992370605469,-10.049999999999997,14,577,-6.299704350283424,-5.25,-10.0,6,3,2,0,1,"141,05","127,83",135.06,0.004895062804195429,0.5900001525878906,0
2018-10-26,67.58,77.4,29.09000015258789,24.16,96.36000061035156,0.004895062804195429,0.004895062804195429,0.02049683309865722,0.017781318314437303,0.0182238636703126,0.5900001525878906,-9.820000000000007,17,585,-5.792345409656739,-6.405882352941177,-10.0,10,3,8,0,1,"159,10","89,47",196.75,0.008619461895177783,0.3699989318847656,0
2018-10-29,67.0,77.56,29.459999084472656,24.7,96.58000183105467,-0.008619461895177783,0.008619461895177783,0.02025895594736085,0.017324442350967473,0.016416515934956175,0.3699989318847656,-10.560000000000002,11,258,-3.6476552422736446,-6.781818181818181,-10.0,7,1,3,0,1,"94,36","69,32",99.11,0.012314316897499848,0.4400005340576243,0
2018-10-30,66.18,75.68,29.89999961853028,23.35,97.01000213623048,-0.012314316897499848,0.012314316897499848,0.009394161007527116,0.017138813167416788,0.016460070494852513,0.4400005340576243,-9.5,16,788,-4.793621004162074,-2.6875,-10.0,8,6,2,0,1,"109,74","89,14",114.91,0.013233138578900374,0.2200012207031179,0
2018-10-31,65.31,74.84,30.1200008392334,21.23,97.12999725341795,-0.013233138578900374,0.013233138578900374,0.0107178789634598,0.015079596253278189,0.01561832090443876,0.2200012207031179,-9.530000000000001,20,535,-4.187298386573961,-5.79,-10.0,12,4,8,0,1,"81,53","102,66",114.18,0.025431669885631857,1.4200000762939453,1
2018-11-01,63.67,71.25,31.540000915527344,19.34,96.27999877929688,-0.025431669885631857,0.025431669885631857,0.010877612745626925,0.016095411906201527,0.015584683114762543,1.4200000762939453,-7.579999999999998,15,482,-3.9387876041845105,-4.72,-10.0,4,3,3,0,1,"101,45","61,56",117.37,0.008675817491315277,0.6699981689453125,0
2018-11-02,63.12,71.11,32.209999084472656,19.51,96.54000091552734,-0.008675817491315277,0.008675817491315277,0.006906776640085424,0.015185051250663408,0.015533438627835825,0.6699981689453125,-7.990000000000002,10,259,-5.231818878773262,-2.77,-10.0,4,4,2,0,1,"103,39","31,72",158.72,0.0,0.470001220703125,0
2018-11-05,63.12,72.68,32.68000030517578,19.96,96.3499984741211,0.0,0.0,0.009179536456809186,0.015090993272503829,0.015529698170618802,0.470001220703125,-9.56000000000001,8,249,-3.556094154633888,-1.125,-9.2,3,4,0,0,1,"114,68","35,18",176.05,0.01532597047822682,1.470001220703125,1
2018-11-06,62.16,70.64,34.150001525878906,19.91,96.31999969482422,-0.01532597047822682,0.01532597047822682,0.009308873566871366,0.010728696118705762,0.01505541625560511,1.470001220703125,-8.480000000000004,12,361,-5.713945209098121,-6.6000000000000005,-10.0,8,1,2,0,1,"62,59","35,65",81.78,0.007589862837844722,-1.1000022888183594,0
2018-11-07,61.69,70.1,33.04999923706055,16.36,96.0,-0.007589862837844722,0.007589862837844722,0.009542002027082129,0.010374021917029356,0.014662784107501058,-1.1000022888183594,-8.409999999999997,14,480,-3.8246950000010407,-2.85,-10.0,5,6,2,0,1,"140,43","32,94",206.07,0.016013414079204553,-0.8199996948242188,0
2018-11-08,60.71,69.29,32.22999954223633,16.72,96.63999938964844,-0.016013414079204553,0.016013414079204553,0.006537243074112469,0.008493597831027272,0.013842259997506774,-0.8199996948242188,-8.580000000000005,23,644,-5.826671459793426,-1.8695652173913044,-10.0,5,8,1,0,1,"60,82","64,67",60.69,0.008602203582663302,2.8699989318847656,1
2018-11-09,60.19,69.01,35.099998474121094,17.36,96.91000366210938,-0.008602203582663302,0.008602203582663302,0.006539704877377166,0.006707476979459294,0.01344500103938484,2.8699989318847656,-8.820000000000007,11,234,-2.519561288290866,0.0363636363636364,-9.0,2,6,1,0,1,"114,37","118,24",126.81,0.005664793555697261,5.040000915527344,1
2018-11-12,59.85,69.81,40.13999938964844,20.45,97.54000091552734,-0.005664793555697261,0.005664793555697261,0.004718064366840218,0.006914297281918327,0.013027067079446496,5.040000915527344,-9.96,10,359,-3.078951262865344,-1.08,-10.0,3,5,2,0,1,"42,74","63,92",26.66,0.07311880791678033,15.569999694824219,1
2018-11-13,55.63,65.45,55.709999084472656,20.02,97.3000030517578,-0.07311880791678033,0.07311880791678033,0.028734857093087787,0.02077095947560461,0.019104444069738866,15.569999694824219,-9.82,9,188,-6.143739126485103,-3.288888888888889,-10.0,1,3,1,0,1,"142,28","97,52",162.68,0.009482135630353735,-8.639999389648438,0
2018-11-14,56.16,64.88,47.06999969482422,21.25,96.8000030517578,0.009482135630353735,0.009482135630353735,0.031759661819211006,0.022447515724109354,0.019138086561027907,-8.639999389648438,-8.719999999999999,15,399,-5.356859203823227,-5.573333333333334,-10.0,12,3,3,0,1,"33,38","24,95",34.69,0.005150530878115473,-3.200000762939453,0
2018-11-15,56.45,65.61,43.869998931884766,19.98,96.93000030517578,0.005150530878115473,0.005150530878115473,0.033579319880090865,0.02296003204449784,0.01943792113347959,-3.200000762939453,-9.159999999999997,20,521,-7.625036347881538,-5.175,-10.0,11,4,7,0,1,"106,86","57,36",157.2,0.0007083407414997901,-3.30999755859375,0
2018-11-16,56.49,65.29,40.560001373291016,18.14,96.47000122070312,0.0007083407414997901,0.0007083407414997901,0.034243240266906,0.023301848814050813,0.019168565306299606,-3.30999755859375,-8.800000000000004,8,252,-3.708256995096699,-1.6375,-9.2,1,3,0,0,1,"44,55","24,22",67.35,0.01179072172449584,2.8899993896484375,1
2018-11-19,57.16,64.14,43.45000076293945,20.1,96.19000244140624,0.01179072172449584,0.01179072172449584,0.03598388359762973,0.024206512547480553,0.01963529455759091,2.8899993896484375,-6.980000000000004,18,610,-2.808042548529384,-3.5999999999999996,-10.0,7,4,1,0,1,"55,67","37,00",61.73,0.0682308905495717,13.110000610351562,1
2018-11-20,53.39,61.5,56.560001373291016,22.48,96.80999755859376,-0.0682308905495717,0.0682308905495717,0.03381415361421043,0.03048645616323109,0.022664457267917555,13.110000610351562,-8.11,12,282,-3.45763516081757,-1.925,-10.0,3,6,3,0,1,"58,04","24,80",89.63,0.018924497985739055,-4.770000457763672,0
2018-11-21,54.41,61.65,51.790000915527344,20.8,96.70999908447266,0.018924497985739055,0.018924497985739055,0.035281763333021264,0.032320530233115756,0.023500393077119864,-4.770000457763672,-7.240000000000002,11,375,-4.865929437771316,0.9727272727272728,-10.0,3,8,3,0,1,"84,63","72,31",113.93,0.055743153644235766,6.079998016357422,1
2018-11-26,51.46,59.7,57.869998931884766,18.9,97.06999969482422,-0.055743153644235766,0.055743153644235766,0.04045767753040505,0.03511373752494007,0.025073009825605893,6.079998016357422,-8.240000000000002,27,715,-5.578733216607297,-6.696296296296297,-9.5,17,1,1,0,1,"101,26","105,75",112.27,0.002919141899724707,-3.229999542236328,0
2018-11-27,51.31,59.58,54.63999938964844,19.02,97.37000274658205,-0.002919141899724707,0.002919141899724707,0.040057435302620875,0.03530179562171089,0.024832967913119428,-3.229999542236328,-8.269999999999996,29,1113,-4.631542026832666,-1.606896551724138,-10.0,9,15,5,0,1,"129,90","92,50",162.03,0.02466337895024531,-0.6499977111816406,0
2018-11-28,50.06,57.97,53.9900016784668,18.49,96.79000091552734,-0.02466337895024531,0.02466337895024531,0.036122848848274915,0.03519712069551168,0.024916782051696243,-0.6499977111816406,-7.909999999999997,22,615,-2.900676924327763,-3.522727272727273,-10.0,9,7,2,0,1,"100,89","50,29",146.81,0.027582520849969906,-0.030002593994140625,0
2018-11-29,51.46,58.29,53.959999084472656,18.79,96.77999877929688,0.027582520849969906,0.027582520849969906,0.03380795848772322,0.03188056259105992,0.02664435771320276,-0.030002593994140625,-6.829999999999998,29,803,-3.2508430756512006,-4.051724137931035,-9.2,1,7,0,0,1,"96,02","63,81",119.76,0.013302230577065694,2.0800018310546875,1
2018-11-30,50.78,57.71,56.040000915527344,18.07,97.2699966430664,-0.013302230577065694,0.013302230577065694,0.030448294727250354,0.031318075241661573,0.02664445151332731,2.0800018310546875,-6.93,31,735,-4.304270893124114,-6.503225806451613,-10.0,10,3,5,0,1,"142,19","30,65",223.68,0.042411907567391285,-6.430000305175781,1
2018-12-03,52.98,60.17,49.61000061035156,16.44,97.04000091552734,0.042411907567391285,0.042411907567391285,0.028212779418409356,0.0352944091348562,0.029125594632481377,-6.430000305175781,-7.190000000000005,10,307,-4.358527196971335,-4.66,-7.0,0,2,0,0,0,"50,19","45,49",45.53,0.004331864764354268,0.22999954223632812,0
2018-12-04,53.21,61.22,49.84000015258789,20.74,96.97000122070312,0.004331864764354268,0.004331864764354268,0.02783496968152785,0.03539332017354342,0.029282489968964,0.22999954223632812,-8.009999999999998,11,263,-2.2777081707051194,-2.5636363636363635,-9.5,2,4,2,0,1,"99,66","37,85",134.17,0.010770061591216202,,0
2018-12-06,51.54,57.83,50.130001068115234,21.19,96.80999755859376,-0.021118081792842778,0.021118081792842778,0.02527829746123749,0.02843144380518606,0.029309886568123448,,-6.289999999999999,13,346,-3.9385588926801223,-6.992307692307692,-10.0,9,1,5,0,1,"131,28","113,42",160.1,0.02339512262489485,-8.299999237060547,0
2018-12-07,52.76,61.71,41.83000183105469,23.23,96.51000213623048,0.02339512262489485,0.02339512262489485,0.025662279344349805,0.028855677291209376,0.030213761582741683,-8.299999237060547,-8.950000000000003,10,352,-6.055077110056067,-5.34,-10.0,6,2,2,0,1,"196,08","124,77",235.9,0.03255608718956125,3.229999542236328,1
2018-12-10,51.07,60.29,45.060001373291016,22.64,97.22000122070312,-0.03255608718956125,0.03255608718956125,0.02189938380377722,0.024800300347546128,0.030672864270077232,3.229999542236328,-9.219999999999999,9,239,-7.352707544113799,-6.155555555555555,-10.0,6,1,2,0,1,"90,95","28,63",135.34,0.011292954906095005,-3.6000022888183594,0
2018-12-11,51.65,59.73,41.459999084472656,21.76,97.38999938964844,0.011292954906095005,0.011292954906095005,0.02301979193404972,0.025068636981332156,0.030995261994022968,-3.6000022888183594,-8.079999999999998,10,278,-4.524792966425795,-0.97,-10.0,3,5,1,0,1,"95,39","60,51",122.58,0.011880556529113052,-1.55999755859375,0
2018-12-12,51.04,59.94,39.900001525878906,21.46,97.04000091552734,-0.011880556529113052,0.011880556529113052,0.023083177948341263,0.023934098037486893,0.031005461208320317,-1.55999755859375,-8.899999999999999,9,205,-4.368741535776879,-3.5,-10.0,4,4,4,0,1,"85,98","54,14",112.89,0.03181604518465999,-0.6500015258789062,1
2018-12-13,52.69,59.03,39.25,20.65,97.05999755859376,0.03181604518465999,0.03181604518465999,0.02641389329035313,0.02446954359917278,0.028145921309391336,-0.6500015258789062,-6.340000000000003,28,881,-4.258019162031838,-4.5321428571428575,-10.0,8,6,1,0,1,"132,15","114,18",131.86,0.027514963285269367,3.1300010681152344,1
2018-12-14,51.26,58.56,42.380001068115234,21.63,97.44000244140624,-0.027514963285269367,0.027514963285269367,0.027071811945818983,0.025854065246642775,0.02851546667789013,3.1300010681152344,-7.300000000000004,26,796,-5.552107109467617,-5.18076923076923,-10.0,8,5,3,0,1,"120,08","99,07",144.61,0.02889573690531778,4.209999084472656,1
2018-12-17,49.8,57.59,46.59000015258789,24.52,97.0999984741211,-0.02889573690531778,0.02889573690531778,0.02620184531312018,0.022798110123123737,0.028918361544214514,4.209999084472656,-7.790000000000006,14,446,-2.6213043110524494,-2.8000000000000003,-9.0,2,5,0,0,1,"72,80","51,84",86.48,0.07676828862974895,6.759998321533196,1
2018-12-18,46.12,55.26,53.34999847412109,25.58,97.13999938964844,-0.07676828862974895,0.07676828862974895,0.03896792669539511,0.03143008862618419,0.03285598847405067,6.759998321533196,-9.14,18,420,-5.267561426520749,-4.466666666666667,-10.0,9,4,2,0,1,"72,22","38,40",88.08,0.039120634758455314,-2.489997863769524,1
2018-12-19,47.96,55.6,50.86000061035156,25.58,97.04000091552734,0.039120634758455314,0.039120634758455314,0.0480969613054058,0.03571965903424492,0.0343504824553763,-2.489997863769524,-7.640000000000001,10,238,-4.296346737013211,-3.5700000000000003,-10.0,3,3,3,0,1,"62,33","26,63",81.45,0.04958280516543859,2.029998779296875,1
2018-12-20,45.64,52.84,52.88999938964844,28.38,96.27999877929688,-0.04958280516543859,0.04958280516543859,0.0428594477979365,0.037836548138609594,0.032872976856359135,2.029998779296875,-7.200000000000003,13,249,-3.40505353794043,-0.5461538461538461,-10.0,6,7,5,0,1,"162,69","108,13",195.41,0.00571304564217922,-1.1300010681152344,0
2018-12-21,45.38,51.93,51.7599983215332,30.11,96.95999908447266,-0.00571304564217922,0.00571304564217922,0.044104679782778336,0.035865893004510194,0.03227330554295209,-1.1300010681152344,-6.549999999999997,13,387,-3.500533221034146,-1.330769230769231,-7.2,2,5,0,0,1,"210,32","157,26",247.76,0.014439104501986244,2.3100013732910156,1
2018-12-26,46.04,,54.06999969482422,30.41,97.0500030517578,0.014439104501986244,0.014439104501986244,0.04714548555010297,0.036394839563270456,0.030709430045030642,2.3100013732910156,,3,66,-6.326693931591568,-5.5,-10.0,2,1,2,0,1,"63,10","62,90",52.47,0.03447093391135505,3.0900001525878906,1
2018-12-27,44.48,51.49,57.15999984741211,29.96,96.4800033569336,-0.03447093391135505,0.03447093391135505,0.03590285684266981,0.03624533578726249,0.03136970351925738,3.0900001525878906,-7.010000000000005,9,172,-5.24376801034026,-3.2777777777777777,-10.0,3,3,2,0,1,"30,22","12,05",40.21,0.014950629920667589,-4.049999237060547,0
2018-12-28,45.15,50.57,53.11000061035156,28.34,96.38999938964844,0.014950629920667589,0.014950629920667589,0.0290786441252496,0.03746982318088913,0.0314556944876109,-4.049999237060547,-5.420000000000002,9,270,-2.2131419490103146,-2.466666666666667,-10.0,3,4,1,0,1,"102,01","64,23",133.93,0.025367640629666142,1.6100006103515625,1
2019-01-02,46.31,54.06,54.720001220703125,23.22,96.81999969482422,0.025367640629666142,0.025367640629666142,0.023737805653207187,0.036674010270386796,0.03133802582987758,1.6100006103515625,-7.75,11,388,-6.283356294006905,-8.1,-9.2,6,0,0,0,1,"189,86","99,62",249.28,0.013086103292614063,-1.1500015258789062,0
2019-01-03,46.92,53.23,53.56999969482422,25.45,96.30999755859376,0.013086103292614063,0.013086103292614063,0.023517399434629493,0.03712177149676325,0.031537030625238285,-1.1500015258789062,-6.309999999999995,9,254,-4.125080250844961,-5.833333333333333,-9.0,7,2,2,0,1,"9,49","9,46",7.89,0.01774444529907191,-2.049999237060547,0
2019-01-04,47.76,55.64,51.52000045776367,21.38,96.19000244140624,0.01774444529907191,0.01774444529907191,0.02383454318955789,0.03725262841496491,0.030076880067376282,-2.049999237060547,-7.880000000000003,4,98,-5.07311360837806,-0.75,-9.0,2,2,1,0,1,"99,02","62,82",112.28,0.010621780588054918,-1.1000022888183594,0
2019-01-07,48.27,57.1,50.41999816894531,21.4,95.70999908447266,0.010621780588054918,0.010621780588054918,0.005671992403796951,0.02723686020736682,0.03021421535930138,-1.1000022888183594,-8.829999999999998,5,255,-4.102909622269558,-5.46,-9.0,2,1,0,0,1,"83,16","46,06",99.88,0.02677727693464272,-4.339996337890625,0
2019-01-08,49.58,56.91,46.08000183105469,20.47,95.9000015258789,0.02677727693464272,0.02677727693464272,0.007200425208878624,0.025734678471565853,0.030985108653200574,-4.339996337890625,-7.329999999999998,8,228,-8.317199640397204,-4.8125,-10.0,5,3,4,0,1,"67,88","27,07",90.31,0.05130337904827736,-1.720001220703125,1
2019-01-09,52.19,59.46,44.36000061035156,19.98,95.22000122070312,0.05130337904827736,0.05130337904827736,0.016510345352565133,0.02222598886639629,0.032926557256137176,-1.720001220703125,-7.270000000000003,11,279,-1.6102627529859312,-6.154545454545455,-10.0,3,1,2,0,1,"106,43","79,58",132.75,0.004397292239938562,-1.3699989318847656,0
2019-01-10,52.42,60.47,42.9900016784668,19.5,95.54000091552734,0.004397292239938562,0.004397292239938562,0.018294786250847305,0.02147674313453266,0.0325064958951448,-1.3699989318847656,-8.049999999999997,17,459,-3.985533101676698,-5.541176470588235,-10.0,9,4,5,0,1,"76,84","42,56",92.29,0.01887211796589642,-2.0,0
2019-01-11,51.44,59.24,40.9900016784668,18.19,95.66999816894533,-0.01887211796589642,0.01887211796589642,0.026150654188169056,0.02391830271632481,0.03193127123329474,-2.0,-7.800000000000004,5,98,-2.302381737664279,-0.7,-7.5,0,3,0,0,1,"101,24","113,04",127.96,0.0222122154261367,-0.18000030517578125,0
2019-01-14,50.31,58.8,40.810001373291016,19.07,95.58999633789062,-0.0222122154261367,0.0222122154261367,0.031125747066345463,0.021517343402791295,0.032205282563187734,-0.18000030517578125,-8.489999999999995,10,216,-3.235912774557764,-6.32,-10.0,3,1,2,0,1,"89,27","46,84",117.21,0.029186284762210114,-1.0600013732910156,1
2019-01-15,51.8,58.65,39.75,18.6,95.97000122070312,0.029186284762210114,0.029186284762210114,0.03150006944175107,0.022171935340972497,0.03279982449825055,-1.0600013732910156,-6.850000000000001,7,250,-1.6769616272301773,-2.7714285714285714,-10.0,5,2,1,0,1,"102,54","35,56",140.88,0.005390848634876373,-0.9799995422363281,0
2019-01-16,52.08,59.81,38.77000045776367,19.04,96.05999755859376,0.005390848634876373,0.005390848634876373,0.02090984011642165,0.021906242157479307,0.03200467483219178,-0.9799995422363281,-7.730000000000004,7,214,-3.342039099828432,-2.457142857142857,-10.0,3,3,3,0,1,"92,77","77,07",96.42,0.004811865698698632,-1.7400016784667898,0
2019-01-17,51.83,59.85,37.02999877929688,18.06,96.06999969482422,-0.004811865698698632,0.004811865698698632,0.020784426981202,0.022507164665541996,0.03139596971375583,-1.7400016784667898,-8.020000000000003,12,359,-5.115847198421482,-5.233333333333333,-10.0,2,2,1,0,1,"160,64","138,50",194.95,0.03357993587514127,-1.3999977111816477,1
2019-01-18,53.6,62.04,35.630001068115234,17.8,96.33999633789062,0.03357993587514127,0.03357993587514127,0.023380892751648015,0.023644630225446578,0.031419765150645304,-1.3999977111816477,-8.439999999999998,14,531,-5.119271061248253,-6.057142857142857,-10.0,3,2,2,0,1,"112,83","107,98",112.58,0.01902308047550346,2.6299972534179688,1
2019-01-22,52.59,60.9,38.2599983215332,20.8,96.3000030517578,-0.01902308047550346,0.01902308047550346,0.022364335915135286,0.025553343380986856,0.025786562289753,2.6299972534179688,-8.309999999999995,6,205,-2.7298821425611277,-6.583333333333333,-9.5,2,0,1,0,1,"144,77","101,87",191.19,0.0028563287057538785,-0.5699996948242259,0
2019-01-23,52.44,61.05,37.68999862670898,19.52,96.12000274658205,-0.0028563287057538785,0.0028563287057538785,0.01949170546018798,0.024917852796354594,0.02468186099532707,-0.5699996948242259,-8.61,7,174,0.8180213902135537,-4.614285714285714,-10.0,1,1,1,0,1,"58,19","66,30",96.77,0.009489537903456031,-0.9399986267089773,0
2019-01-24,52.94,61.09,36.75,18.89,96.5999984741211,0.009489537903456031,0.009489537903456031,0.019730715896300696,0.019265026639146154,0.021156411094300297,-0.9399986267089773,-8.150000000000006,12,396,-4.51784988415837,-1.0499999999999998,-9.2,5,6,0,0,1,"91,32","82,77",110.46,0.011083047606334773,-1.5400009155273438,0
2019-01-25,53.53,61.49,35.209999084472656,17.42,95.79000091552734,0.011083047606334773,0.011083047606334773,0.019379259644234335,0.01949421633478179,0.020939963066634176,-1.5400009155273438,-7.960000000000001,14,459,-5.166135497152521,-4.957142857142857,-10.0,9,4,5,0,1,"91,14","47,40",131.79,0.03304516396948992,2.4000015258789062,1
2019-01-28,51.79,59.71,37.61000061035156,18.87,95.75,-0.03304516396948992,0.03304516396948992,0.018966368452551632,0.02159052073260352,0.022810682679613187,2.4000015258789062,-7.920000000000002,11,295,-3.065429434343911,-7.654545454545455,-10.0,8,0,4,0,1,"101,15","20,17",151.39,0.024414716404003434,-0.4799995422363281,0
2019-01-29,53.07,60.98,37.130001068115234,19.13,95.81999969482422,0.024414716404003434,0.024414716404003434,0.02175198117698269,0.0211276769655236,0.02106090185896537,-0.4799995422363281,-7.909999999999997,14,308,-4.55623067640525,-3.814285714285714,-9.2,11,3,0,0,1,"101,45","43,97",139.38,0.020700039817145483,-1.5400009155273438,0
2019-01-30,54.18,61.89,35.59000015258789,17.66,95.33999633789062,0.020700039817145483,0.020700039817145483,0.02300182496756062,0.02021414784991223,0.02118771878379665,-1.5400009155273438,-7.710000000000001,9,229,-4.020763318121347,-1.6777777777777778,-10.0,4,4,3,0,1,"173,69","57,72",254.47,0.006295151320476593,-0.6199989318847656,0
2019-01-31,53.84,62.46,34.970001220703125,16.57,95.58000183105467,-0.006295151320476593,0.006295151320476593,0.02357000624587986,0.020492297600971977,0.021092197596281347,-0.6199989318847656,-8.619999999999997,19,384,-4.255667490182357,-3.0526315789473686,-10.0,2,5,1,0,1,"148,14","32,82",232.68,0.026575375013369148,-1.5699996948242188,0
2019-02-01,55.29,61.86,33.400001525878906,16.14,95.58000183105467,0.026575375013369148,0.026575375013369148,0.02575427273390484,0.02148734423895566,0.021491018837620505,-1.5699996948242188,-6.57,20,475,-4.292434130647406,-1.7799999999999998,-10.0,5,9,3,0,1,"113,57","67,93",138.51,0.01310777915170097,0.2999992370605469,0
2019-02-04,54.57,62.26,33.70000076293945,15.73,95.8499984741211,-0.01310777915170097,0.01310777915170097,0.018678015916751715,0.01995829134352085,0.021874285163976836,0.2999992370605469,-7.689999999999998,12,252,-3.8942997181088552,-5.241666666666666,-9.2,3,2,0,0,1,"179,98","29,10",291.23,0.0162575167636625,0.8699989318847656,0
2019-02-05,53.69,61.67,34.56999969482422,15.57,96.0999984741211,-0.0162575167636625,0.0162575167636625,0.01989667288044515,0.019654642571554512,0.0224368731419521,0.8699989318847656,-7.980000000000004,16,538,-3.4925547677169324,-2.7937499999999997,-10.0,5,6,2,0,1,"106,41","18,45",161.58,0.0046455532771056945,-1.5499992370605469,0
2019-02-06,53.94,62.22,33.02000045776367,15.38,96.41999816894533,0.0046455532771056945,0.0046455532771056945,0.017317906285234094,0.019588773833883733,0.02186133126239285,-1.5499992370605469,-8.280000000000001,22,716,-7.463197553752001,-6.172727272727273,-10.0,12,2,6,0,1,"103,10","35,75",156.55,0.023636440836503524,1.3199996948242188,0
2019-02-07,52.68,61.01,34.34000015258789,16.37,96.51000213623048,-0.023636440836503524,0.023636440836503524,0.02017271089822409,0.021079810343744666,0.019678886356736456,1.3199996948242188,-8.329999999999998,15,451,-5.501813933178604,-4.933333333333334,-10.0,3,3,3,0,1,"92,48","33,53",139.82,0.0013278954810955926,-1.779998779296875,0
2019-02-08,52.75,61.37,32.560001373291016,15.72,96.63999938964844,0.0013278954810955926,0.0013278954810955926,0.011998068160793246,0.020707038934881412,0.019658582171080137,-1.779998779296875,-8.619999999999997,12,290,-3.1391989057146077,-1.125,-9.2,2,6,0,0,1,"62,35","85,47",38.89,0.006084825771734435,0.779998779296875,0
2019-02-11,52.43,61.3,33.34000015258789,15.97,97.05999755859376,-0.006084825771734435,0.006084825771734435,0.011866680280927185,0.01767149847924771,0.019204447089430535,0.779998779296875,-8.869999999999997,10,242,-7.6003934950792615,-4.79,-7.5,2,2,0,0,1,"96,53","91,17",84.49,0.013450993747225972,-0.6500015258789062,0
2019-02-12,53.14,62.58,32.689998626708984,15.43,96.70999908447266,0.013450993747225972,0.013450993747225972,0.013953272261517121,0.016364929492333043,0.01858603630676488,-0.6500015258789062,-9.439999999999998,15,390,-2.67919162349445,-3.8733333333333335,-10.0,5,5,2,0,1,"69,22","29,57",90.45,0.013086745004804941,-0.43000030517578125,0
2019-02-13,53.84,63.27,32.2599983215332,15.65,97.12999725341795,0.013086745004804941,0.013086745004804941,0.01540270430642769,0.015453443913906949,0.01770807806633948,-0.43000030517578125,-9.43,9,238,-3.4136079266456707,-7.133333333333334,-10.0,3,0,2,0,1,"88,73","25,27",133.51,0.010347468525424543,-0.15999984741210938,0
2019-02-14,54.4,64.0,32.099998474121094,16.22,96.9800033569336,0.010347468525424543,0.010347468525424543,0.008538228843649237,0.015670132299185065,0.017793522318399382,-0.15999984741210938,-9.600000000000001,9,313,-4.537823422255898,-6.655555555555555,-10.0,5,1,4,0,1,"76,54","25,44",113.15,0.02145927045246075,-2.6399993896484375,0
2019-02-15,55.58,65.65,29.459999084472656,14.91,96.91999816894533,0.02145927045246075,0.02145927045246075,0.01013130520909695,0.014803143214690957,0.018214972150045416,-2.6399993896484375,-10.070000000000007,7,332,-2.790671998932566,-4.042857142857143,-10.0,2,2,1,0,1,"145,11","165,33",158.58,0.009668830919902454,1.5400009155273438,1
2019-02-19,56.12,65.86,31.0,14.88,96.5199966430664,0.009668830919902454,0.009668830919902454,0.0046927279247724624,0.014213303292306752,0.016871395100505535,1.5400009155273438,-9.740000000000002,13,392,-2.937913342765581,-6.676923076923076,-10.0,4,0,2,0,1,"116,57","116,21",153.48,0.013803085898025029,-0.2399997711181605,0
2019-02-20,56.9,66.82,30.76000022888184,14.02,96.4499969482422,0.013803085898025029,0.013803085898025029,0.00469252475745684,0.012847952471067365,0.01627427957685199,-0.2399997711181605,-9.919999999999995,8,222,-2.2091942955968293,-5.15,-10.0,3,2,2,0,1,"171,34","124,23",198.6,0.0008783487609059586,-0.6000003814697301,0
2019-02-21,56.95,66.91,30.15999984741211,14.46,96.61000061035156,0.0008783487609059586,0.0008783487609059586,0.00744364711165726,0.012940682334212427,0.016213524273982205,-0.6000003814697301,-9.959999999999994,16,536,-5.277596526027953,-4.71875,-9.2,3,3,0,0,1,"116,55","62,56",156.55,0.0010530011502992312,-0.3099994659423828,0
2019-02-22,57.01,66.91,29.850000381469727,13.51,96.51000213623048,0.0010530011502992312,0.0010530011502992312,0.0087631699425327,0.008303197772623451,0.016176318902445655,-0.3099994659423828,-9.899999999999999,16,438,-9.313221342462212,-8.0,-10.0,10,0,7,0,1,"69,44","40,72",88.31,0.030092184246932944,2.839998245239258,1
2019-02-25,55.32,64.02,32.689998626708984,14.85,96.41000366210938,-0.030092184246932944,0.030092184246932944,0.017226680925876557,0.01461324163742307,0.017732964870498403,2.839998245239258,-8.699999999999996,16,416,-2.855564085283906,-1.48125,-10.0,5,8,1,0,1,"139,02","76,47",167.42,0.0014450869566807129,-1.1199989318847656,0
2019-02-26,55.4,64.51,31.56999969482422,15.17,96.0,0.0014450869566807129,0.0014450869566807129,0.01633007924074158,0.01418008775126096,0.015747820441709647,-1.1199989318847656,-9.110000000000007,11,228,-4.693342818141537,-5.5636363636363635,-10.0,5,2,3,0,1,"124,92","64,57",184.66,0.02706717946841366,-0.5599994659423793,0
2019-02-27,56.92,65.55,31.01000022888184,14.7,96.1500015258789,0.02706717946841366,0.02706717946841366,0.02026151302657738,0.015609060007599467,0.0159443311343563,-0.5599994659423793,-8.629999999999995,12,342,-3.7329087280263793,-4.6499999999999995,-10.0,3,3,3,0,1,"160,56","117,94",189.72,0.005081935058785661,-0.7399997711181676,0
2019-02-28,57.21,65.03,30.270000457763672,14.78,96.16000366210938,0.005081935058785661,0.005081935058785661,0.02039022603051304,0.015459457002310726,0.015431907694268963,-0.7399997711181676,-7.82,15,483,-5.705297662453138,-3.6933333333333334,-7.5,3,4,0,0,1,"162,63","153,60",220.65,0.025671941828169002,0.03999900817871094,0
2019-03-01,55.76,63.71,30.309999465942383,13.57,96.52999877929688,-0.025671941828169002,0.025671941828169002,0.023594668801095436,0.0182895059496542,0.016592358458861645,0.03999900817871094,-7.950000000000003,13,282,-3.6429167059911203,-5.461538461538462,-10.0,6,2,4,0,1,"184,50","66,88",278.94,0.014952218756868871,-0.10999870300292969,0
2019-03-04,56.6,64.44,30.200000762939453,14.63,96.68000030517578,0.014952218756868871,0.014952218756868871,0.01961195831044177,0.01764314112084787,0.015864743864286043,-0.10999870300292969,-7.839999999999996,16,468,-2.0796859489854977,-5.25625,-9.2,11,4,7,0,1,"62,96","77,25",72.49,0.0008837826470079063,-0.4099998474121094,0
2019-03-05,56.55,64.24,29.790000915527344,14.74,96.8499984741211,-0.0008837826470079063,0.0008837826470079063,0.019732158870741475,0.01743579941740441,0.015517363639171937,-0.4099998474121094,-7.689999999999998,13,402,-4.394642227463056,-4.9,-10.0,6,2,2,0,1,"103,08","37,37",140.26,0.005852637083743635,-0.10000038146972656,0
2019-03-06,56.22,64.51,29.690000534057617,15.74,96.87000274658205,-0.005852637083743635,0.005852637083743635,0.015106734723876638,0.016902214080771253,0.015048050049414168,-0.10000038146972656,-8.290000000000006,4,140,-4.327669341757692,-3.75,-7.0,0,1,0,0,0,"81,01","44,87",104.79,0.006736419730751398,0.7399997711181641,0
2019-03-07,56.6,64.82,30.43000030517578,16.59,97.66999816894533,0.006736419730751398,0.006736419730751398,0.015330107092149502,0.017082888699226063,0.015072429400874344,0.7399997711181641,-8.219999999999992,6,150,-1.8005707391317909,-4.833333333333333,-10.0,1,1,1,0,1,"91,10","74,30",123.95,0.014772894807674927,-0.6599998474121094,0
2019-03-08,55.77,65.66,29.770000457763672,16.05,97.37000274658205,-0.014772894807674927,0.014772894807674927,0.011426007819073863,0.017635182931010546,0.014380811848851757,-0.6599998474121094,-9.889999999999993,10,322,-6.368357052144124,-3.5100000000000002,-9.2,2,3,0,0,1,"55,01","62,68",39.21,0.018124163487878844,-0.5900001525878906,0
2019-03-11,56.79,65.06,29.18000030517578,14.33,97.22000122070312,0.018124163487878844,0.018124163487878844,0.012498913014444649,0.01564012827838165,0.014772350448521956,-0.5900001525878906,-8.270000000000003,3,272,-3.3008330135895396,0.4000000000000001,-5.8,0,2,0,0,0,"44,90","49,73",41.48,0.0017593248732148987,-0.6200008392333984,0
2019-03-12,56.89,65.33,28.559999465942383,13.77,96.94000244140624,0.0017593248732148987,0.0017593248732148987,0.012472621512335634,0.01563781514080968,0.014602326653570205,-0.6200008392333984,-8.439999999999998,14,379,-3.3334991964915957,-3.7642857142857147,-10.0,3,4,1,0,1,"101,32","96,61",87.91,0.02396780239242691,-0.43000030517578125,0
2019-03-13,58.27,65.89,28.1299991607666,13.41,96.5500030517578,0.02396780239242691,0.02396780239242691,0.015108885176155846,0.015122410077436609,0.015137035785667946,-0.43000030517578125,-7.619999999999997,22,779,-6.848405942871902,-5.422727272727273,-9.5,13,4,4,0,1,"115,26","110,65",106.49,0.005476652401714517,-0.9099998474121129,0
2019-03-14,58.59,66.18,27.21999931335449,13.5,96.79000091552734,0.005476652401714517,0.005476652401714517,0.015128267803475355,0.015130863137107103,0.015007778706329895,-0.9099998474121129,-7.590000000000003,14,518,-4.925543617321796,-4.921428571428572,-9.0,2,2,1,0,1,"66,67","74,77",62.37,0.001366353756552562,-0.9499988555908168,0
2019-03-15,58.51,66.11,26.270000457763672,12.88,96.5999984741211,-0.001366353756552562,0.001366353756552562,0.010929706197503358,0.011682670062626414,0.014984919453434251,-0.9499988555908168,-7.600000000000001,17,370,-4.017678515583747,-6.758823529411765,-9.0,6,0,1,0,1,"61,12","56,87",54.21,0.009864025557438543,0.20999908447265625,0
2019-03-18,59.09,66.65,26.479999542236328,13.1,96.5199966430664,0.009864025557438543,0.009864025557438543,0.009892792453472608,0.011296480549037091,0.014474909131814947,0.20999908447265625,-7.560000000000002,2,134,-2.0486819094060014,7.0,7.0,0,2,0,0,0,"79,94","139,47",16.62,0.0005075712823629864,1.960000991821289,1
2019-03-19,59.12,67.13,28.440000534057617,13.56,96.37999725341795,0.0005075712823629864,0.0005075712823629864,0.010101942524480443,0.011233862060490152,0.014399586572451073,1.960000991821289,-8.009999999999998,10,197,-1.8011091147669704,1.8800000000000001,-7.2,1,8,0,0,1,"107,43","142,81",59.56,0.01677328824482743,-1.230001449584961,0
2019-03-20,60.12,68.35,27.209999084472656,13.91,95.76000213623048,0.01677328824482743,0.01677328824482743,0.007337969226379814,0.01120801220795638,0.0145358409307371,-1.230001449584961,-8.229999999999997,12,244,-0.6075539880969723,1.1916666666666667,-9.2,2,9,0,0,1,"60,31","60,12",57.31,0.002331391563910773,-0.0699996948242152,0
2019-03-21,59.98,68.3,27.13999938964844,13.63,96.5,-0.002331391563910773,0.002331391563910773,0.008310361964691903,0.011566450402306746,0.014575285963658082,-0.0699996948242152,-8.32,29,800,-3.9699486171827076,-2.0517241379310347,-9.0,5,10,0,0,1,"88,87","56,38",107.49,0.01867955028069307,0.6400012969970668,0
2019-03-22,58.87,66.29,27.780000686645508,16.48,96.6500015258789,-0.01867955028069307,0.01867955028069307,0.013469741652379418,0.012376163780517608,0.015333103071583566,0.6400012969970668,-7.420000000000009,14,374,-5.824747782672783,-1.8928571428571428,-9.0,3,6,1,0,1,"122,84","118,24",119.76,0.002721552964075403,1.539999008178711,1
2019-03-25,58.71,67.37,29.31999969482422,16.33,96.56999969482422,-0.002721552964075403,0.002721552964075403,0.012600039121359369,0.011735625037569869,0.013462449619926006,1.539999008178711,-8.660000000000004,12,220,-5.4373923870616645,-6.408333333333334,-9.2,3,1,0,0,1,"51,39","9,32",77.7,0.019565474861165985,-1.3999996185302734,0
2019-03-26,59.87,67.51,27.920000076293945,14.68,96.73999786376952,0.019565474861165985,0.019565474861165985,0.015764955128858452,0.012776369233764547,0.013954896377456972,-1.3999996185302734,-7.640000000000008,12,405,-7.268470391595614,-2.9333333333333336,-10.0,3,4,1,0,1,"88,73","108,11",65.58,0.008049682909491764,0.19000053405761363,0
2019-03-27,59.39,67.35,28.11000061035156,15.15,96.7699966430664,-0.008049682909491764,0.008049682909491764,0.013959973778597166,0.011469220323240143,0.013064700630025294,0.19000053405761363,-7.959999999999994,23,720,-6.254137383184612,-3.569565217391304,-10.0,9,6,2,0,1,"80,90","84,89",70.81,0.0016852043084925347,0.4099998474121129,0
2019-03-28,59.29,66.08,28.520000457763672,14.43,97.1999969482422,-0.0016852043084925347,0.0016852043084925347,0.013964259719150237,0.01144491289556586,0.013071688935222038,0.4099998474121129,-6.789999999999999,5,272,-3.9973698150034256,-7.2,-9.0,3,0,0,0,1,"81,35","81,10",75.16,0.015065567840403174,-1.7700004577636719,0
2019-03-29,60.19,67.93,26.75,13.71,97.27999877929688,0.015065567840403174,0.015065567840403174,0.012108681808500495,0.012192651412941324,0.01166636166310993,-1.7700004577636719,-7.740000000000009,12,396,-6.828460915680416,-4.358333333333333,-9.0,6,3,3,0,1,"77,67","63,77",98.78,0.022993294139272487,-0.5200004577636719,0
2019-04-01,61.59,69.08,26.229999542236328,13.4,97.25,0.022993294139272487,0.022993294139272487,0.013669566084375969,0.013653519863788462,0.012196617506136776,-0.5200004577636719,-7.489999999999995,6,124,-3.8945518273360906,0.03333333333333351,-9.2,1,3,0,0,1,"65,45","50,19",75.35,0.015146921880254663,0.05000114440917969,0
2019-04-02,62.53,69.68,26.280000686645508,13.36,97.36000061035156,0.015146921880254663,0.015146921880254663,0.01298831869132023,0.014000727992398288,0.01236877820233105,0.05000114440917969,-7.150000000000006,14,339,-4.286661039517444,-6.528571428571429,-10.0,4,1,4,0,1,"60,65","9,30",93.11,0.0011200897242740107,-0.7100009918212891,0
2019-04-03,62.46,69.21,25.56999969482422,13.74,97.08999633789062,-0.0011200897242740107,0.0011200897242740107,0.010967506459578646,0.01355138182919094,0.012193734473196468,-0.7100009918212891,-6.749999999999993,10,257,-3.2088653978411066,-0.5599999999999999,-10.0,2,6,2,0,1,"83,97","25,11",118.7,0.005458353574446206,-0.3500003814697301,0
2019-04-04,62.12,69.8,25.21999931335449,13.58,97.30999755859376,-0.005458353574446206,0.005458353574446206,0.01205527477234861,0.013743765631318128,0.012418978054082139,-0.3500003814697301,-7.68,13,413,-3.789078408848858,-0.6461538461538461,-9.0,2,7,1,0,1,"72,57","59,58",106.49,0.015652771266681204,-1.2199993133544886,0
2019-04-05,63.1,69.93,24.0,12.82,97.4000015258789,0.015652771266681204,0.015652771266681204,0.012127815735876277,0.011726116272489652,0.011760182208758728,-1.2199993133544886,-6.830000000000005,16,404,-2.9138921168940204,-4.6125,-10.0,8,5,7,0,1,"71,19","33,40",97.5,0.019926916517356983,0.32999992370605113,0
2019-04-08,64.37,71.12,24.32999992370605,13.18,97.0500030517578,0.019926916517356983,0.019926916517356983,0.011322064726772671,0.011839596776591828,0.01186305364071819,0.32999992370605113,-6.75,7,192,-10.162101319963309,-5.471428571428571,-9.0,2,1,0,0,1,"96,83","111,77",76.28,0.004983657721781371,0.32999992370605824,0
2019-04-09,64.05,71.02,24.65999984741211,14.28,97.01000213623048,-0.004983657721781371,0.004983657721781371,0.012068631078646693,0.01199646355612847,0.012091445690818008,0.32999992370605824,-6.969999999999999,16,457,-3.6116780774071726,-3.2875,-10.0,8,6,2,0,1,"167,54","95,44",230.87,0.008859932053609087,0.020000457763671875,0
2019-04-10,64.62,71.63,24.68000030517578,13.3,96.9499969482422,0.008859932053609087,0.008859932053609087,0.01166246797354372,0.0108120451356951,0.01135453536446269,0.020000457763671875,-7.009999999999991,20,608,-5.554917832874944,-6.1450000000000005,-10.0,9,2,4,0,1,"76,35","25,37",112.86,0.015753269705639367,1.0200004577636719,0
2019-04-11,63.61,71.3,25.700000762939453,13.02,97.18000030517578,-0.015753269705639367,0.015753269705639367,0.014842746304331939,0.012974766193787247,0.01227924082773245,1.0200004577636719,-7.689999999999998,13,404,-6.935177462826547,-1.1153846153846154,-9.0,3,6,0,0,1,"104,20","43,28",144.4,0.003922496595923203,0.0,0
2019-04-12,63.86,71.57,25.700000762939453,12.01,96.97000122070312,0.003922496595923203,0.003922496595923203,0.013558216796744696,0.012683486092692656,0.012211853473921641,0.0,-7.709999999999994,16,428,-4.543005828607438,-0.78125,-10.0,4,7,1,0,1,"103,63","81,18",166.19,0.006756251640830221,-0.19000053405761363,0
2019-04-15,63.43,70.9,25.51000022888184,12.32,96.94000244140624,-0.006756251640830221,0.006756251640830221,0.009607970999434898,0.011683065779698635,0.012382955506055456,-0.19000053405761363,-7.470000000000006,8,310,-2.5262370744149423,-0.6499999999999999,-9.0,2,5,2,0,1,"56,67","41,09",59.97,0.009102385508106294,0.05999946594237926,0
2019-04-16,64.01,70.74,25.56999969482422,12.18,97.04000091552734,0.009102385508106294,0.009102385508106294,0.010845185433134044,0.011124566797506596,0.012421120515250968,0.05999946594237926,-6.72999999999999,18,630,-4.8575934247682575,-2.8333333333333335,-9.2,8,7,1,0,1,"124,46","66,81",151.26,0.004227012164721718,-0.37999916076660156,0
2019-04-17,63.74,71.14,25.190000534057617,12.6,97.01000213623048,-0.004227012164721718,0.004227012164721718,0.009647766569450647,0.011274295171536245,0.012167177040366487,-0.37999916076660156,-7.399999999999999,18,801,-4.023337499541085,-5.138888888888889,-10.0,9,3,4,0,1,"67,70","67,49",56.3,0.004383225552526512,-0.7399997711181641,0
2019-04-18,64.02,70.71,24.450000762939453,12.09,97.47000122070312,0.004383225552526512,0.004383225552526512,0.0065709761850978425,0.010973664376350717,0.012107036941413157,-0.7399997711181641,-6.689999999999998,9,198,-3.049152151289672,-3.9555555555555557,-9.5,2,2,1,0,1,"54,60","36,29",68.11,0.025294377531729542,1.6199989318847656,1
2019-04-22,65.66,70.71,26.06999969482422,12.42,97.27999877929688,0.025294377531729542,0.025294377531729542,0.012755926163947762,0.01252196492117107,0.011904399687991875,1.6199989318847656,-5.049999999999997,6,276,-5.365429129790836,-4.166666666666667,-10.0,2,2,1,0,1,"95,93","90,01",84.47,0.008794598003557658,0.48999977111816406,0
2019-04-23,66.24,74.39,26.559999465942383,12.28,97.56999969482422,0.008794598003557658,0.008794598003557658,0.010738735574677642,0.01139010829288677,0.011765647117914783,0.48999977111816406,-8.150000000000006,15,440,-3.194948562949842,-3.42,-10.0,4,5,3,0,1,"156,50","114,41",173.51,0.004236012385606118,-1.279998779296875,0
2019-04-24,65.96,73.59,25.280000686645508,13.14,98.0999984741211,-0.004236012385606118,0.004236012385606118,0.012166187287789362,0.011335196533209187,0.011526199353194651,-1.279998779296875,-7.63000000000001,11,306,-2.0399078882931465,-1.5636363636363635,-10.0,4,6,4,0,1,"88,27","138,95",30.91,0.011129011883393372,0.28999900817871094,0
2019-04-25,65.23,74.94,25.56999969482422,13.25,98.1999969482422,-0.011129011883393372,0.011129011883393372,0.0138868061242559,0.011922218975223175,0.011726321999971518,0.28999900817871094,-9.709999999999994,17,708,-4.2858180258334295,-4.229411764705882,-10.0,6,5,4,0,1,"99,63","99,32",103.55,0.030192147020790736,5.670000076293945,1
2019-04-26,63.29,71.03,31.239999771118164,12.73,98.01000213623048,-0.030192147020790736,0.030192147020790736,0.020881876317430593,0.014715592761417018,0.014045220970896818,5.670000076293945,-7.740000000000002,19,357,-4.000331732270958,-2.5473684210526315,-9.2,5,7,2,0,1,"129,57","103,33",150.83,0.0015787815088609655,-2.1999988555908203,0
2019-04-29,63.39,71.22,29.040000915527344,13.11,97.86000061035156,0.0015787815088609655,0.0015787815088609655,0.014879701882824831,0.014655796230526609,0.013769863563350094,-2.1999988555908203,-7.829999999999998,15,370,-4.618813348851768,-1.5533333333333332,-10.0,2,7,2,0,1,"68,81","58,80",98.08,0.0069171789718909735,0.26999855041503906,0
2019-04-30,63.83,72.19,29.309999465942383,13.12,97.4800033569336,0.0069171789718909735,0.0069171789718909735,0.014396160033254064,0.014669835779451629,0.01296164692968539,0.26999855041503906,-8.36,13,436,-3.814998605029614,-1.7384615384615385,-10.0,5,6,3,0,1,"49,37","44,75",52.25,0.004396301632502883,0.10000038146972656,0
2019-05-01,63.55,72.01,29.40999984741211,14.8,97.69000244140624,-0.004396301632502883,0.004396301632502883,0.014387494726052783,0.014422439530028667,0.012633911463918162,0.10000038146972656,-8.460000000000008,14,381,-3.11593051543521,-5.735714285714286,-10.0,5,2,1,0,1,"61,52","9,44",102.31,0.028733022127376474,1.0799999237060547,1
2019-05-02,61.75,70.56,30.489999771118164,14.42,97.83000183105467,-0.028733022127376474,0.028733022127376474,0.017361252621814833,0.016945587035761878,0.01425996636988339,1.0799999237060547,-8.810000000000002,5,106,-5.813034040659164,-8.72,-10.0,5,0,2,0,1,"186,33","90,82",247.91,0.003717776851515447,-0.6100006103515625,0
2019-05-03,61.98,71.95,29.8799991607666,12.87,97.5199966430664,0.003717776851515447,0.003717776851515447,0.01433163858560507,0.016913898989990968,0.01424207045613345,-0.6100006103515625,-9.970000000000006,35,1006,-3.3099709776067185,-5.902857142857143,-10.0,10,3,3,0,1,"70,15","54,39",77.77,0.00514967343380531,1.0300006866455078,0
2019-05-06,62.3,71.95,30.90999984741211,15.44,97.5199966430664,0.00514967343380531,0.00514967343380531,0.014772734253175195,0.014104294700174656,0.01381745506396883,1.0300006866455078,-9.650000000000006,18,642,-3.0413223284380013,-7.527777777777778,-10.0,9,0,4,0,1,"134,99","103,52",164.06,0.014388737452099669,3.1599998474121094,1
2019-05-07,61.41,70.98,34.06999969482422,19.32,97.62999725341795,-0.014388737452099669,0.014388737452099669,0.014084715565759734,0.013427861434590595,0.013248257601714207,3.1599998474121094,-9.570000000000007,16,438,-4.420862727056175,-5.44375,-10.0,5,2,1,0,1,"122,51","87,93",138.54,0.011656275734294631,-1.8400001525878906,0
2019-05-08,62.13,71.09,32.22999954223633,19.4,97.62000274658205,0.011656275734294631,0.011656275734294631,0.016633534403950663,0.014742540344468912,0.013592432673205795,-1.8400001525878906,-8.96,26,677,-2.439359766445623,-0.9461538461538461,-7.0,3,12,0,0,0,"56,74","26,11",87.1,0.008891821579248248,0.25,0
2019-05-09,61.58,70.61,32.47999954223633,19.1,97.37000274658205,-0.008891821579248248,0.008891821579248248,0.010733009782886195,0.014672563518524286,0.013457755686866767,0.25,-9.030000000000001,7,205,-5.119276661415062,-3.4285714285714284,-10.0,2,2,2,0,1,"167,13","85,44",213.8,0.001136087113999066,0.31999969482421875,0
2019-05-10,61.65,71.63,32.79999923706055,16.04,97.33000183105467,0.001136087113999066,0.001136087113999066,0.010536589650274888,0.011971850480331604,0.013101546070668286,0.31999969482421875,-9.979999999999997,30,696,-6.6683134162779005,-3.5233333333333334,-10.0,9,9,4,0,1,"135,96","57,50",178.15,0.011091289690628572,1.7999992370605469,1
2019-05-13,60.97,72.35,34.599998474121094,20.55,97.31999969482422,-0.011091289690628572,0.011091289690628572,0.010643561190622215,0.012146648528752716,0.01320033966612684,1.7999992370605469,-11.379999999999995,8,178,-8.468848846482867,-0.42499999999999993,-9.2,2,4,0,0,1,"130,95","38,68",193.58,0.013844996784245485,-2.4699974060058594,0
2019-05-14,61.82,72.53,32.130001068115234,18.06,97.52999877929688,0.013844996784245485,0.013844996784245485,0.011424412322133754,0.012999310517700757,0.013632302500422262,-2.4699974060058594,-10.71,8,263,-5.913714495577397,-5.5625,-10.0,3,1,2,0,1,"248,68","93,55",351.14,0.003391202281055967,-2.870000839233395,0
2019-05-15,62.03,73.09,29.26000022888184,16.44,97.56999969482422,0.003391202281055967,0.003391202281055967,0.010075181503346879,0.01315202260872839,0.013462005513774803,-2.870000839233395,-11.060000000000002,17,504,-2.0237381191275636,-3.317647058823529,-7.2,6,5,0,0,1,"184,76","201,74",204.85,0.014404858553816006,0.15999984741210582,0
2019-05-16,62.93,74.7,29.420000076293945,15.29,97.83999633789062,0.014404858553816006,0.014404858553816006,0.010499241376993863,0.010335864065902138,0.013905895729577433,0.15999984741210582,-11.770000000000003,11,272,-5.620761521206739,-5.590909090909091,-10.0,6,2,2,0,1,"158,54","199,64",131.83,0.0025457452094018508,0.020000457763671875,0
2019-05-17,62.77,73.94,29.440000534057617,15.96,98.0,-0.0025457452094018508,0.0025457452094018508,0.010901292327987968,0.010402558587024411,0.013860414531890792,0.020000457763671875,-11.169999999999995,24,710,-4.621890415183841,-4.970833333333333,-10.0,11,5,4,0,1,"141,05","119,31",156.38,0.0055604242081782615,-1.8100013732910156,0
2019-05-20,63.12,73.21,27.6299991607666,16.31,97.93000030517578,0.0055604242081782615,0.0055604242081782615,0.007209009272475711,0.010420390603173619,0.012529628254681605,-1.8100013732910156,-10.089999999999996,9,296,-7.242543524759273,-4.444444444444445,-10.0,2,2,1,0,1,"102,84","53,96",135.02,0.001585540208490204,-0.6999988555908203,0
2019-05-21,63.02,72.94,26.93000030517578,14.95,98.05999755859376,-0.001585540208490204,0.001585540208490204,0.006800581161560087,0.008962038990026403,0.01227249761027451,-0.6999988555908203,-9.919999999999995,15,398,-4.434636675019293,-0.5533333333333333,-10.0,2,8,2,0,1,"131,19","84,08",163.63,0.025716621316452276,1.260000228881836,0
2019-05-22,61.42,71.94,28.190000534057617,14.75,98.11000061035156,-0.025716621316452276,0.025716621316452276,0.014909932799750428,0.012028225043842633,0.013327764380051241,1.260000228881836,-10.519999999999996,19,730,-5.822047240303266,-3.8947368421052633,-10.0,8,5,4,0,1,"93,18","46,45",123.97,0.06334526829760828,5.600000381469727,1
2019-05-23,57.65,68.37,33.790000915527344,16.92,97.8499984741211,-0.06334526829760828,0.06334526829760828,0.028186791667553494,0.02312759999765582,0.018855444981575428,5.600000381469727,-10.720000000000006,13,531,-5.5442400062058,-4.1692307692307695,-10.0,4,3,3,0,1,"102,54","97,78",88.97,0.012925643119113449,-0.6000022888183594,0
2019-05-24,58.4,67.98,33.189998626708984,15.85,97.61000061035156,0.012925643119113449,0.012925643119113449,0.030955692874516855,0.023854540802613164,0.01842510929959222,-0.6000022888183594,-9.580000000000005,26,1290,-3.4225868544583236,-3.6653846153846152,-10.0,10,8,2,0,1,"148,69","74,12",206.07,0.008694965699414527,1.1700019836425781,0
2019-05-28,58.91,70.19,34.36000061035156,17.5,97.95999908447266,0.008694965699414527,0.008694965699414527,0.03148894980923828,0.02415022975418594,0.018606745442254,1.1700019836425781,-11.280000000000001,23,480,-0.6184015951950961,-1.8782608695652174,-10.0,5,11,2,0,1,"69,46","0,00",115.51,0.0011889598003590532,2.0699996948242188,1
2019-05-29,58.84,70.64,36.43000030517578,17.9,98.13999938964844,-0.0011889598003590532,0.0011889598003590532,0.03152790013124616,0.023411496228530948,0.018451750980299324,2.0699996948242188,-11.799999999999997,13,286,-7.0519227587415525,-6.923076923076923,-10.0,8,2,7,0,1,"67,51","17,95",97.31,0.04111237204849152,3.1899986267089844,1
2019-05-30,56.47,69.55,39.619998931884766,17.3,98.13999938964844,-0.04111237204849152,0.04111237204849152,0.03367070318312641,0.025763482528656696,0.020226997826246287,3.1899986267089844,-13.079999999999998,14,335,-3.8992731888455636,-1.0857142857142856,-9.2,1,7,0,0,1,"120,23","107,46",124.11,0.05421480314158651,7.290000915527344,1
2019-05-31,53.49,66.78,46.90999984741211,18.71,97.75,-0.05421480314158651,0.05421480314158651,0.03062552999943298,0.02778068261341999,0.02242379525673793,7.290000915527344,-13.29,6,208,-7.1200729260449185,-3.966666666666667,-9.0,3,2,2,0,1,"104,56","33,36",146.07,0.004496915953624309,-0.13000106811522727,0
2019-06-03,53.25,63.16,46.77999877929688,18.86,97.13999938964844,-0.004496915953624309,0.004496915953624309,0.02748719951860229,0.027680385317780266,0.022288502149656636,-0.13000106811522727,-9.909999999999997,10,235,-4.450911614359451,-6.35,-10.0,7,2,6,0,1,"129,25","95,44",143.3,0.0046838493124264375,-3.319999694824226,0
2019-06-04,53.5,63.56,43.459999084472656,16.97,97.06999969482422,0.0046838493124264375,0.0046838493124264375,0.02653857249655331,0.02760422906361294,0.02227472704286359,-3.319999694824226,-10.060000000000002,9,221,-6.35580095745077,-2.966666666666667,-10.0,3,3,2,0,1,"69,40","18,45",100.02,0.036741545839093274,1.729999542236321,1
2019-06-05,51.57,62.14,45.18999862670898,16.09,97.37000274658205,-0.036741545839093274,0.036741545839093274,0.025214146423336213,0.027727087611825477,0.02317512368519596,1.729999542236321,-10.57,11,376,-5.2198590642636695,-2.3545454545454545,-10.0,4,4,2,0,1,"122,39","89,47",142.47,0.019585879538385274,-4.529998779296868,0
2019-06-06,52.59,62.77,40.65999984741211,15.93,97.02999877929688,0.019585879538385274,0.019585879538385274,0.03042011786312145,0.030281810015402137,0.023606100347180147,-4.529998779296868,-10.18,25,573,-4.224968952475071,-7.176,-10.0,20,1,4,0,1,"82,92","60,91",116.13,0.02553170410289085,-1.9099998474121094,0
2019-06-07,53.95,64.1,38.75,16.3,96.61000061035156,0.02553170410289085,0.02553170410289085,0.024560698202568464,0.027610658194661353,0.024788703268560353,-1.9099998474121094,-10.149999999999991,19,331,-4.414147659935499,-7.494736842105263,-10.0,12,0,3,0,1,"69,92","60,99",72.68,0.011558667091632894,0.3699989318847656,0
2019-06-10,53.33,64.31,39.119998931884766,15.94,96.76000213623048,-0.011558667091632894,0.011558667091632894,0.025201717596927447,0.026755886232820946,0.02474229824384399,0.3699989318847656,-10.980000000000004,8,297,-5.592014105650168,-6.8625,-10.0,7,1,4,0,1,"56,93","30,96",68.86,0.0005626934407119843,-0.43000030517578836,0
2019-06-11,53.3,63.56,38.68999862670898,15.99,96.69000244140624,-0.0005626934407119843,0.0005626934407119843,0.025082512347792716,0.026227404002879335,0.024768230885152013,-0.43000030517578836,-10.260000000000005,10,304,-5.7458992925293995,-4.63,-10.0,3,2,1,0,1,"74,29","52,28",87.21,0.04156492207989086,4.370002746582038,1
2019-06-12,51.13,61.66,43.060001373291016,15.91,97.0,-0.04156492207989086,0.04156492207989086,0.026843771286974245,0.027780842182894817,0.025436529669906546,4.370002746582038,-10.529999999999994,15,572,-2.094418187947287,-2.7733333333333334,-9.0,6,6,2,0,1,"95,03","99,25",75.26,0.024153429987657904,-1.5,0
2019-06-13,52.38,63.28,41.560001373291016,15.82,97.01000213623048,0.024153429987657904,0.024153429987657904,0.027810143891296886,0.028375454996046323,0.02639561425209954,-1.5,-10.899999999999999,15,390,-6.253298872147341,-5.846666666666667,-9.5,4,2,1,0,1,"114,67","59,27",169.51,0.0017167386190545491,1.3299980163574219,0
2019-06-14,52.47,63.13,42.88999938964844,15.28,97.56999969482422,0.0017167386190545491,0.0017167386190545491,0.023943424401764234,0.023186216348123328,0.02596626434675681,1.3299980163574219,-10.660000000000004,14,301,-2.5925524727096523,-6.692857142857143,-7.2,7,0,0,0,1,"192,64","125,25",229.83,0.010152371464018073,3.2600021362304688,1
2019-06-17,51.94,62.56,46.150001525878906,15.35,97.55999755859376,-0.010152371464018073,0.010152371464018073,0.02386351654756188,0.023324471111940612,0.025921047387702612,3.2600021362304688,-10.620000000000005,29,700,-2.0621967551370037,0.11724137931034484,-10.0,4,20,4,0,1,"126,36","18,00",195.14,0.036298881148850444,-2.720001220703125,1
2019-06-18,53.86,63.35,43.43000030517578,15.15,97.63999938964844,0.036298881148850444,0.036298881148850444,0.030466414691354977,0.026351249399726308,0.027708739552673705,-2.720001220703125,-9.490000000000002,16,321,-5.757984310256228,-4.475,-10.0,10,5,4,0,1,"157,74","91,04",200.2,0.0022304841961076215,-2.6399993896484375,0
2019-06-19,53.74,62.85,40.790000915527344,14.33,97.12000274658205,-0.0022304841961076215,0.0022304841961076215,0.019469571296666946,0.02294713346419599,0.027701338575725782,-2.6399993896484375,-9.11,10,351,-2.0685361427169586,-5.92,-10.0,4,1,2,0,1,"135,55","8,45",218.39,0.0567861823076403,0.8699989318847656,1
2019-06-20,56.88,65.44,41.65999984741211,14.75,96.62999725341795,0.0567861823076403,0.0567861823076403,0.028699719622620037,0.028156616194225773,0.03087933548194416,0.8699989318847656,-8.559999999999995,19,629,-4.880277941355886,-4.957894736842105,-10.0,7,4,6,0,1,"72,57","25,53",106.49,0.008229058080394206,0.470001220703125,0
2019-06-21,57.35,65.99,42.130001068115234,15.4,96.22000122070312,0.008229058080394206,0.008229058080394206,0.028001287321431076,0.027472074156008695,0.02759263406557416,0.470001220703125,-8.639999999999993,23,891,-3.7356114144070416,-3.9782608695652173,-9.2,8,6,1,0,1,"126,00","40,52",196.03,0.0066041254974623384,-1.1300010681152344,0
2019-06-24,57.73,65.16,41.0,15.26,95.9800033569336,0.0066041254974623384,0.0066041254974623384,0.024620141963493738,0.026765343150319282,0.0274695636282086,-1.1300010681152344,-7.43,13,332,-3.6276095817557716,-3.476923076923077,-10.0,3,4,1,0,1,"171,25","21,34",284.8,0.0017337036242671868,-0.7400016784667969,0
2019-06-25,57.63,66.24,40.2599983215332,16.28,96.16000366210938,-0.0017337036242671868,0.0017337036242671868,0.024640102149516813,0.026809143091099726,0.027383142601754347,-0.7400016784667969,-8.609999999999992,14,461,-4.097590206991442,-6.1499999999999995,-10.0,8,1,3,0,1,"82,02","0,00",136.4,0.026371391240027704,-1.80999755859375,0
2019-06-26,59.17,66.85,38.45000076293945,16.21,96.20999908447266,0.026371391240027704,0.026371391240027704,0.0233525925005978,0.020852884717285164,0.02806336338837523,-1.80999755859375,-7.679999999999993,7,208,-1.073204289641122,-4.5,-9.2,3,1,0,0,1,"123,76","24,68",198.96,0.00016899028346076085,-0.6100006103515625,0
2019-06-27,59.18,66.78,37.84000015258789,15.82,96.19000244140624,0.00016899028346076085,0.00016899028346076085,0.011130506601224964,0.021011249223223956,0.026322894905597777,-0.6100006103515625,-7.600000000000001,7,239,-1.4268578779865926,-3.7857142857142856,-9.2,1,2,0,0,1,"134,94","86,79",159.26,0.016698292234671352,1.6199989318847656,1
2019-06-28,58.2,67.52,39.459999084472656,15.08,96.12999725341795,-0.016698292234671352,0.016698292234671352,0.015633620838672903,0.02276637658155772,0.023236042133536017,1.6199989318847656,-9.319999999999993,15,686,-2.8595173972750954,-2.7133333333333334,-7.2,7,5,0,0,1,"153,90","87,67",201.1,0.01212550079620379,-3.5400009155273438,0
2019-07-01,58.91,65.1,35.91999816894531,14.06,96.83999633789062,0.01212550079620379,0.01212550079620379,0.016143599836771147,0.021595537920710013,0.023205117490257464,-3.5400009155273438,-6.189999999999998,6,150,-3.7762599781062263,-5.916666666666667,-9.5,4,1,3,0,1,"112,52","26,92",172.16,0.050659164798446725,1.8500022888183594,1
2019-07-02,56.0,62.72,37.77000045776367,12.93,96.7300033569336,-0.050659164798446725,0.050659164798446725,0.02967763995389749,0.027648302069193394,0.026339263088166354,1.8500022888183594,-6.719999999999999,9,244,-1.3149391030162756,1.9555555555555557,-7.0,0,6,0,0,0,"138,22","47,52",214.02,0.018751655050204683,-1.0499992370605469,0
2019-07-03,57.06,63.53,36.720001220703125,12.57,96.7699966430664,0.018751655050204683,0.018751655050204683,0.02774960619596559,0.027926439097921398,0.02489520116185289,-1.0499992370605469,-6.469999999999999,7,164,-4.417728252955254,-6.614285714285714,-10.0,4,1,3,0,1,"66,82","9,52",103.19,0.0050694977900256535,-2.720001220703125,0
2019-07-08,57.35,64.89,34.0,13.96,97.37999725341795,0.0050694977900256535,0.0050694977900256535,0.028161180604465572,0.02153183890286236,0.024659853436046937,-2.720001220703125,-7.539999999999999,5,212,-1.5048620440098066,-5.8,-10.0,3,1,2,0,1,"53,51","9,70",80.9,0.0038287551123385413,-3.700000762939453,0
2019-07-09,57.57,64.3,30.299999237060547,14.09,97.48999786376952,0.0038287551123385413,0.0038287551123385413,0.027756401329965076,0.02140827604971481,0.024150132220807474,-3.700000762939453,-6.729999999999997,3,50,-3.100919486523361,-5.266666666666667,-5.8,1,0,0,0,0,"96,65","35,04",138.82,0.04599877507057652,0.4600009918212926,1
2019-07-10,60.28,66.41,30.76000022888184,13.03,97.0999984741211,0.04599877507057652,0.04599877507057652,0.035243859171152477,0.025845139346382114,0.02567426510813501,0.4600009918212926,-6.1299999999999955,7,208,-3.8697778609628983,-5.8428571428571425,-7.0,3,0,0,0,0,"100,78","26,21",153.03,0.00582315928820087,-0.8999996185302805,0
2019-07-11,59.93,67.64,29.86000061035156,12.93,97.0500030517578,-0.00582315928820087,0.00582315928820087,0.020135291770797228,0.02598359350094786,0.025773140077362217,-0.8999996185302805,-7.710000000000001,18,482,-4.070650631468482,-5.5,-10.0,5,4,5,0,1,"119,68","68,18",156.38,0.0010006671949078052,0.5299987792968821,0
2019-07-12,59.99,66.65,30.38999938964844,12.39,96.80999755859376,0.0010006671949078052,0.0010006671949078052,0.020552768498216467,0.024756770567372386,0.023288312664965206,0.5299987792968821,-6.660000000000004,6,152,-0.7585643196905544,2.3833333333333333,-9.2,1,5,0,0,1,"107,37","39,64",145.5,0.011568575661322026,0.4400005340576101,0
2019-07-15,59.3,66.86,30.82999992370605,12.68,96.93000030517578,-0.011568575661322026,0.011568575661322026,0.02277986902685337,0.025096292094803633,0.023353198900371692,0.4400005340576101,-7.560000000000002,5,138,-1.6379855311776335,-4.86,-7.5,1,1,0,0,1,"31,06","30,96",43.04,0.031868381263711054,1.2300014495849645,1
2019-07-16,57.44,65.87,32.060001373291016,12.86,97.4000015258789,-0.031868381263711054,0.031868381263711054,0.028719337408728552,0.026642297987389263,0.024852251584382874,1.2300014495849645,-8.430000000000007,17,494,-3.8080730408179293,-4.158823529411765,-10.0,6,6,5,0,1,"76,37","28,55",111.13,0.016500286587573458,2.8799972534179688,1
2019-07-17,56.5,63.67,34.939998626708984,13.97,97.22000122070312,-0.016500286587573458,0.016500286587573458,0.012428102957154664,0.02657555803603791,0.02508897429742394,2.8799972534179688,-7.170000000000002,15,329,-4.511609232648239,-3.5133333333333336,-10.0,5,6,4,0,1,"147,23","82,56",198.94,0.025453964291941193,-1.8699989318847656,0
2019-07-18,55.08,60.7,33.06999969482422,13.53,96.79000091552734,-0.025453964291941193,0.025453964291941193,0.012710606681094631,0.022570706216593593,0.02472901541130494,-1.8699989318847656,-5.6200000000000045,17,447,-5.833149772842164,-4.511764705882352,-10.0,10,5,3,0,1,"102,68","115,72",103.94,0.006153865574378286,1.7700004577636719,1
2019-07-19,55.42,61.04,34.84000015258789,14.45,97.1500015258789,0.006153865574378286,0.006153865574378286,0.014592362759469093,0.02163733798940498,0.024740293405915107,1.7700004577636719,-5.619999999999997,5,173,-3.8817127105550457,-6.640000000000001,-7.2,2,0,0,0,1,"48,78","17,68",66.37,0.008087024036224964,-1.2099990844726562,0
2019-07-22,55.87,61.96,33.630001068115234,13.53,97.26000213623048,0.008087024036224964,0.008087024036224964,0.018227936599091287,0.021781641269604378,0.021153100559978624,-1.2099990844726562,-6.090000000000003,7,240,-6.42437152917455,-5.728571428571429,-10.0,3,1,2,0,1,"193,02","104,01",242.92,0.012628002402363756,-1.3800010681152344,0
2019-07-23,56.58,62.28,32.25,12.61,97.70999908447266,0.012628002402363756,0.012628002402363756,0.016862581424303483,0.022243688813477255,0.021275489185112993,-1.3800010681152344,-5.700000000000003,9,342,-7.3041553753611925,-6.6,-9.2,6,0,1,0,1,"139,27","99,17",198.52,0.012091185712367615,0.6100006103515625,0
2019-07-24,55.9,63.83,32.86000061035156,12.07,97.7300033569336,-0.012091185712367615,0.012091185712367615,0.01607825423600875,0.014698353137734538,0.021349371931104064,0.6100006103515625,-7.93,21,700,-5.839391005017042,-4.647619047619047,-9.2,10,4,1,0,1,"99,52","47,24",126.1,0.0003578457722923211,-0.9099998474121094,0
2019-07-25,55.88,63.47,31.950000762939453,12.74,97.81999969482422,-0.0003578457722923211,0.0003578457722923211,0.009584816298978253,0.014870038631238862,0.02135117108292811,-0.9099998474121094,-7.589999999999996,10,263,-3.7561163931944748,-1.9299999999999997,-6.5,1,4,0,0,0,"74,44","37,11",92.85,0.0028591870800451606,0.3400001525878906,0
2019-07-26,56.04,62.46,32.290000915527344,12.16,98.01000213623048,0.0028591870800451606,0.0028591870800451606,0.00941557544265312,0.014992216596990737,0.020357537284630654,0.3400001525878906,-6.420000000000002,11,253,-5.186541311892735,-3.2090909090909094,-10.0,7,4,3,0,1,"137,65","61,97",192.0,0.01435049872773879,-0.6600017547607422,0
2019-07-29,56.85,62.29,31.6299991607666,12.83,98.04000091552734,0.01435049872773879,0.01435049872773879,0.010717158650406875,0.016264838985401254,0.020707339973665445,-0.6600017547607422,-5.439999999999998,4,72,0.7185679999168451,-1.6749999999999998,-10.0,2,2,1,0,1,"137,61","88,19",171.65,0.020716207819442056,-1.5599994659423828,0
2019-07-30,58.04,62.55,30.06999969482422,13.94,98.0500030517578,0.020716207819442056,0.020716207819442056,0.012843128079962433,0.014763693237118276,0.02099837729092641,-1.5599994659423828,-4.509999999999998,10,380,-4.246017402394693,-6.109999999999999,-9.2,3,1,0,0,1,"152,36","137,19",155.3,0.0084070152871425,0.7000007629394531,0
2019-07-31,58.53,64.07,30.770000457763672,16.12,98.5199966430664,0.0084070152871425,0.0084070152871425,0.00853430876467521,0.013524939761995146,0.020900315077117773,0.7000007629394531,-5.539999999999992,6,104,-1.3903132840316381,-1.05,-7.2,1,3,0,0,1,"89,66","84,68",109.87,0.08724438488965175,5.659999847412109,1
2019-08-01,53.64,62.9,36.43000030517578,17.87,98.38999938964844,-0.08724438488965175,0.08724438488965175,0.04469559222794944,0.0310276119901408,0.026411991128731157,5.659999847412109,-9.259999999999998,8,294,-1.7518511680101911,-2.5875,-10.0,3,4,1,0,1,"107,73","89,50",111.97,0.03714634378193867,-0.8699989318847656,1
2019-08-02,55.67,61.12,35.560001373291016,17.61,98.0999984741211,0.03714634378193867,0.03714634378193867,0.049214919526917575,0.03345735252110779,0.02747705418574974,-0.8699989318847656,-5.449999999999996,8,178,-4.548768644421635,-2.7375,-7.0,0,3,0,0,0,"110,99","42,56",156.18,0.018858219787790117,1.4799995422363281,1
2019-08-05,54.63,59.32,37.040000915527344,24.59,97.5,-0.018858219787790117,0.018858219787790117,0.04880976079961398,0.033856614629811564,0.027708137782389047,1.4799995422363281,-4.689999999999998,7,234,-6.165667561317958,-2.9857142857142853,-10.0,3,3,1,0,1,"103,52","103,20",94.69,0.019034114330870048,-0.6100006103515625,0
2019-08-06,53.6,58.63,36.43000030517578,20.17,97.62999725341795,-0.019034114330870048,0.019034114330870048,0.04613387904582625,0.033791662293728715,0.027907261630663687,-0.6100006103515625,-5.030000000000001,4,119,-5.948522934854078,-1.875,-7.5,0,2,0,0,1,"270,94","183,47",306.06,0.04698209821371576,1.6699981689453054,1
2019-08-07,51.14,55.03,38.09999847412109,19.49,97.54000091552734,-0.04698209821371576,0.04698209821371576,0.04547847663543991,0.036268606186188844,0.026942703355552045,1.6699981689453054,-3.8900000000000006,10,310,-5.717630796630077,-5.029999999999999,-9.5,8,2,3,0,1,"106,00","88,06",124.87,0.028149149880623607,-2.1199989318847585,1
2019-08-08,52.6,56.29,35.97999954223633,16.91,97.62000274658205,0.028149149880623607,0.028149149880623607,0.035428823159854524,0.0380892192609616,0.028145911011683337,-2.1199989318847585,-3.6899999999999977,15,492,-5.076990015752506,-5.953333333333333,-10.0,4,2,3,0,1,"144,63","148,84",124.15,0.03383184075416974,-0.8400001525878906,1
2019-08-09,54.41,57.37,35.13999938964844,17.97,97.48999786376952,0.03383184075416974,0.03383184075416974,0.034486931103512405,0.04010028445225088,0.029531134976816767,-0.8400001525878906,-2.960000000000001,11,355,-3.3146033219603486,-1.4272727272727272,-7.2,6,5,0,0,1,"105,86","61,56",132.04,0.010421522239265677,-0.7099990844726562,0
2019-08-12,54.98,57.13,34.43000030517578,21.09,97.37999725341795,0.010421522239265677,0.010421522239265677,0.03393756881446074,0.039930812423236685,0.029678060160112266,-0.7099990844726562,-2.1500000000000057,9,200,-4.005018979522979,-2.6333333333333333,-10.0,1,4,1,0,1,"151,52","83,34",191.16,0.036958593570984986,-1.2400016784667969,1
2019-08-13,57.05,59.9,33.189998626708984,17.52,97.80999755859376,0.036958593570984986,0.036958593570984986,0.03478722204820499,0.04132429182325726,0.030235087803181498,-1.2400016784667969,-2.8500000000000014,4,128,-2.598205371022708,-1.7750000000000001,-7.2,2,2,0,0,1,"40,67","27,03",45.09,0.03369002338298362,2.640003204345703,1
2019-08-14,55.16,57.86,35.83000183105469,22.1,97.98999786376952,-0.03369002338298362,0.03369002338298362,0.029160371077607196,0.042310423070238946,0.03095440017461835,2.640003204345703,-2.700000000000003,11,235,-8.228967264191196,-8.545454545454545,-10.0,7,0,4,0,1,"105,77","86,27",111.94,0.011853881848911481,0.3699989318847656,0
2019-08-15,54.51,57.37,36.20000076293945,21.18,98.13999938964844,-0.011853881848911481,0.011853881848911481,0.030167156920259564,0.031563443093073344,0.03054016228166757,0.3699989318847656,-2.8599999999999994,6,149,-2.6586776338691966,-2.15,-9.0,3,3,1,0,1,"96,89","101,19",107.42,0.005853318339767621,-1.1800003051757812,0
2019-08-16,54.83,59.0,35.02000045776367,18.47,98.13999938964844,0.005853318339767621,0.005853318339767621,0.026327331423602444,0.02910410241505598,0.030536779243642252,-1.1800003051757812,-4.170000000000002,17,388,-3.7324655688552473,-4.370588235294117,-10.0,8,4,4,0,1,"104,61","78,21",115.98,0.02539075808645241,-2.029998779296875,0
2019-08-19,56.24,59.79,32.9900016784668,16.88,98.3499984741211,0.02539075808645241,0.02539075808645241,0.028362553820277973,0.029535762606747465,0.03103499111433261,-2.029998779296875,-3.549999999999997,12,307,-3.183352037230563,-3.9416666666666664,-9.2,5,3,0,0,1,"127,85","46,35",173.97,0.0010674258263118732,-0.6500015258789062,0
2019-08-20,56.18,59.03,32.34000015258789,17.5,98.19000244140624,-0.0010674258263118732,0.0010674258263118732,0.021842578929324875,0.02858407565096502,0.030900159623851686,-0.6500015258789062,-2.8500000000000014,4,76,-4.209142639285858,2.625,-7.0,0,3,0,0,0,"76,68","50,96",110.52,0.00947874395454377,0.049999237060546875,0
2019-08-21,55.65,60.6,32.38999938964844,15.8,98.3000030517578,-0.00947874395454377,0.00947874395454377,0.01495667975028027,0.022955763289394207,0.030853422111518227,0.049999237060546875,-4.950000000000003,12,634,-4.196745488089246,1.2,-7.0,0,7,0,0,0,"114,39","47,52",150.61,0.005766820811535422,0.0,0
2019-08-22,55.33,59.81,32.38999938964844,16.68,98.16999816894533,-0.005766820811535422,0.005766820811535422,0.013771407644816143,0.02221570584192508,0.03087835242039521,0.0,-4.480000000000004,13,415,-4.865644794072943,-2.569230769230769,-10.0,4,5,3,0,1,"147,97","66,62",206.39,0.022850825175309675,2.8100013732910156,1
2019-08-23,54.08,58.64,35.20000076293945,19.87,97.63999938964844,-0.022850825175309675,0.022850825175309675,0.017699954738232684,0.021270039891432956,0.031264141939600115,2.8100013732910156,-4.560000000000002,18,544,-5.874516061028516,-4.888888888888889,-10.0,10,5,9,0,1,"96,78","70,17",146.32,0.010035393642502183,0.21999740600585938,0
2019-08-26,53.54,58.64,35.41999816894531,19.32,98.08000183105467,-0.010035393642502183,0.010035393642502183,0.008108623535433826,0.02107419112630192,0.031076905162998908,0.21999740600585938,-5.100000000000001,4,60,-1.4918952363826241,-1.7999999999999998,-9.2,1,2,0,0,1,"121,19","69,04",143.96,0.026722312427516968,-1.6899986267089844,0
2019-08-27,54.99,58.44,33.72999954223633,20.31,98.0,0.026722312427516968,0.026722312427516968,0.018495817340789467,0.019091664532528127,0.03134599163093318,-1.6899986267089844,-3.4499999999999957,10,357,-4.530812871703457,-6.88,-9.5,5,0,1,0,1,"178,10","111,60",203.1,0.013905415932545118,-1.0099983215332031,0
2019-08-28,55.76,60.42,32.720001220703125,19.35,98.20999908447266,0.013905415932545118,0.013905415932545118,0.019766058368065914,0.016540576733352717,0.03147238109172665,-1.0099983215332031,-4.660000000000004,10,290,-5.19061249691601,-7.6,-10.0,5,0,4,0,1,"83,47","78,84",102.29,0.016188203729259464,-0.9000015258789062,0
2019-08-29,56.67,60.59,31.81999969482422,17.88,98.51000213623048,0.016188203729259464,0.016188203729259464,0.020480744706993174,0.016480789553184376,0.024534330150613043,-0.9000015258789062,-3.9200000000000017,10,490,-4.073236609671168,-5.12,-9.0,2,1,1,0,1,"76,37","57,10",79.38,0.028639866907137726,0.3400001525878906,1
2019-08-30,55.07,61.04,32.15999984741211,18.98,98.91999816894533,-0.028639866907137726,0.028639866907137726,0.022497971147124145,0.019378215217575226,0.024085623856292634,0.3400001525878906,-5.969999999999999,12,289,-5.45618919207525,-3.4250000000000003,-7.0,0,2,0,0,0,"45,78","41,49",55.37,0.02128911381081288,3.5699996948242188,1
2019-09-03,53.91,57.93,35.72999954223633,19.66,98.9499969482422,-0.02128911381081288,0.02128911381081288,0.02466517198997855,0.018291004719564397,0.024188832260014396,3.5699996948242188,-4.020000000000003,8,163,-4.546843336795417,-6.1125,-10.0,3,1,1,0,1,"83,73","41,74",113.14,0.041956576014808435,-1.1699981689453125,1
2019-09-04,56.22,60.68,34.560001373291016,17.33,98.4499969482422,0.041956576014808435,0.041956576014808435,0.029117741654283203,0.02345028930397785,0.02555682377586678,-1.1699981689453125,-4.460000000000001,6,151,-3.487869851102973,-7.6000000000000005,-10.0,5,0,1,0,1,"89,65","53,62",104.37,0.0019546874282368163,-1.0600013732910156,0
2019-09-05,56.33,62.7,33.5,16.27,98.41000366210938,0.0019546874282368163,0.0019546874282368163,0.0286313359720306,0.023210435779922205,0.022772435939080814,-1.0600013732910156,-6.3700000000000045,13,346,-5.267357992195362,-6.153846153846154,-10.0,7,3,7,0,1,"81,01","44,87",127.25,0.002128037689048443,-0.29000091552734375,0
2019-09-06,56.45,61.28,33.209999084472656,15.0,98.38999938964844,0.002128037689048443,0.002128037689048443,0.027564225184497238,0.023080490840616596,0.022103718110387256,-0.29000091552734375,-4.829999999999998,13,510,-1.1585203757571907,-1.0846153846153848,-9.0,3,7,0,0,1,"81,74","42,89",100.16,0.025016611167612036,0.06999969482421875,0
2019-09-09,57.88,63.99,33.279998779296875,15.27,98.27999877929688,0.025016611167612036,0.025016611167612036,0.02425084520706923,0.022303636939489477,0.021548641127647913,0.06999969482421875,-6.109999999999999,11,375,-3.2874247027596515,-3.3454545454545452,-9.2,2,4,1,0,1,"72,86","87,16",56.54,0.008850383149503491,0.2700004577636719,0
2019-09-10,57.37,64.67,33.54999923706055,15.2,98.33000183105467,-0.008850383149503491,0.008850383149503491,0.02060921009565677,0.022207244826347037,0.021634319845586603,0.2700004577636719,-7.300000000000004,17,422,-2.7494483598351716,-5.805882352941176,-10.0,9,3,6,0,1,"104,88","104,56",138.09,0.03025976251603501,1.3899993896484375,1
2019-09-11,55.66,63.02,34.939998626708984,14.61,98.6500015258789,-0.03025976251603501,0.03025976251603501,0.02005068222148779,0.023811149688013452,0.021154394986248194,1.3899993896484375,-7.3600000000000065,13,268,-3.6706543702952104,-4.315384615384615,-7.0,0,2,0,0,0,"98,75","17,90",156.76,0.009567723496152427,0.6400032043457031,0
2019-09-12,55.13,60.76,35.58000183105469,14.22,98.30999755859376,-0.009567723496152427,0.009567723496152427,0.020144151171588104,0.023576526476082767,0.019854192642908913,0.6400032043457031,-5.6299999999999955,13,333,-3.3236345178204423,-5.946153846153846,-9.5,5,1,1,0,1,"79,50","70,45",88.14,0.00673403218134418,-0.10000228881835938,0
2019-09-13,54.76,61.25,35.47999954223633,13.74,98.26000213623048,-0.00673403218134418,0.00673403218134418,0.019823768140037775,0.022806743428788284,0.019726272764301417,-0.10000228881835938,-6.490000000000002,9,266,-4.291316173347419,0.6111111111111112,-7.5,0,6,0,0,1,"70,57","41,38",96.65,0.14176076912691946,13.10000228881836,1
2019-09-16,63.1,68.42,48.58000183105469,14.67,98.6500015258789,0.14176076912691946,0.14176076912691946,0.07024201253822755,0.049690151107864164,0.03732468813633451,13.10000228881836,-5.32,7,203,-8.921253711830841,-8.77142857142857,-10.0,7,0,5,0,1,"178,92","122,31",229.54,0.06278622740174829,-3.69000244140625,1
2019-09-17,59.26,65.59,44.88999938964844,14.44,98.26000213623048,-0.06278622740174829,0.06278622740174829,0.07886800198076581,0.05443483815834124,0.04014245323123403,-3.69000244140625,-6.330000000000005,11,263,-4.509801173543953,-5.863636363636363,-10.0,5,2,3,0,1,"253,34","200,14",325.93,0.018221023476840587,-4.45000076293946,0
2019-09-18,58.19,64.29,40.43999862670898,13.95,98.5999984741211,-0.018221023476840587,0.018221023476840587,0.07764008049089534,0.053765607552160206,0.04040765468997122,-4.45000076293946,-6.1000000000000085,15,484,-5.735496292371475,-4.5600000000000005,-10.0,5,4,5,0,1,"115,36","65,72",157.6,0.0,0.710002899169929,0
2019-09-19,58.19,64.25,41.150001525878906,14.05,98.2699966430664,0.0,0.0,0.07718801384569772,0.05377517640394984,0.04032442993079034,0.710002899169929,-6.060000000000002,16,393,-4.436063935478865,-4.11875,-10.0,9,5,5,0,1,"157,13","76,21",240.14,0.004650770591117595,-2.1599998474121094,0
2019-09-20,57.92,65.23,38.9900016784668,15.32,98.51000213623048,-0.004650770591117595,0.004650770591117595,0.07707521929825564,0.05383356646746871,0.04031354964138815,-2.1599998474121094,-7.310000000000002,42,1373,-1.5395680653687351,2.0095238095238095,-7.2,3,36,0,0,1,"126,96","130,41",121.57,0.013206606492782061,0.06999969482421875,0
2019-09-23,58.69,64.66,39.060001373291016,14.91,98.5999984741211,0.013206606492782061,0.013206606492782061,0.029241745260852287,0.05341434778718759,0.03993465519830764,0.06999969482421875,-5.969999999999999,25,734,-4.302693931640396,-3.8760000000000003,-9.0,3,6,0,0,1,"52,58","47,65",63.6,0.025365866948278873,-0.31999969482421875,0
2019-09-24,57.22,64.13,38.7400016784668,17.05,98.33999633789062,-0.025365866948278873,0.025365866948278873,0.015215469665135999,0.05401806218576361,0.04036487188190967,-0.31999969482421875,-6.909999999999997,12,384,-1.6538231446076257,-2.8666666666666667,-10.0,5,5,1,0,1,"103,24","71,60",141.83,0.01478900193599761,-0.37000274658203125,0
2019-09-25,56.38,62.41,38.369998931884766,15.96,99.04000091552734,-0.01478900193599761,0.01478900193599761,0.014649966974023146,0.05327995962035709,0.04016515383667629,-0.37000274658203125,-6.029999999999994,18,523,-4.526791441809671,-6.177777777777778,-10.0,2,1,1,0,1,"124,11","76,80",142.35,0.002486238183556982,-0.8499984741210938,0
2019-09-26,56.24,62.08,37.52000045776367,16.07,99.20999908447266,-0.002486238183556982,0.002486238183556982,0.01442225835868154,0.05316662371486675,0.040060386820069675,-0.8499984741210938,-5.839999999999996,11,290,-2.6174921767203934,-0.10909090909090911,-7.2,2,6,0,0,1,"70,67","52,84",88.14,0.00516981274447524,1.3800010681152344,1
2019-09-27,55.95,62.48,38.900001525878906,17.22,99.11000061035156,-0.00516981274447524,0.00516981274447524,0.014404624981330067,0.05314038817030022,0.03990252927947924,1.3800010681152344,-6.529999999999994,5,160,-3.582277731857191,-8.52,-10.0,5,0,1,0,1,"88,06","16,72",146.44,0.03380910887459862,-0.15000152587890625,1
2019-09-30,54.09,60.99,38.75,16.24,99.37999725341795,-0.03380910887459862,0.03380910887459862,0.013282885179274683,0.0214332689633088,0.040109647847691894,-0.15000152587890625,-6.899999999999999,6,142,-4.478079042227756,-6.0,-7.0,0,0,0,0,0,"95,55","42,34",123.6,0.00910025780657932,0.13000106811523438,0
2019-10-01,53.6,60.06,38.880001068115234,18.56,99.12999725341795,-0.00910025780657932,0.00910025780657932,0.012482522046883293,0.013504098726562386,0.039875423846696054,0.13000106811523438,-6.460000000000001,12,368,-2.8418255623993933,-4.741666666666666,-9.2,4,3,0,0,1,"90,14","71,89",119.92,0.01750303458145835,0.7399978637695312,0
2019-10-02,52.67,57.92,39.619998931884766,20.56,99.04000091552734,-0.01750303458145835,0.01750303458145835,0.012634004333464883,0.013457588710419332,0.038760994301909026,0.7399978637695312,-5.25,5,158,-8.32792806605581,-8.879999999999999,-10.0,5,0,3,0,1,"69,65","8,68",115.83,0.0049486206812231525,0.7800025939941406,0
2019-10-03,52.41,58.01,40.400001525878906,19.12,98.86000061035156,-0.0049486206812231525,0.0049486206812231525,0.012129744810725786,0.013137549625221508,0.03874283382430912,0.7800025939941406,-5.600000000000001,13,520,-6.822659807384702,-3.284615384615385,-10.0,5,4,2,0,1,"46,48","25,27",63.24,0.00817106684004976,-1.0900001525878906,0
2019-10-04,52.84,59.13,39.310001373291016,17.04,98.80999755859376,0.00817106684004976,0.00817106684004976,0.015567142814245205,0.014338478714007034,0.03881341089005786,-1.0900001525878906,-6.289999999999999,22,703,-2.8189272531438605,-1.5045454545454542,-9.5,7,9,1,0,1,"111,27","59,73",135.23,0.001515151805010875,0.10999679565429688,0
2019-10-07,52.76,59.46,39.41999816894531,17.86,98.98999786376952,-0.001515151805010875,0.001515151805010875,0.009470475608771543,0.01241084361497034,0.03824372298099594,0.10999679565429688,-6.700000000000003,11,263,-5.2667824606356435,-5.372727272727273,-9.5,5,2,1,0,1,"52,96","28,80",64.06,0.002277040832052003,0.07000350952148438,0
2019-10-08,52.64,58.14,39.4900016784668,20.28,99.13999938964844,-0.002277040832052003,0.002277040832052003,0.0092163837323491,0.011482235926270653,0.03823379681038745,0.07000350952148438,-5.5,6,93,-5.7566061538132125,-8.799999999999999,-10.0,6,0,2,0,1,"118,78","87,71",131.69,0.00018998765137411943,-1.4900016784667969,0
2019-10-09,52.63,59.7,38.0,18.64,99.12000274658205,-0.00018998765137411943,0.00018998765137411943,0.00496629731319967,0.011499637920419525,0.037747464554946035,-1.4900016784667969,-7.07,4,100,-8.586335936512993,-4.1,-9.2,2,1,0,0,1,"82,47","73,08",99.06,0.01770291052718128,1.5200004577636719,1
2019-10-10,53.57,59.08,39.52000045776367,17.57,98.70999908447266,0.01770291052718128,0.01770291052718128,0.008541456459832448,0.013882615174664544,0.037981897682647495,1.5200004577636719,-5.509999999999998,9,316,-6.076771475032727,-3.8777777777777778,-9.0,3,2,0,0,1,"165,17","109,77",213.65,0.021970790527379106,0.13000106811523438,0
2019-10-11,54.76,60.59,39.650001525878906,15.58,98.3000030517578,0.021970790527379106,0.021970790527379106,0.011713757316317857,0.016264784861905107,0.03831203828209292,0.13000106811523438,-5.830000000000005,18,452,-5.479656378986021,-6.672222222222222,-10.0,7,1,4,0,1,"204,32","277,36",180.74,0.021970790527379137,0.55999755859375,0
2019-10-14,53.57,58.81,40.209999084472656,14.57,98.4499969482422,-0.021970790527379137,0.021970790527379137,0.01758990409196128,0.0139739253879911,0.019104466356881695,0.55999755859375,-5.240000000000002,5,90,-6.4580032648940575,1.3400000000000003,-5.8,0,3,0,0,0,"118,48","68,90",164.2,0.014288643174027102,-0.7399978637695312,0
2019-10-15,52.81,59.19,39.470001220703125,13.54,98.29000091552734,-0.014288643174027102,0.014288643174027102,0.019241534093417587,0.014399343863091942,0.014277595182966498,-0.7399978637695312,-6.3799999999999955,9,137,-3.4692370763899127,-0.4555555555555556,-7.2,3,5,0,0,1,"108,07","93,68",179.73,0.011484640962973029,0.0,0
2019-10-16,53.42,59.3,39.470001220703125,13.68,98.01000213623048,0.011484640962973029,0.011484640962973029,0.019814711213703814,0.013718061355853597,0.014457241669448168,0.0,-5.8799999999999955,18,495,-5.138050318709691,-5.827777777777778,-10.0,8,3,6,0,1,"193,50","119,42",283.5,0.008759724263590393,-1.7600021362304688,0
2019-10-17,53.89,59.35,37.709999084472656,13.79,97.61000061035156,0.008759724263590393,0.008759724263590393,0.018514401278057348,0.01369652827578687,0.014723846518846891,-1.7600021362304688,-5.460000000000001,7,243,-5.909291678714789,-6.242857142857143,-10.0,4,1,3,0,1,"114,77","15,78",177.71,0.0026012649376332096,-1.279998779296875,0
2019-10-18,53.75,59.96,36.43000030517578,14.25,97.27999877929688,-0.0026012649376332096,0.0026012649376332096,0.014430555366184223,0.013649364890055133,0.014725027251630437,-1.279998779296875,-6.210000000000001,15,588,-6.264424695763161,-5.753333333333333,-9.5,5,1,2,0,1,"106,58","76,50",127.62,0.00878264077563847,0.22999954223632812,0
2019-10-21,53.28,58.95,36.65999984741211,14.0,97.33000183105467,-0.00878264077563847,0.00878264077563847,0.011077041501185318,0.01402823604448263,0.014205159297908174,0.22999954223632812,-5.670000000000002,11,500,-4.534460410219792,-2.936363636363636,-10.0,2,4,1,0,1,"93,44","55,89",116.55,0.017304367040113136,-1.1399993896484375,0
2019-10-22,54.21,60.5,35.52000045776367,14.46,97.52999877929688,0.017304367040113136,0.017304367040113136,0.010665980902350164,0.01486467101887705,0.014163662981415531,-1.1399993896484375,-6.289999999999999,21,401,-3.9770587049265727,-3.6523809523809527,-10.0,7,7,1,0,1,"54,30","72,18",37.63,0.030698986888806686,0.1399993896484375,1
2019-10-23,55.9,60.52,35.65999984741211,14.01,97.47000122070312,0.030698986888806686,0.030698986888806686,0.01573728997573738,0.017172474601320663,0.015690495642318277,0.1399993896484375,-4.6200000000000045,10,230,-3.9003636755267546,-3.8899999999999997,-10.0,4,3,2,0,1,"97,06","16,83",154.39,0.003749669601827074,0.29000091552734375,0
2019-10-24,56.11,61.71,35.95000076293945,13.71,97.62999725341795,0.003749669601827074,0.003749669601827074,0.01592087592108523,0.016678187884264863,0.015709379528122902,0.29000091552734375,-5.600000000000001,16,351,-2.2472837402477603,-3.29375,-9.5,7,5,1,0,1,"116,31","42,94",179.1,0.007280508053446051,-1.3100013732910156,0
2019-10-25,56.52,62.06,34.63999938964844,12.65,97.83000183105467,0.007280508053446051,0.007280508053446051,0.014841151470493159,0.015592990867614268,0.015745203208969334,-1.3100013732910156,-5.539999999999999,14,556,-4.791581293527326,-1.8571428571428572,-9.0,6,5,0,0,1,"140,87","96,30",167.35,0.016411356559790032,1.0,0
2019-10-28,55.6,60.39,35.63999938964844,13.11,97.76000213623048,-0.016411356559790032,0.016411356559790032,0.017427976056240913,0.014669031962003901,0.014149251744881335,1.0,-4.789999999999999,12,498,-7.38593306066268,-7.508333333333333,-10.0,8,0,3,0,1,"98,30","97,99",114.43,0.00468722689775686,0.060001373291015625,0
2019-10-29,55.34,61.05,35.70000076293945,13.2,97.69000244140624,-0.00468722689775686,0.00468722689775686,0.017433245255604968,0.013637316216479426,0.014011003291227744,0.060001373291015625,-5.709999999999994,10,215,-2.7732540940356376,-7.51,-9.2,4,0,0,0,1,"95,01","68,89",107.74,0.008893787637540606,-1.3400001525878906,0
2019-10-30,54.85,60.22,34.36000061035156,12.33,97.6500015258789,-0.008893787637540606,0.008893787637540606,0.009559746888577268,0.014024523609454838,0.013516830547830207,-1.3400001525878906,-5.369999999999997,19,417,-5.135933145896827,-2.4157894736842103,-9.0,2,6,2,0,1,"113,29","90,35",113.04,0.01524783835676975,1.4799995422363281,1
2019-10-31,54.02,59.3,35.84000015258789,13.22,97.3499984741211,-0.01524783835676975,0.01524783835676975,0.009587971170748834,0.014889050104162468,0.013984696808717235,1.4799995422363281,-5.279999999999994,7,429,-6.0404070736048885,-5.6571428571428575,-9.0,2,1,0,0,1,"83,14","52,35",109.16,0.03671137310433661,-1.470001220703125,1
2019-11-01,56.04,60.17,34.369998931884766,12.3,97.23999786376952,0.03671137310433661,0.03671137310433661,0.022000428737508224,0.01874572602805915,0.01600943810266595,-1.470001220703125,-4.130000000000003,7,213,-2.0519395426359175,1.4714285714285715,-7.2,1,5,0,0,1,"100,66","72,98",106.53,0.005161531437816348,1.2600021362304688,0
2019-11-04,56.33,62.52,35.630001068115234,12.83,97.51000213623048,0.005161531437816348,0.005161531437816348,0.02045667980383334,0.018185241055710042,0.01598123870408013,1.2600021362304688,-6.190000000000005,20,465,-5.065855287971715,-8.15,-10.0,8,0,8,0,1,"59,24","9,84",90.31,0.012525523199417844,-1.8600006103515625,0
2019-11-05,57.04,62.72,33.77000045776367,13.1,97.9800033569336,0.012525523199417844,0.012525523199417844,0.020370053240662916,0.017903118440648486,0.0160532496208326,-1.8600006103515625,-5.68,23,507,-3.951403705399266,-0.7478260869565218,-10.0,5,14,5,0,1,"77,94","48,56",97.22,0.01572609492158837,-0.5499992370605469,0
2019-11-06,56.15,62.11,33.220001220703125,12.62,97.9499969482422,-0.01572609492158837,0.01572609492158837,0.02180206584978871,0.016487498545893757,0.01663280445018263,-0.5499992370605469,-5.960000000000001,9,212,-7.36187196933098,-4.366666666666666,-10.0,3,2,2,0,1,"85,79","95,03",71.34,0.01344439143058023,-1.7700004577636719,0
2019-11-07,56.91,62.6,31.450000762939453,12.73,98.13999938964844,0.01344439143058023,0.01344439143058023,0.018815460308667396,0.016980967113415665,0.016464275807546724,-1.7700004577636719,-5.690000000000005,10,197,-5.325483387258771,-3.4799999999999995,-9.5,5,3,4,0,1,"63,62","45,30",75.57,0.0019310108694935376,0.0,0
2019-11-08,57.02,62.0,31.450000762939453,12.07,98.3499984741211,0.0019310108694935376,0.0019310108694935376,0.011781455491727932,0.01685950797090138,0.015848813715926672,0.0,-4.979999999999997,11,275,-5.505361671501156,-2.3545454545454545,-9.0,4,4,1,0,1,"98,94","94,69",92.15,0.006157113302998101,2.2900009155273438,1
2019-11-12,56.67,62.19,33.7400016784668,12.68,98.30999755859376,-0.006157113302998101,0.006157113302998101,0.012443338748146867,0.01597980200359191,0.014958275321909508,2.2900009155273438,-5.519999999999996,10,314,-4.772893355517058,-3.2299999999999995,-9.0,3,3,1,0,1,"62,41","67,00",63.87,0.0036988153134576494,1.4099998474121094,1
2019-11-13,56.88,62.27,35.150001525878906,13.0,98.37000274658205,0.0036988153134576494,0.0036988153134576494,0.01097501388037831,0.015814531493521,0.014406501956908804,1.4099998474121094,-5.390000000000001,8,195,-4.020741591305123,-7.375,-10.0,2,0,2,0,1,"160,15","142,85",189.24,0.00546497613992116,-1.2100028991699219,0
2019-11-14,56.57,62.46,33.939998626708984,13.05,98.16000366210938,-0.00546497613992116,0.00546497613992116,0.007981711348787291,0.015569424502295313,0.014423742483348151,-1.2100028991699219,-5.890000000000001,7,148,-4.7374890490113195,-4.857142857142857,-10.0,3,1,1,0,1,"85,79","28,51",118.9,0.0170015487683374,-1.5200004577636719,0
2019-11-15,57.54,63.32,32.41999816894531,12.05,98.0,0.0170015487683374,0.0170015487683374,0.009354114511516087,0.014663129011536696,0.01471580912176996,-1.5200004577636719,-5.780000000000001,9,238,-3.8813581753037485,-7.166666666666667,-7.5,6,0,0,0,1,"75,07","56,13",85.83,0.012591981697359962,1.2600021362304688,0
2019-11-18,56.82,62.82,33.68000030517578,12.46,97.79000091552734,-0.012591981697359962,0.012591981697359962,0.011473868999700569,0.011181741025953196,0.015090640206238085,1.2600021362304688,-6.0,6,182,-1.0761755876581645,-0.5333333333333333,-10.0,2,4,1,0,1,"109,10","79,10",156.69,0.0338287290715129,-0.7400016784667969,1
2019-11-19,54.93,62.37,32.939998626708984,12.86,97.86000061035156,-0.0338287290715129,0.0338287290715129,0.018980489332145547,0.015630416349177514,0.01701674344061105,-0.7400016784667969,-7.439999999999998,15,271,-4.305230057261611,-5.786666666666666,-10.0,11,3,5,0,1,"61,17","46,91",62.6,0.031890914671407665,-0.7399978637695312,1
2019-11-20,56.71,63.8,32.20000076293945,12.78,97.93000030517578,0.031890914671407665,0.031890914671407665,0.02567634173526476,0.018615719798352665,0.01801210935002659,-0.7399978637695312,-7.089999999999996,7,132,-4.21624103740458,-4.042857142857143,-10.0,2,2,1,0,1,"101,93","33,87",141.26,0.02868016162864833,-0.6100006103515625,1
2019-11-21,58.36,64.99,31.59000015258789,13.13,97.98999786376952,0.02868016162864833,0.02868016162864833,0.028449461026977645,0.019856390466936862,0.017849233481312225,-0.6100006103515625,-6.6299999999999955,8,153,-2.332452448429263,-2.8125,-10.0,2,3,1,0,1,"62,90","41,80",76.71,0.011720230677891285,0.7900009155273438,0
2019-11-22,57.68,64.83,32.380001068115234,12.34,98.2699966430664,-0.011720230677891285,0.011720230677891285,0.0286299917889737,0.02009992740484766,0.018109707602844784,0.7900009155273438,-7.149999999999999,14,388,-8.293183771803568,-2.2642857142857142,-10.0,4,7,1,0,1,"64,28","22,62",88.04,0.0019052573529929142,-0.48000144958495383,0
2019-11-25,57.79,64.67,31.89999961853028,11.87,98.31999969482422,0.0019052573529929142,0.0019052573529929142,0.027693192464428733,0.02009984547720259,0.018057338502206123,-0.48000144958495383,-6.880000000000003,9,176,-1.4175047438965922,-1.4999999999999998,-9.2,5,3,0,0,1,"36,63","31,30",34.81,0.007928342116123371,-0.6499996185302805,0
2019-11-26,58.25,64.82,31.25,11.54,98.25,0.007928342116123371,0.007928342116123371,0.01840286466779349,0.020009317639661538,0.01762937325643352,-0.6499996185302805,-6.569999999999993,9,229,-4.669387259455486,-0.8333333333333334,-9.5,2,4,1,0,1,"70,48","46,84",78.14,0.002234253743727886,-0.43000030517578125,0
2019-11-27,58.12,65.03,30.81999969482422,11.75,98.41000366210938,-0.002234253743727886,0.002234253743727886,0.015089436438284125,0.020065937124472598,0.017586479413701683,-0.43000030517578125,-6.910000000000004,13,301,-2.152183261908908,-3.023076923076923,-9.5,4,4,1,0,1,"93,25","97,39",81.23,0.0,5.909999847412109,1
2019-11-29,58.12,64.5,36.72999954223633,12.62,98.2699966430664,0.0,0.0,0.007166728205175173,0.019909105511121957,0.01739593809766385,5.909999847412109,-6.380000000000003,3,55,-8.521291529385453,-6.5,-6.5,0,0,0,0,0,"108,38","75,16",117.55,0.037694005798813955,-1.7599983215332031,1
2019-12-02,55.97,63.2,34.970001220703125,14.91,97.86000061035156,-0.037694005798813955,0.037694005798813955,0.018105115742910863,0.02284165982513856,0.01925300392949806,-1.7599983215332031,-7.230000000000004,14,402,-7.513039757859418,-4.828571428571428,-10.0,7,4,5,0,1,"77,88","31,06",112.25,0.003210848281183995,0.07999801635742188,0
2019-12-03,56.15,62.95,35.04999923706055,15.96,97.73999786376952,0.003210848281183995,0.003210848281183995,0.018256752298106256,0.02263204947239737,0.01742374854448816,0.07999801635742188,-6.800000000000004,20,578,-4.1106144521195,-4.575,-9.5,12,4,1,0,1,"85,84","50,34",100.77,0.04031607849864774,-2.8400001525878906,1
2019-12-04,58.46,65.25,32.209999084472656,14.8,97.6500015258789,0.04031607849864774,0.04031607849864774,0.02765382258372852,0.022893574105877577,0.019598888607321393,-2.8400001525878906,-6.789999999999999,14,300,-4.69749831047313,-5.785714285714286,-10.0,8,3,7,0,1,"47,66","47,52",63.41,0.0006844627235049213,-1.7999992370605469,0
2019-12-05,58.42,65.67,30.40999984741211,14.52,97.41000366210938,-0.0006844627235049213,0.0006844627235049213,0.027621101399513914,0.021082228759885076,0.019442352524162185,-1.7999992370605469,-7.25,4,84,-2.856108113120663,-0.7749999999999999,-7.0,2,2,0,0,0,"103,15","94,92",92.37,0.01326324493036506,-0.3899993896484375,0
2019-12-06,59.2,66.5,30.020000457763672,13.62,97.6999969482422,0.01326324493036506,0.01326324493036506,0.028129689821441064,0.019497400177971847,0.01919344782432056,-0.3899993896484375,-7.299999999999997,4,102,-1.484341083340006,2.325,-9.0,1,3,0,0,1,"88,66","64,28",113.93,0.0035536038749760987,0.0,0
2019-12-09,58.99,66.44,30.020000457763672,15.86,97.63999938964844,-0.0035536038749760987,0.0035536038749760987,0.017835086470650376,0.01905136589292782,0.019065980802204563,0.0,-7.449999999999996,8,156,-4.559222309486089,-4.2125,-10.0,5,2,2,0,1,"82,81","51,60",103.29,0.0038913846584612364,-2.0799999237060547,0
2019-12-10,59.22,66.57,27.940000534057617,15.68,97.41000366210938,0.0038913846584612364,0.0038913846584612364,0.017767923991656016,0.01905777360008019,0.01907175597849149,-2.0799999237060547,-7.349999999999994,13,277,-3.302662631320908,-4.93076923076923,-10.0,6,3,4,0,1,"76,31","26,85",119.44,0.008138396902971164,-0.13000106811523438,0
2019-12-11,58.74,65.37,27.809999465942383,14.99,97.16000366210938,-0.008138396902971164,0.008138396902971164,0.008152000678999767,0.01922063473343385,0.019120853075501067,-0.13000106811523438,-6.630000000000003,8,215,-2.925510837885345,-3.875,-9.0,3,2,0,0,1,"97,43","138,76",77.16,0.007462721201589594,-0.3699989318847656,0
2019-12-12,59.18,66.67,27.440000534057617,13.94,97.4000015258789,0.007462721201589594,0.007462721201589594,0.008546891517346814,0.019292907139565163,0.01915907463421304,-0.3699989318847656,-7.490000000000002,2,130,-2.3560223566973715,-8.25,-10.0,1,0,1,0,1,"97,69","70,83",110.77,0.01559257007900717,-0.6800003051757777,0
2019-12-13,60.11,67.44,26.76000022888184,12.63,97.16999816894533,0.01559257007900717,0.01559257007900717,0.009304352553480518,0.019755163561729006,0.019306328549620236,-0.6800003051757777,-7.329999999999998,3,78,-5.54366104108664,-2.766666666666666,-9.2,1,1,0,0,1,"99,63","41,38",138.07,0.0016622344252858487,-0.25,0
2019-12-16,60.21,68.04,26.51000022888184,12.14,97.06999969482422,0.0016622344252858487,0.0016622344252858487,0.008647997848085297,0.013639955836789942,0.0190249191372985,-0.25,-7.830000000000005,3,48,-6.45998708385678,3.5,3.5,0,3,0,0,0,"94,93","59,77",116.33,0.01106626207707407,-0.18000030517578836,0
2019-12-17,60.88,68.99,26.32999992370605,12.29,97.20999908447266,0.01106626207707407,0.01106626207707407,0.009184574102991153,0.013604300125243274,0.01878635095352716,-0.18000030517578836,-8.109999999999992,1,12,-1.49504001991549,-6.5,-6.5,0,0,0,0,0,"82,33","48,28",104.7,0.0008209507069725004,0.44000053405762074,0
2019-12-18,60.93,69.12,26.770000457763672,12.58,97.41000366210938,0.0008209507069725004,0.0008209507069725004,0.006259756647117918,0.007629269256515676,0.016642896851794257,0.44000053405762074,-8.190000000000005,5,108,-4.356324374451283,-5.4399999999999995,-9.2,2,1,1,0,1,"119,12","109,62",137.15,0.006054178681762713,-1.970001220703125,0
2019-12-19,61.3,69.7,24.799999237060547,12.5,97.41999816894533,0.006054178681762713,0.006054178681762713,0.006283430964303153,0.0074514912387963535,0.015418408755293803,-1.970001220703125,-8.400000000000006,10,239,-6.301416153311261,-1.77,-10.0,2,5,2,0,1,"69,01","34,40",93.25,0.014294172568698566,0.7400016784667969,0
2019-12-20,60.43,68.66,25.540000915527344,12.51,97.70999908447266,-0.014294172568698566,0.014294172568698566,0.009503124877168909,0.008928183709929538,0.014762536908635163,0.7400016784667969,-8.229999999999997,8,187,-6.793863804932123,-4.475,-10.0,2,2,1,0,1,"49,51","71,79",22.46,0.0013229702607629112,-0.4300003051757848,0
2019-12-23,60.51,67.49,25.11000061035156,12.61,97.66000366210938,0.0013229702607629112,0.0013229702607629112,0.009498977045109342,0.008718433422527525,0.014420627778241142,-0.4300003051757848,-6.979999999999997,4,146,-6.967252926009859,-5.375,-10.0,2,1,2,0,1,"34,81","23,13",38.59,0.010848232620243392,0.3499984741210973,0
2019-12-24,61.17,69.26,25.459999084472656,12.67,97.6500015258789,0.010848232620243392,0.010848232620243392,0.009441506843807394,0.009106797309465989,0.014542778484505312,0.3499984741210973,-8.090000000000003,2,124,-3.695438122347034,-0.75,-5.0,0,1,0,0,0,"58,22","34,82",67.77,0.008951154240486446,-1.3799991607666051,0
2019-12-26,61.72,69.26,24.07999992370605,12.65,97.58999633789062,0.008951154240486446,0.008951154240486446,0.010091369529996636,0.008302317466721271,0.014563389900099402,-1.3799991607666051,-7.540000000000006,6,149,-5.8192126973411495,-7.983333333333333,-10.0,5,0,2,0,1,"44,17","52,84",44.07,0.000647878221560671,1.0799999237060582,0
2019-12-27,61.76,68.91,25.15999984741211,13.43,96.91999816894533,0.000647878221560671,0.000647878221560671,0.009913656946647316,0.008352570950810543,0.01452418954119955,1.0799999237060582,-7.149999999999999,5,114,-1.525812333598015,-6.94,-10.0,4,1,4,0,1,"111,91","111,57",93.06,0.001620483258516437,0.7000007629394496,0
2019-12-30,61.66,68.3,25.86000061035156,14.82,96.73999786376952,-0.001620483258516437,0.001620483258516437,0.005509100967902804,0.007488225945943014,0.014546527928826495,0.7000007629394496,-6.640000000000001,13,393,-3.1420727309216394,-6.376923076923077,-9.2,7,1,0,0,1,"128,64","153,90",85.58,0.008469105995315784,2.439998626708988,1
2019-12-31,61.14,67.77,28.299999237060547,13.78,96.38999938964844,-0.008469105995315784,0.008469105995315784,0.007923422430480966,0.008266043342925172,0.01136897217860984,2.439998626708988,-6.6299999999999955,7,204,-3.9398705006081354,-5.657142857142857,-10.0,4,1,1,0,1,"165,35","142,86",210.83,0.0004905567917850234,0.4500007629394531,0
2020-01-02,61.17,67.05,28.75,12.47,96.8499984741211,0.0004905567917850234,0.0004905567917850234,0.006227665628948275,0.00755690842763566,0.01140039714544838,0.4500007629394531,-5.8799999999999955,0,0,0.0,0.0,0.0,0,0,0,0,0,"163,18","86,76",199.01,0.02947785313705909,3.1700000762939453,1
2020-01-03,63.0,69.08,31.920000076293945,14.02,96.83999633789062,0.02947785313705909,0.02947785313705909,0.014660208615149979,0.011892450496447254,0.009733026418382156,3.1700000762939453,-6.079999999999998,0,0,0.0,0.0,0.0,0,0,0,0,0,"80,79","40,27",125.97,0.004276556767260172,0.39999961853027344,0
2020-01-06,63.27,70.25,32.31999969482422,13.85,96.66999816894533,0.004276556767260172,0.004276556767260172,0.014535548491499059,0.011860630533160667,0.009677400924298345,0.39999961853027344,-6.979999999999997,15,417,-3.1190499571118098,-4.96,-10.0,2,2,2,0,1,"251,99","115,14",357.95,0.009049835519917927,-0.5200004577636719,0
2020-01-07,62.7,68.74,31.799999237060547,13.79,96.9800033569336,-0.009049835519917927,0.009049835519917927,0.01569352338503706,0.01109414094333947,0.009836653643013416,-0.5200004577636719,-6.039999999999992,7,166,-4.945153215394036,-5.1000000000000005,-10.0,2,1,1,0,1,"413,46","147,21",622.12,0.04986729909494995,0.7999992370605469,1
2020-01-08,59.65,67.31,32.599998474121094,13.45,97.3000030517578,-0.04986729909494995,0.04986729909494995,0.028872033515670536,0.02029835451640496,0.015340576178141727,0.7999992370605469,-7.660000000000004,14,401,-2.994039730649815,-5.3500000000000005,-7.2,4,1,0,0,1,"180,61","158,09",227.1,0.0015099407281168543,0.6200027465820312,0
2020-01-09,59.56,66.58,33.220001220703125,12.54,97.4499969482422,-0.0015099407281168543,0.0015099407281168543,0.02879181094512035,0.019838660054725014,0.015326310763991498,0.6200027465820312,-7.019999999999996,6,169,-3.6898863636183075,-2.1666666666666665,-10.0,1,2,1,0,1,"394,46","339,62",551.65,0.009107838301014881,-2.8400020599365234,0
2020-01-10,59.02,66.77,30.3799991607666,12.56,97.36000061035156,-0.009107838301014881,0.009107838301014881,0.02133329551906969,0.019482278091690775,0.015355861984847364,-2.8400020599365234,-7.749999999999993,19,366,-3.116111499506752,1.194736842105263,-7.5,1,14,0,0,1,"167,30","166,79",187.81,0.014506611592123216,3.8700008392333984,1
2020-01-13,58.17,64.14,34.25,12.32,97.3499984741211,-0.014506611592123216,0.014506611592123216,0.019050760277247225,0.019628526642164034,0.01559573462986464,3.8700008392333984,-5.969999999999999,13,393,-5.7498308255598936,-4.446153846153846,-10.0,3,2,1,0,1,"152,73","126,00",157.65,0.002918206516905231,-0.6300010681152344,0
2020-01-14,58.34,64.45,33.619998931884766,12.39,97.37000274658205,0.002918206516905231,0.002918206516905231,0.02092857180751431,0.019792541932679767,0.015142915728530923,-0.6300010681152344,-6.109999999999999,9,266,-6.076297774384058,-5.366666666666666,-7.0,0,1,0,0,0,"131,78","81,54",151.14,0.008261664891586395,-0.23999786376953125,0
2020-01-15,57.86,63.29,33.380001068115234,12.42,97.2300033569336,-0.008261664891586395,0.008261664891586395,0.006833511011422317,0.019789233212385973,0.015196532035325342,-0.23999786376953125,-5.43,12,463,-4.356714216364792,-3.858333333333333,-9.2,4,3,0,0,1,"153,53","64,93",216.65,0.01134227660393451,-3.5900001525878906,0
2020-01-16,58.52,64.63,29.790000915527344,12.32,97.31999969482422,0.01134227660393451,0.01134227660393451,0.010449290373453067,0.02044186111692528,0.015209133817928065,-3.5900001525878906,-6.109999999999992,12,342,-1.5822063311282064,-3.2083333333333335,-9.5,5,4,3,0,1,"145,95","44,09",213.3,0.0005125138918026761,-1.1900005340576172,0
2020-01-17,58.55,64.05,28.600000381469727,12.1,97.61000061035156,0.0005125138918026761,0.0005125138918026761,0.010041636149381373,0.01683805815024381,0.015206303734537824,-1.1900005340576172,-5.5,11,361,-7.0100118531635065,-5.1454545454545455,-10.0,7,2,2,0,1,"129,82","83,50",174.12,0.005136997597916357,-0.9400005340576172,0
2020-01-21,58.25,63.66,27.65999984741211,12.85,97.52999877929688,-0.005136997597916357,0.005136997597916357,0.007610714985307244,0.016374114764049336,0.015100164812925485,-0.9400005340576172,-5.409999999999997,6,138,-7.552558463513918,-3.3666666666666667,-9.0,2,2,0,0,1,"119,33","85,65",150.82,0.025912240153968126,3.0400009155273438,1
2020-01-22,56.76,62.11,30.700000762939453,12.91,97.52999877929688,-0.025912240153968126,0.025912240153968126,0.013640292620527275,0.017305496181075374,0.01578367367012004,3.0400009155273438,-5.350000000000001,14,290,-4.179339687228302,-2.2857142857142856,-7.0,0,5,0,0,0,"77,99","24,55",129.7,0.022268667589771998,1.25,0
2020-01-23,55.51,61.26,31.950000762939453,12.98,97.69000244140624,-0.022268667589771998,0.022268667589771998,0.015642877139819426,0.01143909232476308,0.01630606466842746,1.25,-5.75,11,339,-3.288056423994529,-1.1636363636363638,-10.0,1,5,1,0,1,"93,07","16,87",147.75,0.025913858818734172,2.5999984741210938,1
2020-01-24,54.09,59.34,34.54999923706055,14.56,97.8499984741211,-0.025913858818734172,0.025913858818734172,0.01251172617126158,0.012632801506098806,0.016576905590667837,2.5999984741210938,-5.25,10,324,-1.370388438528895,1.28,-7.2,1,7,0,0,1,"51,96","8,63",79.21,0.0186607392877555,3.170001983642578,1
2020-01-27,53.09,58.54,37.720001220703125,18.23,97.95999908447266,-0.0186607392877555,0.0186607392877555,0.00861523815276564,0.012945948434507222,0.016401884111085382,3.170001983642578,-5.449999999999996,6,160,-5.441538233780328,-6.883333333333333,-9.0,3,0,0,0,1,"72,01","30,77",94.1,0.004510438016930643,-1.3000030517578125,0
2020-01-28,53.33,59.37,36.41999816894531,16.28,98.0199966430664,0.004510438016930643,0.004510438016930643,0.012747496493306023,0.013682309444478898,0.01652553087237711,-1.3000030517578125,-6.039999999999999,6,113,-1.0264587944668992,-1.0166666666666666,-5.8,0,3,0,0,0,"99,59","51,80",136.83,0.0007503283038199852,-0.6899986267089844,0
2020-01-29,53.29,59.46,35.72999954223633,16.39,97.98999786376952,-0.0007503283038199852,0.0007503283038199852,0.013607488340761078,0.013382467436145098,0.01654251227098303,-0.6899986267089844,-6.170000000000002,4,94,-1.6052900263802397,-0.9750000000000001,-7.2,2,2,0,0,1,"47,02","8,52",71.08,0.020857790653369065,1.7600021362304688,1
2020-01-30,52.19,57.72,37.4900016784668,15.49,97.87000274658205,-0.020857790653369065,0.020857790653369065,0.013369851753915625,0.01388304800147893,0.016818462235032288,1.7600021362304688,-5.530000000000001,8,197,-3.302964188968752,-5.1125,-9.2,5,1,0,0,1,"188,07","42,61",284.34,0.011756905202123132,2.8599967956542898,1
2020-01-31,51.58,57.77,40.34999847412109,18.84,97.38999938964844,-0.011756905202123132,0.011756905202123132,0.011077694425722949,0.011616094748378294,0.01671902433084244,2.8599967956542898,-6.190000000000005,8,170,-5.007560661122729,-4.65,-7.2,5,1,0,0,1,"73,98","40,97",88.85,0.02991171444957051,1.460002899169929,1
2020-02-03,50.06,54.0,41.810001373291016,17.97,97.8000030517578,-0.02991171444957051,0.02991171444957051,0.01412616666685861,0.011776481400134374,0.014774929954125968,1.460002899169929,-3.9399999999999977,3,96,-6.598863426164333,-7.3999999999999995,-10.0,2,0,1,0,1,"107,52","112,29",93.66,0.009433085502585589,-2.3700027465820384,0
2020-02-04,49.59,53.9,39.43999862670898,16.05,97.95999908447266,-0.009433085502585589,0.009433085502585589,0.011182411439204292,0.011422756767473247,0.014315555151254987,-2.3700027465820384,-4.309999999999995,15,378,-2.67507084442844,0.22000000000000006,-9.2,1,9,0,0,1,"143,61","181,34",103.49,0.025484158333631088,-1.559997558593743,0
2020-02-05,50.87,55.36,37.880001068115234,15.15,98.2699966430664,0.025484158333631088,0.025484158333631088,0.021061914333649893,0.016808244871461476,0.016611670886925698,-1.559997558593743,-4.490000000000002,9,217,-6.190864038911591,-4.555555555555555,-10.0,6,3,3,0,1,"68,35","36,34",98.51,0.0013751107166373815,-1.440002441406257,0
2020-02-06,50.94,55.18,36.43999862670898,14.96,98.5,0.0013751107166373815,0.0013751107166373815,0.0203452248522142,0.016702706883440516,0.013951563804200153,-1.440002441406257,-4.240000000000002,6,154,1.2909934305629887,-2.1833333333333336,-10.0,2,3,1,0,1,"90,63","36,14",128.12,0.011848479844140999,1.0699996948242259,0
2020-02-07,50.34,54.53,37.5099983215332,15.47,98.68000030517578,-0.011848479844140999,0.011848479844140999,0.020353038333918137,0.015640344085071728,0.013894052931639015,1.0699996948242259,-4.189999999999998,9,224,-1.567547791782991,-0.8555555555555555,-10.0,3,5,3,0,1,"78,96","23,62",111.62,0.015010789206127353,1.5,1
2020-02-10,49.59,53.39,39.0099983215332,15.04,98.83000183105467,-0.015010789206127353,0.015010789206127353,0.016494165668075326,0.015383255522549832,0.013972152651895414,1.5,-3.799999999999997,5,73,-6.096644992564472,-3.9799999999999995,-10.0,2,2,2,0,1,"24,76","19,75",24.7,0.00823380492710344,-1.4899978637695312,0
2020-02-11,50.0,54.0,37.52000045776367,15.18,98.72000122070312,0.00823380492710344,0.00823380492710344,0.016365206670910546,0.015729139158836808,0.014394039070962558,-1.4899978637695312,-4.0,5,160,0.5491801450063951,0.78,-7.2,2,3,0,0,1,"90,26","89,98",82.56,0.022348403663761767,-1.9399986267089844,0
2020-02-12,51.13,55.54,35.58000183105469,13.74,99.0500030517578,0.022348403663761767,0.022348403663761767,0.015245080053100603,0.01816604964426666,0.01573247925653185,-1.9399986267089844,-4.409999999999997,10,228,-5.290159691870861,-5.7700000000000005,-10.0,4,2,2,0,1,"62,03","74,21",41.27,0.005461296975505263,0.2599983215332031,0
2020-02-13,51.41,56.34,35.84000015258789,14.15,99.06999969482422,0.005461296975505263,0.005461296975505263,0.015377846741999936,0.017363306210625852,0.015953700160163828,0.2599983215332031,-4.930000000000007,3,110,-5.809052583557906,-3.5666666666666664,-9.2,1,1,0,0,1,"58,85","83,82",27.96,0.01198776923479897,0.09000015258789062,0
2020-02-14,52.03,57.37,35.93000030517578,13.68,99.12000274658205,0.01198776923479897,0.01198776923479897,0.013675090169554587,0.017429129089363844,0.015991047291660506,0.09000015258789062,-5.339999999999996,4,106,-4.2471101905860165,-5.05,-10.0,2,1,1,0,1,"89,18","59,27",120.07,0.0013444734571090653,-2.4599990844726562,0
2020-02-18,52.1,57.35,33.470001220703125,14.83,99.45999908447266,0.0013444734571090653,0.0013444734571090653,0.007984262198872443,0.013699439033999226,0.01600961575106554,-2.4599990844726562,-5.25,12,268,-2.74720858489354,-4.508333333333334,-10.0,5,3,2,0,1,"83,43","0,00",138.75,0.02295898207534838,-1.2000007629394531,0
2020-02-19,53.31,59.72,32.27000045776367,14.38,99.5999984741211,0.02295898207534838,0.02295898207534838,0.00974833654294915,0.013998070240060787,0.017258149069307806,-1.2000007629394531,-6.409999999999997,9,188,-4.105276975154906,-7.122222222222222,-9.2,3,0,0,0,1,"54,75","45,49",53.12,0.008591759986917004,0.8899993896484375,0
2020-02-20,53.77,59.57,33.15999984741211,15.56,99.87000274658205,0.008591759986917004,0.008591759986917004,0.008206153815762647,0.012488821007157815,0.01671377202714468,0.8899993896484375,-5.799999999999997,4,78,-3.8701724680623166,-6.0,-7.0,0,0,0,0,0,"111,31","53,26",140.69,0.007654289214218475,2.7099990844726562,1
2020-02-21,53.36,58.6,35.869998931884766,17.08,99.26000213623048,-0.007654289214218475,0.007654289214218475,0.0114873888108458,0.013133512082717664,0.016122485642424907,2.7099990844726562,-5.240000000000002,7,143,-4.667869040852302,-5.828571428571428,-10.0,4,0,1,0,1,"103,92","86,34",129.62,0.03820174222566258,3.6599998474121165,1
2020-02-24,51.36,56.71,39.52999877929688,25.03,99.29000091552734,-0.03820174222566258,0.03820174222566258,0.02284242494281003,0.018398568430299876,0.017275648237175648,3.6599998474121165,-5.350000000000001,9,166,-2.3356770213009574,-6.222222222222222,-9.5,3,1,1,0,1,"80,92","70,59",75.7,0.031246362442259805,2.970001220703118,1
2020-02-25,49.78,55.29,42.5,27.85,98.97000122070312,-0.031246362442259805,0.031246362442259805,0.025885512450157574,0.020646102454970495,0.018101357866029653,2.970001220703118,-5.509999999999998,6,101,-2.7479421117343312,-3.6,-9.0,1,2,1,0,1,"115,45","44,27",155.08,0.02255047309408302,0.9000015258789062,0
2020-02-26,48.67,54.96,43.400001525878906,27.56,99.0,-0.02255047309408302,0.02255047309408302,0.018829588109807914,0.021617532608404728,0.01850019020717132,0.9000015258789062,-6.289999999999999,9,187,-7.146875277523149,-7.48888888888889,-9.5,8,1,5,0,1,"102,60","19,48",154.38,0.03130472654919268,6.019996643066406,1
2020-02-27,47.17,52.19,49.41999816894531,39.16,98.44000244140624,-0.03130472654919268,0.03130472654919268,0.011756146254374473,0.02136775540104567,0.019407337538388438,6.019996643066406,-5.019999999999996,6,168,-6.404197410988856,-4.566666666666666,-9.2,4,2,2,0,1,"63,97","72,88",53.19,0.05088053912882219,1.8300018310546875,1
2020-02-28,44.83,51.31,51.25,40.11,98.12999725341795,-0.05088053912882219,0.05088053912882219,0.010548045019905604,0.02459090072348353,0.02164147396113162,1.8300018310546875,-6.480000000000004,3,47,-8.995548554728053,-9.0,-10.0,3,0,2,0,1,"55,14","59,20",56.43,0.04257820298868486,-2.9199981689453125,1
2020-03-02,46.78,52.52,48.33000183105469,33.42,97.36000061035156,0.04257820298868486,0.04257820298868486,0.03578309621174023,0.02954456963854571,0.02433509922111164,-2.9199981689453125,-5.740000000000002,2,60,-0.6591674127603151,-1.85,-7.2,1,1,0,0,1,"106,23","125,16",104.4,0.010420083649111973,2.4699974060058594,1
2020-03-03,47.27,52.24,50.79999923706055,36.82,97.1500015258789,0.010420083649111973,0.010420083649111973,0.036957636982958654,0.030087895604634953,0.023817544081677786,2.4699974060058594,-4.969999999999999,6,166,-0.8257035073675401,-3.533333333333333,-7.2,1,2,0,0,1,"123,04","141,53",86.57,0.010420083649112054,-0.20999908447265625,0
2020-03-04,46.78,51.86,50.59000015258789,31.99,97.33999633789062,-0.010420083649112054,0.010420083649112054,0.03634945302077686,0.02782504140090996,0.02383288193512847,-0.20999908447265625,-5.079999999999998,4,84,-1.18897130483802,-4.525,-7.2,3,1,0,0,1,"144,92","140,35",185.93,0.018990644089533507,1.9900016784667969,1
2020-03-05,45.9,51.29,52.58000183105469,39.62,96.81999969482422,-0.018990644089533507,0.018990644089533507,0.03475108677173322,0.026787259059441747,0.023107282949459403,1.9900016784667969,-5.390000000000001,9,352,-5.366604983880257,-2.388888888888889,-9.0,3,4,1,0,1,"79,18","122,80",58.53,0.10948423284168828,12.439994812011719,1
2020-03-06,41.14,45.6,65.0199966430664,41.94,95.9499969482422,-0.10948423284168828,0.10948423284168828,0.05679316363182471,0.039618123218211475,0.03274757939634741,12.439994812011719,-4.460000000000001,7,378,-3.320737532166312,-3.642857142857143,-10.0,3,3,2,0,1,"51,33","55,11",78.79,0.28138207584532327,50.90000152587892,1
2020-03-09,31.05,35.33,115.91999816894533,54.46,94.9000015258789,-0.28138207584532327,0.28138207584532327,0.12056525862530378,0.09023420133863878,0.06883224614258211,50.90000152587892,-4.279999999999998,7,151,-4.396568254949673,-1.5999999999999999,-9.0,1,3,0,0,1,"72,80","41,47",95.13,0.1044905721492862,-22.989997863769545,1
2020-03-10,34.47,35.57,92.93000030517578,47.3,96.41000366210938,0.1044905721492862,0.1044905721492862,0.14370625770838663,0.1027627309360818,0.07461230711116029,-22.989997863769545,-1.1000000000000014,9,152,-2.29449911464841,-3.688888888888889,-7.0,4,2,0,0,0,"71,65","16,81",112.14,0.03965016421696938,12.319999694824219,1
2020-03-11,33.13,34.45,105.25,53.9,96.51000213623048,-0.03965016421696938,0.03965016421696938,0.14160371319121504,0.1026423523572185,0.07448810863579847,12.319999694824219,-1.3200000000000003,6,105,-1.0504465102240552,-0.5333333333333333,-10.0,2,3,1,0,1,"90,98","65,96",110.04,0.04854872033413112,18.1999969482422,1
2020-03-12,31.56,31.02,123.4499969482422,75.47,97.47000122070312,-0.04854872033413112,0.04854872033413112,0.13959659194603238,0.10265359216902314,0.07402321276449847,18.1999969482422,0.5399999999999991,8,210,-3.533230215964453,-4.0875,-5.6,4,1,0,0,0,"74,84","70,68",72.06,0.0050569007889737115,-4.969993591308608,0
2020-03-13,31.72,32.25,118.4800033569336,57.83,98.75,0.0050569007889737115,0.0050569007889737115,0.1418849493157055,0.10352647116809402,0.07401476079368197,-4.969993591308608,-0.5300000000000011,6,122,-4.85586576899747,-4.75,-10.0,4,1,1,0,1,"68,07","82,94",81.75,0.09103182924913152,10.019996643066406,1
2020-03-16,28.96,27.98,128.5,82.69,98.08999633789062,-0.09103182924913152,0.09103182924913152,0.07447920650629031,0.10105243445555386,0.07494674666068767,10.019996643066406,0.9800000000000004,0,0,0.0,0.0,0.0,0,0,0,0,0,"34,45","9,81",49.11,0.07156128147340932,4.82000732421875,1
2020-03-17,26.96,27.97,133.32000732421875,75.91,99.58000183105467,-0.07156128147340932,0.07156128147340932,0.03635020503513597,0.09909704731757321,0.07515077645905945,4.82000732421875,-1.009999999999998,12,305,-1.5252171977390123,-6.908333333333334,-9.5,11,0,4,0,1,"99,09","94,08",86.32,0.2749054858727992,33.46998596191406,1
2020-03-18,20.48,22.79,166.7899932861328,76.45,101.16000366210938,-0.2749054858727992,0.2749054858727992,0.10617559926059845,0.11885956570633069,0.0912749649582569,33.46998596191406,-2.3099999999999987,8,241,-3.502740744235181,-4.5625,-10.0,7,1,1,0,1,"87,61","74,86",83.26,0.2030205602070239,-2.7299957275390625,1
2020-03-19,25.09,23.98,164.05999755859375,72.0,102.76000213623048,0.2030205602070239,0.2030205602070239,0.17298623191308055,0.14897901906447067,0.1066586258088882,-2.7299957275390625,1.1099999999999994,8,155,-4.098876570614471,-3.775,-9.5,3,2,2,0,1,"89,17","97,78",81.56,0.2530810621639419,26.020004272460938,1
2020-03-20,19.48,25.55,190.0800018310547,66.04,102.81999969482422,-0.2530810621639419,0.2530810621639419,0.19151072690720491,0.16069556442117483,0.11662295112673123,26.020004272460938,-6.07,10,315,-2.93749698259371,-3.6100000000000003,-7.2,4,2,0,0,1,"57,80","26,60",81.34,0.18035178781894945,-4.4000091552734375,1
2020-03-23,23.33,23.75,185.67999267578125,61.59,102.48999786376952,0.18035178781894945,0.18035178781894945,0.22866012697472388,0.16106465959561614,0.12755174496610605,-4.4000091552734375,-0.4200000000000017,7,168,-5.816032218792949,-4.485714285714286,-7.0,1,1,0,0,0,"121,19","40,27",167.96,0.10379009631873004,-14.819992065429688,1
2020-03-24,21.03,24.5,170.86000061035156,61.67,101.73999786376952,-0.10379009631873004,0.10379009631873004,0.2301079152441929,0.15530782076621227,0.12833505827433125,-14.819992065429688,-3.469999999999999,1,12,-2.31904294281902,-5.0,-5.0,0,0,0,0,0,"191,01","100,22",275.87,0.013403743037901155,-26.830001831054688,0
2020-03-25,20.75,25.62,144.02999877929688,63.95,101.0500030517578,-0.013403743037901155,0.013403743037901155,0.19281589344668867,0.15571240876028372,0.12842834372918607,-26.830001831054688,-4.870000000000001,8,204,-4.243325712220204,-5.25,-10.0,7,1,2,0,1,"53,36","17,73",81.34,0.2231435513142097,6.029998779296875,1
2020-03-26,16.6,23.55,150.05999755859375,61.0,99.41999816894533,-0.2231435513142097,0.2231435513142097,0.17549719824006776,0.16541751221744103,0.13455605836586063,6.029998779296875,-6.949999999999999,11,369,-3.313901163476168,-6.7,-9.0,10,0,1,0,1,"56,71","28,27",78.59,0.06985382720091658,25.82000732421875,1
2020-03-27,15.48,22.39,175.8800048828125,65.54,98.37000274658205,-0.06985382720091658,0.06985382720091658,0.14797481266849238,0.16361661066596186,0.1346130061473865,25.82000732421875,-6.91,6,220,-1.7355177853897257,-1.4833333333333334,-7.2,3,3,0,0,1,"52,13","47,24",55.17,0.09337407077745852,-1.660003662109375,1
2020-03-30,14.1,19.19,174.22000122070312,57.08,99.18000030517578,-0.09337407077745852,0.09337407077745852,0.07685662495206648,0.1636489698493271,0.13294597922042642,-1.660003662109375,-5.090000000000002,3,88,-7.305955972047073,-8.233333333333333,-10.0,2,0,1,0,1,"103,52","39,31",139.36,0.3747377747001668,-3.6699981689453125,1
2020-03-31,20.51,14.85,170.5500030517578,53.54,99.0500030517578,0.3747377747001668,0.3747377747001668,0.22576204531520946,0.2161948430111964,0.1643477401625669,-3.6699981689453125,5.660000000000002,6,142,-4.51734631267127,-6.1000000000000005,-7.2,2,0,0,0,1,"89,26","59,32",107.21,0.011277393361306821,-11.57000732421875,0
2020-04-01,20.28,14.97,158.97999572753906,57.06,99.66999816894533,-0.011277393361306821,0.011277393361306821,0.22574427719356988,0.1979571926555289,0.16433925064213975,-11.57000732421875,5.3100000000000005,7,218,0.1393118189695019,-7.357142857142857,-10.0,5,0,3,0,1,"65,60","9,34",101.3,0.2164148498932187,3.6699981689453125,1
2020-04-02,25.18,20.24,162.64999389648438,50.91,100.18000030517578,0.2164148498932187,0.2164148498932187,0.20388124046197076,0.19952995851421088,0.1741928797567659,3.6699981689453125,4.940000000000001,5,96,-1.4839437262886843,-3.7,-7.0,1,1,0,0,0,"47,59","9,49",79.15,0.11892967304772556,-20.970001220703125,1
2020-04-03,28.36,24.33,141.67999267578125,46.8,100.58000183105467,0.11892967304772556,0.11892967304772556,0.18503016783506324,0.1808309444055223,0.17618518481566295,-20.970001220703125,4.030000000000001,2,112,-5.486299414870845,-7.1,-9.2,2,0,0,0,1,"84,58","56,21",93.77,0.07883868432861171,2.510009765625,1
2020-04-06,26.21,22.58,144.19000244140625,45.24,100.69000244140624,-0.07883868432861171,0.07883868432861171,0.18088611689703712,0.1766160988705401,0.16580049520682769,2.510009765625,3.6300000000000026,3,72,-4.4727187892132285,-5.766666666666667,-6.5,1,0,0,0,0,"99,33","108,92",90.85,0.10743991550318434,-5.05999755859375,1
2020-04-07,23.54,22.1,139.1300048828125,46.7,99.9800033569336,-0.10743991550318434,0.10743991550318434,0.1369932222689799,0.176884709823514,0.16497117483014415,-5.05999755859375,1.4399999999999977,4,112,-7.79501506102256,-7.25,-10.0,2,0,1,0,1,"106,53","60,69",143.42,0.05897400245955125,2.3300018310546875,1
2020-04-08,24.97,25.22,141.4600067138672,43.35,100.12000274658205,0.05897400245955125,0.05897400245955125,0.13561004647104355,0.17724311292026837,0.16579555470195043,2.3300018310546875,-0.25,2,52,-1.9357705040128639,-5.75,-6.5,1,0,0,0,0,"78,21","55,04",91.82,0.08653819373148791,-11.580001831054688,1
2020-04-09,22.9,20.23,129.8800048828125,41.67,99.5199966430664,-0.08653819373148791,0.08653819373148791,0.1013264929150094,0.1610755112946475,0.16642695062181836,-11.580001831054688,2.669999999999998,3,64,-6.872886059191701,-7.2,-7.2,3,0,0,0,1,"60,91","84,08",38.96,0.023863262273295518,-15.440002441406264,0
2020-04-13,22.36,,114.44000244140624,41.17,99.3499984741211,-0.023863262273295518,0.023863262273295518,0.06707139340716203,0.1584742952490908,0.16635964648949975,-15.440002441406264,,3,38,-4.508109563957887,-2.1666666666666665,-5.0,1,1,0,0,0,"88,78","77,44",92.28,0.10406935989420649,1.040000915527358,1
2020-04-14,20.15,21.74,115.4800033569336,37.76,98.88999938964844,-0.10406935989420649,0.10406935989420649,0.07085702091790873,0.15948311666628873,0.16668823061301216,1.040000915527358,-1.5899999999999999,3,116,-4.217066976457645,-5.866666666666667,-7.0,1,0,0,0,0,"91,17","43,28",137.18,0.009474017509373916,4.899993896484361,1
2020-04-15,19.96,19.8,120.37999725341795,40.84,99.45999908447266,-0.009474017509373916,0.009474017509373916,0.0652176373585039,0.10606510355542036,0.16621836176205046,4.899993896484361,0.16000000000000014,4,107,-2.3812129279422476,1.175,-5.8,0,3,0,0,0,"89,53","68,00",99.26,0.007038741981476047,-5.279998779296861,0
2020-04-16,19.82,18.69,115.0999984741211,40.11,100.02999877929688,-0.007038741981476047,0.007038741981476047,0.04570931088382733,0.10603556356283965,0.1545594652484038,-5.279998779296861,1.129999999999999,2,90,-2.8873540984576103,-5.0,-5.0,2,0,0,0,0,"48,46","17,57",65.93,0.07924417021542265,-19.18999481201172,1
2020-04-17,18.31,19.75,95.91000366210938,38.15,99.77999877929688,-0.07924417021542265,0.07924417021542265,0.04419112818540785,0.07493552257900755,0.1476193428292561,-19.18999481201172,-1.4400000000000013,5,127,0.15855609657013978,-6.4,-7.5,1,0,0,0,1,"73,51","45,80",84.05,,130.22000122070312,1
2020-04-20,-36.98,17.36,226.1300048828125,43.83,99.95999908447266,,,0.04921630683183806,0.05620719061162546,0.14038596117196742,130.22000122070312,-54.339999999999996,5,77,-1.5988747473321483,-5.76,-6.5,2,0,0,0,0,"25,88","0,00",43.04,,99.01998901367188,1
2020-04-21,8.91,9.12,325.1499938964844,45.41,100.26000213623048,,,0.04100290364102262,0.05885370622395286,0.1370190320447766,99.01998901367188,-0.20999999999999908,4,193,-5.440193641506645,-3.7,-7.5,0,1,0,0,1,"54,08","35,94",59.96,0.4258324109325982,-88.34999084472656,1
2020-04-22,13.64,13.77,236.8000030517578,41.98,100.38999938964844,0.4258324109325982,0.4258324109325982,0.2731585045706921,0.17167625120723637,0.16949707077914294,-88.34999084472656,-0.129999999999999,7,124,-3.3838718901048743,1.0714285714285714,-7.0,0,5,0,0,0,"137,26","136,84",114.14,0.0990355699564314,-25.800003051757812,1
2020-04-23,15.06,15.06,211.0,41.38,100.43000030517578,0.0990355699564314,0.0990355699564314,0.2561517108576866,0.17348946770458168,0.17042053546418323,-25.800003051757812,0.0,5,208,-5.868611714482925,-5.3,-10.0,2,1,1,0,1,"100,94","82,33",114.45,0.05992130447411529,-37.470001220703125,1
2020-04-24,15.99,15.87,173.52999877929688,35.93,100.37999725341795,0.05992130447411529,0.05992130447411529,0.20092164263127324,0.16743934860167672,0.15913486573019855,-37.470001220703125,0.120000000000001,6,184,-2.0318176323746457,-3.0666666666666664,-8.0,1,2,1,0,1,"45,83","8,31",76.23,0.27298961984642706,11.94000244140625,1
2020-04-27,12.17,15.17,185.47000122070312,33.29,100.04000091552734,-0.27298961984642706,0.27298961984642706,0.28574488839811674,0.20175561527152855,0.1737594208425737,11.94000244140625,-3.0,3,63,-1.1115895086181722,-3.5333333333333337,-7.2,2,1,0,0,1,"49,00","19,54",65.2,0.018722565611555362,13.300003051757784,1
2020-04-28,12.4,15.6,198.7700042724609,33.57,99.87000274658205,0.018722565611555362,0.018722565611555362,0.24887583601070912,0.1960813650793721,0.17119454280390503,13.300003051757784,-3.1999999999999993,1,24,-3.8585209003215497,3.5,3.5,0,1,0,0,0,"95,69","127,19",75.78,0.1930168459107026,-3.1800079345702557,1
2020-04-29,15.04,17.86,195.58999633789065,31.23,99.56999969482422,0.1930168459107026,0.1930168459107026,0.17579722561693198,0.20329123445711997,0.15438117277964342,-3.1800079345702557,-2.8200000000000003,4,233,-5.339812606388056,-3.2,-9.0,2,1,1,0,1,"79,46","99,02",66.08,0.24575824107899463,-90.60999298095706,1
2020-04-30,19.23,18.11,104.9800033569336,34.15,99.0199966430664,0.24575824107899463,0.24575824107899463,0.2025881940173074,0.2118005470330622,0.16270838348410605,-90.60999298095706,1.120000000000001,2,42,-6.684850391524756,-5.0,-5.0,0,0,0,0,0,"56,95","56,77",55.25,0.025161789573800875,5.1999969482421875,1
2020-05-01,19.72,18.49,110.18000030517578,37.19,98.8000030517578,0.025161789573800875,0.025161789573800875,0.20271119335524226,0.20318738302643988,0.1564308234154233,5.1999969482421875,1.2300000000000004,5,174,-4.097939974466476,-2.5,-6.5,0,2,0,0,0,"60,41","60,23",50.23,0.03732705049870888,-12.760002136230455,1
2020-05-04,20.47,20.4,97.41999816894533,35.97,99.4800033569336,0.03732705049870888,0.03732705049870888,0.10718253608621776,0.19118397892704822,0.15476622045543875,-12.760002136230455,0.07000000000000028,4,154,-6.763354255863627,-3.125,-6.5,0,1,0,0,0,"59,60","29,71",74.33,0.18215870360574352,-0.15000152587892046,1
2020-05-05,24.56,25.46,97.2699966430664,33.61,99.70999908447266,0.18215870360574352,0.18215870360574352,0.09930701774616858,0.18247012884737387,0.15698304434184007,-0.15000152587892046,-0.9000000000000021,2,40,-4.35924189129759,-7.25,-9.5,1,0,1,0,1,"41,64","36,90",38.47,0.028077814754540388,18.12000274658203,1
2020-05-06,23.88,24.2,115.38999938964844,34.12,100.08999633789062,-0.028077814754540388,0.028077814754540388,0.11580615702876212,0.1455097521310013,0.15378740165477783,18.12000274658203,-0.3200000000000003,4,80,-3.79950481825529,3.8,-5.8,0,3,0,0,0,"80,79","113,71",47.42,0.008410478508596404,-4.769996643066392,0
2020-05-07,23.68,24.23,110.62000274658205,31.44,99.88999938964844,-0.008410478508596404,0.008410478508596404,0.0827666339418727,0.1459454693129506,0.15413903539523677,-4.769996643066392,-0.5500000000000007,3,77,-6.79007073942076,-2.3333333333333335,-7.2,2,1,0,0,1,"56,15","27,99",70.03,0.04338627151751991,-11.920005798339844,1
2020-05-08,24.73,,98.6999969482422,27.98,99.7300033569336,0.04338627151751991,0.04338627151751991,0.08225972819253781,0.145854531279977,0.15102081656426977,-11.920005798339844,,5,86,-0.19622902764601888,0.060000000000000143,-9.0,2,3,2,0,1,"70,48","93,68",54.7,0.029130264881487344,11.020004272460923,1
2020-05-11,24.02,25.53,109.72000122070312,27.57,100.23999786376952,-0.029130264881487344,0.029130264881487344,0.08896142738315228,0.10031796794118772,0.15116566049494212,11.020004272460923,-1.5100000000000016,2,72,-10.737196592143766,-5.4,-5.8,0,0,0,0,0,"37,91","37,80",31.53,0.0699360845843155,-22.860000610351562,1
2020-05-12,25.76,26.67,86.86000061035156,33.04,99.93000030517578,0.0699360845843155,0.0699360845843155,0.04479387842514743,0.09881933273422044,0.14663604523347684,-22.860000610351562,-0.9100000000000001,5,124,-2.5690077814036094,-4.7,-9.0,3,1,0,0,1,"39,44","9,83",57.39,0.015255527624962338,-4.029998779296875,0
2020-05-13,25.37,27.89,82.83000183105469,35.28,100.23999786376952,-0.015255527624962338,0.015255527624962338,0.042405137341821844,0.09248514726832542,0.1467887241768975,-4.029998779296875,-2.5199999999999996,3,100,-0.3683241252302,-5.8,-5.8,0,0,0,0,0,"59,53","33,91",70.72,0.07697563978283398,-2.779998779296875,1
2020-05-14,27.4,29.87,80.05000305175781,32.61,100.47000122070312,0.07697563978283398,0.07697563978283398,0.048790118977610125,0.06438653681058759,0.14608998240666127,-2.779998779296875,-2.4700000000000024,4,88,-4.17538826547831,-7.875,-10.0,3,0,2,0,1,"82,13","45,49",98.65,0.07181128046665101,-3.660003662109375,1
2020-05-15,29.44,30.95,76.38999938964844,31.89,100.4000015258789,0.07181128046665101,0.07181128046665101,0.05238266837415905,0.0652459546110526,0.14202399455173295,-3.660003662109375,-1.509999999999998,6,102,-3.1800234057568604,-6.216666666666666,-10.0,4,1,3,0,1,"45,82","27,41",53.34,0.0780549474333258,-0.25,1
2020-05-18,31.83,33.3,76.13999938964844,29.3,99.66999816894533,0.0780549474333258,0.0780549474333258,0.04014815025588325,0.0663179186712996,0.13804841509789906,-0.25,-1.4699999999999989,4,148,-4.063877169232051,-6.5,-9.5,2,0,1,0,1,"135,10","140,07",125.82,0.014657988934609463,-2.9199981689453125,0
2020-05-19,32.3,33.06,73.22000122070312,30.53,99.37000274658205,0.014657988934609463,0.014657988934609463,0.0429679311333743,0.04545890784633196,0.13487547871172156,-2.9199981689453125,-0.7600000000000051,4,123,-4.409653445910358,-0.47499999999999987,-7.2,1,2,0,0,1,"99,48","79,34",99.26,0.038267651370394666,0.40000152587890625,1
2020-05-20,33.56,34.76,73.62000274658203,27.99,99.12000274658205,0.038267651370394666,0.038267651370394666,0.028284191772643758,0.04109534288349507,0.10467280922930411,0.40000152587890625,-1.1999999999999957,6,271,-1.6727557344215807,-4.783333333333333,-10.0,3,1,1,0,1,"99,69","45,18",128.12,0.021810472572888623,15.439994812011719,1
2020-05-21,34.3,34.78,89.05999755859375,29.53,99.37000274658205,0.021810472572888623,0.021810472572888623,0.028788708808166603,0.038667062686420846,0.10399741980065519,15.439994812011719,-0.480000000000004,2,74,-3.143401200871232,-0.75,-5.0,0,1,0,0,0,"73,21","27,37",106.53,0.023898467365780895,-4.079994201660156,0
2020-05-22,33.49,33.8,84.9800033569336,28.16,99.86000061035156,-0.023898467365780895,0.023898467365780895,0.03706756652681328,0.04304818370144975,0.10488648529531662,-4.079994201660156,-0.30999999999999517,9,167,-3.1719373476350974,-4.0,-10.0,3,2,3,0,1,"135,65","69,80",174.66,0.035492800146700365,-9.510002136230469,1
2020-05-26,34.7,33.95,75.47000122070312,28.01,98.91000366210938,0.035492800146700365,0.035492800146700365,0.024976253372068748,0.037642676241855695,0.0754617593314256,-9.510002136230469,0.75,3,86,-1.2700715591250333,3.6,3.5,0,3,0,0,0,"120,36","73,04",147.95,0.05631117156271565,-1.5800018310546875,1
2020-05-27,32.8,32.73,73.88999938964844,27.62,99.05999755859376,-0.05631117156271565,0.05631117156271565,0.04151728461240236,0.04561539448648617,0.0790055807541725,-1.5800018310546875,0.07000000000000028,12,299,-5.082116589326274,-4.75,-10.0,2,3,1,0,1,"23,43","28,03",31.17,0.026178717782885146,-0.9099960327148438,0
2020-05-28,33.67,33.98,72.9800033569336,28.59,98.37999725341795,0.026178717782885146,0.026178717782885146,0.039245076025842165,0.04346856225168087,0.071400540962155,-0.9099960327148438,-0.30999999999999517,24,725,-8.948279216067162,-5.5625,-9.0,5,3,1,0,1,"61,02","43,45",79.74,0.05489535278738067,-3.75,1
2020-05-29,35.57,34.15,69.2300033569336,27.51,98.33999633789062,0.05489535278738067,0.05489535278738067,0.04592460944089624,0.04122439964444459,0.05283498958168379,-3.75,1.4200000000000017,13,309,-8.593102662148357,-6.130769230769231,-10.0,6,2,3,0,1,"137,45","45,68",190.49,0.002251619301958666,-4.850006103515625,0
2020-06-01,35.49,36.74,64.37999725341797,28.23,97.83000183105467,-0.002251619301958666,0.002251619301958666,0.04319052865213904,0.03867273392447533,0.053340798764142855,-4.850006103515625,-1.25,23,612,-8.586052851114983,-7.134782608695652,-9.0,12,0,2,0,1,"53,90","39,08",73.34,0.038418432029987924,0.3300018310546875,1
2020-06-02,36.88,37.72,64.70999908447266,26.84,97.66999816894533,0.038418432029987924,0.038418432029987924,0.043612878888753176,0.0336123414475282,0.05334991323756008,0.3300018310546875,-0.8399999999999963,18,502,-6.83842554925809,-5.800000000000001,-9.2,12,1,0,0,1,"83,04","82,79",76.73,0.012127894238099181,1.0200042724609375,0
2020-06-03,37.33,37.98,65.7300033569336,25.66,97.27999877929688,0.012127894238099181,0.012127894238099181,0.022246912313448584,0.033622431249323244,0.039475300124001654,1.0200042724609375,-0.6499999999999986,18,699,-4.477050164381598,-6.011111111111111,-9.5,7,2,1,0,1,"114,53","52,70",190.47,0.002408027919451247,-0.600006103515625,0
2020-06-04,37.42,38.41,65.12999725341797,25.81,96.68000030517578,0.002408027919451247,0.002408027919451247,0.024582710691911907,0.03270235848743287,0.03804587046029598,-0.600006103515625,-0.9899999999999949,9,158,-5.389667230381674,-5.655555555555555,-7.5,4,1,0,0,1,"36,15","27,03",37.58,0.053842154452614525,-0.9300003051757812,1
2020-06-05,39.49,41.0,64.19999694824219,24.52,96.94000244140624,0.053842154452614525,0.053842154452614525,0.024222824695869827,0.03535253506295072,0.03793386522691915,-0.9300003051757812,-1.509999999999998,7,179,-3.9874584232730315,-5.814285714285715,-7.5,2,0,0,0,1,"109,98","61,40",131.69,0.033997608541419734,3.0400009155273438,1
2020-06-08,38.17,39.66,67.23999786376953,25.81,96.62000274658205,-0.033997608541419734,0.033997608541419734,0.033999041708083544,0.03667774844641918,0.03991581975289103,3.0400009155273438,-1.4899999999999949,12,217,-4.469919148950894,-7.508333333333333,-9.0,3,0,0,0,1,"65,65","50,34",75.58,0.020998827322276235,0.5200042724609375,0
2020-06-09,38.98,40.45,67.76000213623047,27.57,96.31999969482422,0.020998827322276235,0.020998827322276235,0.031761914603247135,0.0359732777505681,0.038087949355442866,0.5200042724609375,-1.470000000000006,7,146,-3.335231722208072,-7.1000000000000005,-9.0,2,0,0,0,1,"68,30","19,45",105.47,0.014264123663056202,-4.700000762939453,0
2020-06-10,39.54,41.18,63.060001373291016,27.57,95.95999908447266,0.014264123663056202,0.014264123663056202,0.0317939555376097,0.026955543353804026,0.0365743733141789,-4.700000762939453,-1.6400000000000006,9,294,-1.6235486770766085,-4.677777777777778,-9.0,1,2,0,0,1,"95,69","45,42",121.24,0.08192020672199837,6.899997711181641,1
2020-06-11,36.43,37.76,69.95999908447266,40.79,96.7300033569336,-0.08192020672199837,0.08192020672199837,0.053071571823243104,0.041415063728101574,0.04262968161386955,6.899997711181641,-1.3299999999999983,10,303,-4.854647976887371,-6.57,-10.0,5,1,3,0,1,"87,41","18,35",137.73,0.005229129845693835,0.26000213623046875,0
2020-06-12,36.24,38.54,70.22000122070312,36.09,97.31999969482422,-0.005229129845693835,0.005229129845693835,0.04202173645361659,0.038059313722068396,0.040566446360250245,0.26000213623046875,-2.299999999999997,6,135,-3.7302489979052478,-3.25,-7.5,1,2,0,0,1,"73,61","55,04",76.51,0.02264453598786219,-2.1100006103515625,0
2020-06-15,37.07,39.44,68.11000061035156,34.4,96.68000030517578,0.02264453598786219,0.02264453598786219,0.04394439070481022,0.038570870853729226,0.03830414586221099,-2.1100006103515625,-2.3699999999999974,5,104,-2.4768156071473517,-4.92,-10.0,1,1,1,0,1,"102,87","102,56",128.32,0.031596946849465804,-1.4800033569335938,1
2020-06-16,38.26,40.75,66.62999725341797,33.67,96.95999908447266,0.031596946849465804,0.031596946849465804,0.04578032770290681,0.037956951237477596,0.035351960472760596,-1.4800033569335938,-2.490000000000002,15,430,-5.042249714549475,-7.0600000000000005,-9.0,5,0,0,0,1,"79,20","27,87",108.48,0.009190034483863407,-5.179996490478516,0
2020-06-17,37.91,40.47,61.45000076293945,33.47,97.16000366210938,-0.009190034483863407,0.009190034483863407,0.04466378965120066,0.038027945958625485,0.035559748230172605,-5.179996490478516,-2.5600000000000023,7,222,-6.856510591399804,-6.285714285714286,-7.0,3,0,0,0,0,"151,38","150,91",133.28,0.022947551923632386,-0.10000228881836648,0
2020-06-18,38.79,41.75,61.34999847412109,32.94,97.41999816894533,0.022947551923632386,0.022947551923632386,0.018449399756930756,0.03862985635384817,0.03503472546754965,-0.10000228881836648,-2.960000000000001,5,170,-3.7525510666213755,-4.4799999999999995,-7.2,2,1,0,0,1,"101,32","61,48",124.54,0.023692357725096126,-2.6199989318847585,0
2020-06-19,39.72,42.33,58.72999954223633,35.12,97.62000274658205,0.023692357725096126,0.023692357725096126,0.01582763186276379,0.03530606121728435,0.03507841360385589,-2.6199989318847585,-2.6099999999999994,9,198,-3.4995583676420474,-3.4444444444444446,-10.0,2,3,1,0,1,"53,82","78,05",32.55,0.02191322743071508,-1.970001220703125,0
2020-06-22,40.6,43.2,56.7599983215332,31.77,97.04000091552734,0.02191322743071508,0.02191322743071508,0.015781200487491327,0.03360798963580717,0.03442109445659791,-1.970001220703125,-2.6000000000000014,13,310,-3.8762410389553943,-5.361538461538462,-10.0,9,3,8,0,1,"131,45","83,87",166.14,0.004938281640582677,2.0700035095214844,1
2020-06-23,40.4,42.72,58.83000183105469,31.37,96.69000244140624,-0.004938281640582677,0.004938281640582677,0.01646616699836114,0.03333632245874953,0.03400674950763718,2.0700035095214844,-2.3200000000000003,6,164,-4.74126740473422,1.7666666666666666,-7.2,1,5,0,0,1,"56,38","65,58",62.51,0.06361485543886097,6.129997253417969,1
2020-06-24,37.91,40.4,64.95999908447266,33.84,97.1500015258789,-0.06361485543886097,0.06361485543886097,0.03754778271869379,0.039152101677088005,0.03476010843429935,6.129997253417969,-2.490000000000002,14,296,-4.697421612856832,-3.7142857142857144,-7.2,2,3,0,0,1,"80,22","37,63",109.87,0.01959054425194132,-2.270000457763679,0
2020-06-25,38.66,41.18,62.68999862670898,32.22,97.43000030517578,0.01959054425194132,0.01959054425194132,0.037061736781547575,0.028466524471520285,0.03460203780799689,-2.270000457763679,-2.520000000000003,3,36,-1.9674770761910298,-6.3999999999999995,-7.2,1,0,0,0,1,"40,78","27,11",45.22,0.0033683151421185233,1.0,0
2020-06-26,38.53,40.97,63.68999862670898,34.73,97.5,-0.0033683151421185233,0.0033683151421185233,0.034501861933849826,0.028391374587061174,0.03275268254822277,1.0,-2.4399999999999977,9,194,-5.348279122820186,-4.633333333333334,-10.0,5,2,1,0,1,"44,34","8,84",66.37,0.029158075888172572,-3.6499977111816335,1
2020-06-29,39.67,41.58,60.040000915527344,31.78,97.54000091552734,0.029158075888172572,0.029158075888172572,0.036087285812382436,0.028882877297953587,0.03318746526541158,-3.6499977111816335,-1.9099999999999966,12,286,-3.787565603266047,-5.108333333333333,-10.0,4,2,3,0,1,"48,01","63,81",44.36,0.010134365936320531,-2.3800010681152344,0
2020-06-30,39.27,41.64,57.65999984741211,30.43,97.38999938964844,-0.010134365936320531,0.010134365936320531,0.03617293353683005,0.02789652188446565,0.032424988318899846,-2.3800010681152344,-2.3699999999999974,9,288,-2.1365422923438215,-3.677777777777778,-9.5,3,3,2,0,1,"76,92","67,10",87.95,0.015414076503719254,-4.229999542236328,0
2020-07-01,39.88,42.18,53.43000030517578,28.62,97.1999969482422,0.015414076503719254,0.015414076503719254,0.01637330183912967,0.027825503326844983,0.03248120999072559,-4.229999542236328,-2.299999999999997,3,52,-3.235612250566238,2.733333333333333,-5.8,0,2,0,0,0,"107,85","143,36",145.2,0.01715393212471812,-2.1399993896484375,0
2020-07-02,40.57,43.19,51.290000915527344,27.68,97.31999969482422,0.01715393212471812,0.01715393212471812,0.016054564174232736,0.02746986093356204,0.032626837740707855,-2.1399993896484375,-2.6199999999999974,6,193,-3.562868163529869,-5.083333333333333,-9.0,3,1,1,0,1,"23,39","18,66",23.34,0.0014800200037567868,-0.5600013732910156,0
2020-07-06,40.51,42.73,50.72999954223633,27.94,96.79000091552734,-0.0014800200037567868,0.0014800200037567868,0.015689995989484753,0.0266556558398683,0.03045533354082599,-0.5600013732910156,-2.219999999999999,9,209,-5.802829953685573,-6.444444444444445,-9.5,4,1,2,0,1,"72,01","30,77",94.1,0.001972873636207393,0.6599998474121094,0
2020-07-07,40.59,43.28,51.38999938964844,29.43,96.87999725341795,0.001972873636207393,0.001972873636207393,0.01157059157503597,0.02572762880370671,0.029303000425364156,0.6599998474121094,-2.6899999999999977,17,396,-4.762677951379116,-2.447058823529412,-10.0,8,5,2,0,1,"106,17","74,09",123.6,0.007852801090500697,-2.540000915527351,0
2020-07-08,40.91,43.67,48.84999847412109,28.08,96.43000030517578,0.007852801090500697,0.007852801090500697,0.00813656479416861,0.025774118833139056,0.02902588386995482,-2.540000915527351,-2.760000000000005,5,138,-6.692738192497748,-1.14,-5.6,0,2,0,0,0,"68,60","48,85",105.94,0.03153582247951986,4.920001983642585,1
2020-07-09,39.64,42.35,53.77000045776367,29.26,96.6999969482422,-0.03153582247951986,0.03153582247951986,0.01836591566762739,0.01745793030778884,0.02983730440907701,4.920001983642585,-2.710000000000001,19,658,-4.760051043854267,-4.647368421052631,-10.0,8,5,2,0,1,"55,83","18,55",77.37,0.022943649821140583,-4.060001373291016,0
2020-07-10,40.56,43.27,49.709999084472656,27.29,96.6500015258789,0.022943649821140583,0.022943649821140583,0.019928975054675037,0.017809440811028556,0.023117789750700182,-4.060001373291016,-2.710000000000001,9,200,-5.7442868388364445,-6.577777777777778,-10.0,6,0,2,0,1,"97,43","18,50",146.6,0.012404029045255536,3.700000762939453,1
2020-07-13,40.06,42.85,53.40999984741211,32.19,96.45999908447266,-0.012404029045255536,0.012404029045255536,0.020708583268137334,0.018486141047257897,0.023345466252927723,3.700000762939453,-2.789999999999999,11,373,-6.422445573858299,-8.363636363636363,-10.0,7,0,4,0,1,"92,73","51,36",111.38,0.0059731387149650345,-0.3699989318847656,0
2020-07-14,40.3,42.97,53.040000915527344,29.52,96.26000213623048,0.0059731387149650345,0.0059731387149650345,0.020987147513824172,0.01628884173702572,0.022977430407562685,-0.3699989318847656,-2.6700000000000017,8,234,-1.8366091817975267,-7.875,-10.0,6,0,4,0,1,"93,80","98,43",73.89,0.022086787402843505,-5.990001678466797,0
2020-07-15,41.2,43.96,47.04999923706055,27.76,96.08000183105467,0.022086787402843505,0.022086787402843505,0.023389658112600163,0.01689082923331552,0.02247299195433578,-5.990001678466797,-2.759999999999998,10,278,-4.0950673248498735,-3.17,-9.0,3,3,0,0,1,"103,67","39,37",147.78,0.011227845556821008,-0.9300003051757812,0
2020-07-16,40.74,43.71,46.119998931884766,28.0,96.3499984741211,-0.011227845556821008,0.011227845556821008,0.017175550039156055,0.017129683577158786,0.022539040649782523,-0.9300003051757812,-2.969999999999999,24,598,-4.630075777788019,-4.2,-9.2,12,6,2,0,1,"29,49","29,40",24.52,0.004674630237237927,-5.899997711181641,0
2020-07-17,40.55,43.53,40.220001220703125,25.68,95.94000244140624,-0.004674630237237927,0.004674630237237927,0.01436374797825936,0.01637723762778159,0.022133730779157437,-5.899997711181641,-2.980000000000004,10,280,-2.7469423743337487,-4.39,-10.0,6,2,1,0,1,"38,32","16,98",49.57,0.006881324770062559,2.3699989318847656,1
2020-07-20,40.83,43.3,42.59000015258789,24.46,95.83000183105467,0.006881324770062559,0.006881324770062559,0.012711007894399644,0.016508990021666652,0.021587800038827987,2.3699989318847656,-2.469999999999999,11,286,-6.682876458641236,-8.345454545454546,-10.0,10,0,5,0,1,"87,17","67,59",128.87,0.022521838242898946,-1.490001678466804,0
2020-07-21,41.76,44.31,41.09999847412109,24.84,95.12000274658205,0.022521838242898946,0.022521838242898946,0.01530551387507881,0.01789381912597956,0.02161867707567749,-1.490001678466804,-2.5500000000000043,15,567,-4.829897287117522,-4.966666666666667,-10.0,5,3,1,0,1,"116,23","26,74",178.43,0.0028694424279529607,0.20000076293946023,0
2020-07-22,41.88,43.98,41.29999923706055,24.32,94.97000122070312,0.0028694424279529607,0.0028694424279529607,0.012817370859984922,0.01780794244581818,0.021568472086361177,0.20000076293946023,-2.0999999999999943,10,313,-3.4835556125758487,-7.4799999999999995,-10.0,5,0,1,0,1,"117,13","18,68",187.01,0.02148025148608989,2.5300025939941406,1
2020-07-23,40.99,42.96,43.83000183105469,26.08,94.69000244140624,-0.02148025148608989,0.02148025148608989,0.016113562543253985,0.01585965820142964,0.01624317102339335,2.5300025939941406,-1.9699999999999989,12,341,-3.6132560062547565,-1.7750000000000001,-10.0,1,5,1,0,1,"78,04","34,58",115.37,0.005838012202562321,-1.4800033569336009,0
2020-07-24,41.23,43.29,42.34999847412109,25.84,94.44000244140624,0.005838012202562321,0.005838012202562321,0.015835003180888468,0.014363307626383453,0.01583007345133433,-1.4800033569336009,-2.0600000000000023,8,164,-7.804121529237203,-7.5,-10.0,5,0,1,0,1,"92,75","52,84",110.18,0.0055629602888248916,-0.979999542236321,0
2020-07-27,41.46,43.39,41.369998931884766,24.74,93.66999816894533,0.0055629602888248916,0.0055629602888248916,0.015771854172691856,0.013509968775994282,0.015760315904130583,-0.979999542236321,-1.9299999999999997,3,259,-6.120722255351707,-4.8999999999999995,-9.5,2,1,1,0,1,"137,18","50,65",185.89,0.013843572631082568,-0.279998779296875,0
2020-07-28,40.89,43.11,41.09000015258789,25.44,93.76000213623048,-0.013843572631082568,0.013843572631082568,0.01262595652641007,0.01451249693170308,0.015014948824408889,-0.279998779296875,-2.219999999999999,2,74,-6.864757395212049,-7.85,-9.2,1,0,0,0,1,"121,65","46,64",171.18,0.005852247865781891,-1.5099983215332031,0
2020-07-29,41.13,43.51,39.58000183105469,24.1,93.26000213623048,0.005852247865781891,0.005852247865781891,0.013105476734770704,0.012748727503350104,0.014785957036706847,-1.5099983215332031,-2.3799999999999955,14,390,-2.7763816522956453,-1.6857142857142857,-9.0,4,7,0,0,1,"80,91","37,96",110.81,0.03161537700610869,2.479999542236328,1
2020-07-30,39.85,42.98,42.060001373291016,24.76,93.0199966430664,-0.03161537700610869,0.03161537700610869,0.016817711291387226,0.015943438867275547,0.016259173304159477,2.479999542236328,-3.1299999999999955,12,299,-5.172106981144203,-6.316666666666666,-10.0,6,1,1,0,1,"54,08","26,96",67.46,0.006253929076299451,2.3699989318847656,1
2020-07-31,40.1,43.13,44.43000030517578,24.46,93.48999786376952,0.006253929076299451,0.006253929076299451,0.016889558852026063,0.01612910868303319,0.015829597667052518,2.3699989318847656,-3.030000000000001,13,456,-3.3028470095502116,-3.5538461538461537,-10.0,3,3,1,0,1,"38,62","34,22",42.82,0.018040771018960837,-2.8699989318847656,0
2020-08-03,40.83,43.76,41.560001373291016,24.28,93.5,0.018040771018960837,0.018040771018960837,0.01964125085309593,0.017100693405718875,0.01636414512030327,-2.8699989318847656,-2.9299999999999997,2,48,-4.624168206428737,-7.1,-9.2,2,0,0,0,1,"42,17","28,03",46.75,0.02036434010287782,-1.2800025939941335,0
2020-08-04,41.67,43.99,40.27999877929688,23.76,93.37999725341795,0.02036434010287782,0.02036434010287782,0.02086658317175887,0.016795869547704366,0.01696335154665205,-1.2800025939941335,-2.3200000000000003,2,56,-2.393134695592163,-6.05,-6.5,0,0,0,0,0,"48,71","19,43",64.81,0.013822908368820797,-3.1599998474121165,0
2020-08-05,42.25,44.92,37.119998931884766,22.99,92.83000183105467,0.013822908368820797,0.013822908368820797,0.0213631090972269,0.01736688667667444,0.017136138311912134,-3.1599998474121165,-2.6700000000000017,6,165,-4.586726495485419,-6.916666666666667,-10.0,5,1,4,0,1,"33,80","0,00",56.21,0.007602792620511544,0.470001220703125,0
2020-08-06,41.93,45.04,37.59000015258789,22.65,92.79000091552734,-0.007602792620511544,0.007602792620511544,0.011296293032611059,0.015871737651017306,0.015452502130921779,0.470001220703125,-3.1099999999999994,13,308,-2.6327865374244808,-3.376923076923077,-9.0,6,5,3,0,1,"112,37","98,58",112.12,0.018534650216822466,-0.15999984741210938,0
2020-08-07,41.16,44.07,37.43000030517578,22.21,93.44000244140624,-0.018534650216822466,0.018534650216822466,0.017294801522618104,0.017087289181703783,0.015391163398327344,-0.15999984741210938,-2.9100000000000037,7,144,-3.9736005510252506,-3.242857142857143,-10.0,2,3,1,0,1,"43,82","17,47",65.58,0.018773114507925005,-1.6899986267089844,0
2020-08-10,41.94,44.19,35.7400016784668,22.13,93.58000183105467,0.018773114507925005,0.018773114507925005,0.017433092648930525,0.018062548673325143,0.015568282947116858,-1.6899986267089844,-2.25,6,121,-4.759785895516141,-3.25,-9.0,1,2,0,0,1,"40,58","20,23",50.62,0.009823967831111632,1.7599983215332031,1
2020-08-11,41.53,43.68,37.5,24.03,93.62999725341795,-0.009823967831111632,0.009823967831111632,0.016117409184946915,0.01773351262767227,0.015771159524484858,1.7599983215332031,-2.1499999999999986,7,172,-2.8166682058976127,-2.642857142857143,-9.5,3,3,2,0,1,"55,29","18,37",76.62,0.025438195632662634,-2.759998321533203,0
2020-08-12,42.6,45.09,34.7400016784668,22.28,93.44000244140624,0.025438195632662634,0.025438195632662634,0.01925983849458803,0.019275641751865077,0.016017257360345198,-2.759998321533203,-2.490000000000002,8,141,-1.3615659432080012,-3.25,-9.0,3,3,0,0,1,"61,83","61,64",80.8,0.008013241087414124,0.12999725341796875,0
2020-08-13,42.26,44.87,34.869998931884766,22.13,93.33999633789062,-0.008013241087414124,0.008013241087414124,0.01930994473252291,0.01558903613138007,0.01589668460151486,0.12999725341796875,-2.6099999999999994,26,678,-2.5843917194966575,-1.7307692307692308,-9.5,3,11,1,0,1,"88,90","9,33",140.06,0.004981625768953631,0.22999954223632812,0
2020-08-14,42.05,44.86,35.099998474121094,22.05,93.0999984741211,-0.004981625768953631,0.004981625768953631,0.016534380818045813,0.015958943331980273,0.015903444352701496,0.22999954223632812,-2.8100000000000023,11,250,-6.908841709206659,-4.7727272727272725,-9.5,2,3,2,0,1,"44,29","26,49",58.92,0.019779312109832047,-2.6699981689453125,0
2020-08-17,42.89,44.91,32.43000030517578,21.35,92.8499984741211,0.019779312109832047,0.019779312109832047,0.016759488697693045,0.016128408749387667,0.016374196349162637,-2.6699981689453125,-2.019999999999996,13,352,-4.13929692706435,-2.853846153846154,-9.2,5,5,2,0,1,"65,55","30,16",92.24,0.0,-0.7299995422363281,0
2020-08-18,42.89,45.34,31.700000762939453,21.51,92.2699966430664,0.0,0.0,0.015163211199112158,0.015222155597581232,0.015681757812672805,-0.7299995422363281,-2.450000000000003,4,146,-3.4232294282888263,-0.6000000000000001,-7.2,2,2,0,0,1,"84,10","37,26",108.78,0.00046620047464404716,1.1499977111816406,0
2020-08-19,42.91,45.21,32.849998474121094,22.54,92.88999938964844,0.00046620047464404716,0.00046620047464404716,0.010839197222959087,0.01473400508237695,0.0156785883081237,1.1499977111816406,-2.3000000000000043,4,92,-0.9412599668375503,0.75,-7.5,0,3,0,0,1,"46,66","46,51",69.83,0.006781272332962184,-0.01999664306640625,0
2020-08-20,42.62,44.56,32.83000183105469,22.72,92.79000091552734,-0.006781272332962184,0.006781272332962184,0.010581231384916305,0.014679490827918841,0.014883075079658484,-0.01999664306640625,-1.9400000000000048,14,296,-3.347856777362083,-3.6357142857142857,-9.5,8,4,3,0,1,"122,02","36,04",180.38,0.007063839120427099,0.8499984741210938,0
2020-08-21,42.32,43.94,33.68000030517578,22.54,93.25,-0.007063839120427099,0.007063839120427099,0.01094450753878526,0.01331310217817299,0.014984933670675462,0.8499984741210938,-1.6199999999999974,12,405,-9.267943930067082,-5.958333333333333,-10.0,6,2,2,0,1,"166,30","17,92",261.62,0.0028315261957383604,-1.4300003051757812,0
2020-08-24,42.44,44.43,32.25,22.37,93.3000030517578,0.0028315261957383604,0.0028315261957383604,0.004524071614727045,0.01208274717768901,0.014956501469623426,-1.4300003051757812,-1.990000000000002,1,10,-7.70660694288914,-7.5,-7.5,0,0,0,0,1,"71,24","0,00",118.47,0.01705449582160384,0.779998779296875,0
2020-08-25,43.17,46.01,33.029998779296875,22.03,93.0199966430664,0.01705449582160384,0.01705449582160384,0.009829873981494545,0.012348308174615609,0.014920021649726235,0.779998779296875,-2.8399999999999963,21,582,-5.567812369698935,-3.7666666666666666,-10.0,7,7,4,0,1,"85,98","45,11",105.36,0.0009261403764556351,0.7600021362304688,0
2020-08-26,43.21,45.79,33.790000915527344,23.27,93.01000213623048,0.0009261403764556351,0.0009261403764556351,0.009822253078279358,0.009751737454810958,0.014906124974762049,0.7600021362304688,-2.5799999999999983,5,178,-2.7633403374390872,-7.3,-9.0,2,0,0,0,1,"105,67","36,64",152.82,0.007666433181295248,-0.049999237060546875,0
2020-08-27,42.88,44.84,33.7400016784668,24.47,93.01000213623048,-0.007666433181295248,0.007666433181295248,0.010012557712035573,0.009715002293083998,0.012843333497797317,-0.049999237060546875,-1.9600000000000009,3,71,-6.254371090387431,-4.733333333333333,-9.0,2,1,0,0,1,"142,09","97,39",162.46,0.0018639334380627327,-1.6800003051757812,0
2020-08-28,42.96,45.22,32.060001373291016,22.96,92.37000274658205,0.0018639334380627327,0.0018639334380627327,0.008901145366345927,0.009448471215482946,0.012834253840607598,-1.6800003051757812,-2.259999999999998,16,461,-3.466676257043236,-6.225,-10.0,9,1,2,0,1,"64,11","17,04",106.63,0.008180482688788581,0.529998779296875,0
2020-08-31,42.61,,32.59000015258789,26.41,92.13999938964844,-0.008180482688788581,0.008180482688788581,0.01021868459252259,0.007606362612574131,0.012601927419545661,0.529998779296875,,5,110,-2.6820073785830916,-4.720000000000001,-9.2,1,1,0,0,1,"88,63","66,27",101.34,0.0035141186450238786,-0.8500003814697266,0
2020-09-01,42.76,45.72,31.739999771118164,26.12,92.33999633789062,0.0035141186450238786,0.0035141186450238786,0.0055714180070391495,0.007720306578463403,0.01186039880332622,-0.8500003814697266,-2.960000000000001,4,109,-2.422790315349689,-4.85,-9.2,2,1,0,0,1,"106,37","80,79",126.35,0.0,3.750001907348633,1
2020-09-02,42.76,42.7,35.4900016784668,26.57,92.8499984741211,0.0,0.0,0.005468051541902707,0.007716548487451041,0.011488618435348113,3.750001907348633,0.05999999999999517,3,83,-5.403270754401149,-8.066666666666666,-10.0,2,0,1,0,1,"109,21","90,72",105.94,0.03256378039620338,5.789997100830085,1
2020-09-03,41.39,42.72,41.27999877929688,33.6,92.73999786376952,-0.03256378039620338,0.03256378039620338,0.014941465727133292,0.012761876161604986,0.013590192925303637,5.789997100830085,-1.3299999999999983,2,48,-3.411336150878951,-8.0,-9.5,1,0,1,0,1,"94,24","84,56",125.38,0.041940038965667156,2.7400016784667898,1
2020-09-04,39.69,41.1,44.02000045776367,30.75,92.72000122070312,-0.041940038965667156,0.041940038965667156,0.020279622783168454,0.017791877973947354,0.016004732634160926,2.7400016784667898,-1.4100000000000037,6,104,-2.6795111081005696,-4.883333333333334,-9.0,1,1,0,0,1,"94,90","36,04",127.77,0.07370105454892084,11.880001068115234,1
2020-09-08,36.87,38.53,55.900001525878906,31.46,93.4800033569336,-0.07370105454892084,0.07370105454892084,0.031923651896879665,0.027294664840870824,0.02198374173860083,11.880001068115234,-1.6600000000000037,3,41,-6.202934050963356,-3.1666666666666665,-6.5,0,1,0,0,0,"68,60","29,31",89.64,0.03150287206164169,-6.480003356933594,1
2020-09-09,38.05,39.98,49.41999816894531,28.81,93.26000213623048,0.03150287206164169,0.03150287206164169,0.04037255133370107,0.02942456550185029,0.023536534684171884,-6.480003356933594,-1.9299999999999997,18,360,-4.018767282025138,-4.788888888888889,-9.0,7,3,0,0,1,"47,32","25,73",64.39,0.021249139482126273,2.740001678466797,1
2020-09-10,37.25,39.27,52.15999984741211,29.71,93.33999633789062,-0.021249139482126273,0.021249139482126273,0.03837012347419416,0.029123943874312105,0.02272519528462136,2.740001678466797,-2.020000000000003,11,245,-4.436597313323746,-1.4181818181818182,-9.2,5,5,0,0,1,"145,25","140,13",124.67,0.0021453481009238683,-2.029998779296875,0
2020-09-11,37.33,38.8,50.130001068115234,26.87,93.33000183105467,0.0021453481009238683,0.0021453481009238683,0.040334814560726046,0.029554640737924097,0.022807912713701122,-2.029998779296875,-1.4699999999999989,5,82,-4.233613100764456,-3.1,-10.0,3,2,2,0,1,"145,95","88,18",205.94,0.002682405041866987,-0.720001220703125,0
2020-09-14,37.23,38.57,49.40999984741211,25.85,93.06999969482422,-0.002682405041866987,0.002682405041866987,0.038951251535927184,0.029319908389252528,0.022820179821364237,-0.720001220703125,-1.3400000000000034,18,431,-1.776123711997854,-0.8166666666666667,-10.0,3,9,2,0,1,"67,31","47,93",71.96,0.028073877604577576,-4.220001220703132,1
2020-09-15,38.29,39.54,45.18999862670898,25.59,93.0500030517578,0.028073877604577576,0.028073877604577576,0.022126184222646818,0.032257114822871275,0.023383434005117148,-4.220001220703132,-1.25,12,372,0.6119386761330113,-2.9499999999999997,-10.0,7,4,1,0,1,"115,94","33,02",165.27,0.04793168288198765,-4.059997558593743,1
2020-09-16,40.17,41.23,41.130001068115234,26.04,93.20999908447266,0.04793168288198765,0.04793168288198765,0.02720737346648869,0.03712164331416012,0.02627313343123069,-4.059997558593743,-1.0599999999999952,6,152,-2.8131937100653914,-4.666666666666667,-10.0,3,2,3,0,1,"82,47","54,81",121.91,0.020207686145055376,-2.4000015258789062,0
2020-09-17,40.99,42.35,38.72999954223633,26.46,92.97000122070312,0.020207686145055376,0.020207686145055376,0.020463079970588847,0.038038268813969794,0.026786940011981293,-2.4000015258789062,-1.3599999999999994,5,252,-4.920387644239897,-1.2,-10.0,1,2,1,0,1,"100,08","29,93",141.47,0.002436648379072157,0.3400001525878906,0
2020-09-18,41.09,42.16,39.06999969482422,25.83,92.93000030517578,0.002436648379072157,0.002436648379072157,0.02040294177895629,0.0367289649493197,0.02678487662961538,0.3400001525878906,-1.0699999999999932,3,80,-4.454634785456936,-3.6666666666666665,-9.0,2,1,0,0,1,"86,34","18,12",143.58,0.04555859404700348,3.8199996948242188,1
2020-09-21,39.26,40.37,42.88999938964844,27.78,93.54000091552734,-0.04555859404700348,0.04555859404700348,0.035396768589282535,0.03719497632284021,0.02850856352658358,3.8199996948242188,-1.1099999999999994,8,170,-3.4633934335726506,-2.6125,-9.0,3,3,0,0,1,"52,92","31,65",70.4,0.007359505365347801,-1.6100006103515554,0
2020-09-22,39.55,40.84,41.27999877929688,26.86,93.98999786376952,0.007359505365347801,0.007359505365347801,0.03402877005783605,0.027065828420224067,0.028581489643552758,-1.6100006103515554,-1.2900000000000063,3,52,-5.713158200142422,0.7666666666666666,-5.0,0,2,0,0,0,"94,39","35,85",156.97,0.009311757229600379,3.3600006103515554,1
2020-09-23,39.92,41.09,44.63999938964844,28.58,94.38999938964844,0.009311757229600379,0.009311757229600379,0.025607369378741477,0.025710965795945964,0.028339463656075852,3.3600006103515554,-1.1700000000000017,19,565,-2.6138876374297118,-3.7052631578947373,-10.0,7,7,3,0,1,"62,17","35,41",73.85,0.0047482283386981565,-1.7599983215332031,0
2020-09-24,40.11,41.24,42.880001068115234,28.51,94.3499984741211,0.0047482283386981565,0.0047482283386981565,0.02318803707111851,0.02404501666338256,0.028386664010678513,-1.7599983215332031,-1.1300000000000026,18,315,-5.47133243670358,-6.572222222222222,-10.0,12,2,4,0,1,"64,87","68,98",86.3,0.0012473495442892311,-1.470001220703125,0
2020-09-25,40.06,40.91,41.40999984741211,26.38,94.58000183105467,-0.0012473495442892311,0.0012473495442892311,0.02297642156102437,0.024151056712653517,0.028376009431928046,-1.470001220703125,-0.8499999999999943,10,311,-2.9681975061355748,1.1,-9.0,1,7,0,0,1,"55,35","25,47",70.81,0.010182628650101985,-0.7700004577636719,0
2020-09-28,40.47,41.59,40.63999938964844,26.19,94.26000213623048,0.010182628650101985,0.010182628650101985,0.004592826160544698,0.023916047840225198,0.0285178630088901,-0.7700004577636719,-1.1200000000000045,3,40,-2.0985152591072493,-5.3999999999999995,-10.0,2,1,2,0,1,"104,41","85,16",134.17,0.03623037769525053,5.490001678466797,1
2020-09-29,39.03,40.33,46.130001068115234,26.27,93.88999938964844,-0.03623037769525053,0.03623037769525053,0.019313874072639348,0.026524574619254157,0.029460946630087092,5.490001678466797,-1.2999999999999972,20,471,-9.029214862961224,-7.25,-9.0,9,1,1,0,1,"105,16","104,84",95.39,0.025798092321844535,-2.1300010681152344,0
2020-09-30,40.05,40.3,44.0,26.37,93.88999938964844,0.025798092321844535,0.025798092321844535,0.022933900812246368,0.02293909499159561,0.030187941537357658,-2.1300010681152344,-0.25,7,135,-3.6858443511065024,-2.0,-7.0,0,3,0,0,0,"104,96","125,57",76.8,0.039210725687550664,5.349998474121087,1
2020-10-01,38.51,39.75,49.34999847412109,26.7,93.70999908447266,-0.039210725687550664,0.039210725687550664,0.028676997590649664,0.024667434835621657,0.031219765589771152,5.349998474121087,-1.240000000000002,5,129,-1.9756103104830354,-1.9,-6.5,2,2,0,0,0,"76,00","53,48",96.65,0.04270639678033607,6.1599998474121165,1
2020-10-02,36.9,38.0,55.5099983215332,27.63,93.83999633789062,-0.04270639678033607,0.04270639678033607,0.03198792419017666,0.026929895645114894,0.031764690994144605,6.1599998474121165,-1.1000000000000014,11,268,-0.7868751387830069,-0.7909090909090909,-7.5,1,5,0,0,1,"101,93","25,40",148.32,0.05842229412013499,-6.069999694824226,1
2020-10-05,39.12,39.78,49.43999862670898,27.96,93.51000213623048,0.05842229412013499,0.05842229412013499,0.04615856857469896,0.03165797438246245,0.033618542900595696,-6.069999694824226,-0.6600000000000037,4,46,1.0480534536254889,-5.575,-10.0,2,1,2,0,1,"66,92","9,53",111.29,0.03516183421386613,-2.8400001525878906,1
2020-10-06,40.52,41.27,46.59999847412109,29.48,93.83000183105467,0.03516183421386613,0.03516183421386613,0.045813893147839554,0.03357380806171886,0.029774016916166848,-2.8400001525878906,-0.75,8,138,-6.804047142888436,-5.875,-9.2,3,1,0,0,1,"85,71","68,35",114.03,0.017426380744432424,-1.0999984741210866,0
2020-10-07,39.82,40.62,45.5,28.06,93.62999725341795,-0.017426380744432424,0.017426380744432424,0.04557378916795001,0.034025897568537015,0.02946610322426403,-1.0999984741210866,-0.7999999999999972,4,100,-1.8149941839695822,-1.75,-7.0,0,2,0,0,0,"83,25","43,68",102.02,0.030177902226463854,-4.349998474121094,1
2020-10-08,41.04,42.0,41.150001525878906,26.36,93.61000061035156,0.030177902226463854,0.030177902226463854,0.0414668648494384,0.03536493072824257,0.029549144428689108,-4.349998474121094,-0.9600000000000009,2,48,-10.2790788446527,-7.75,-9.0,1,0,0,0,1,"113,65","16,78",175.0,0.014727806710243511,1.2299995422363281,0
2020-10-09,40.44,41.63,42.380001068115234,25.0,93.05999755859376,-0.014727806710243511,0.014727806710243511,0.03317533899969344,0.03576945248922433,0.02986940897940217,1.2299995422363281,-1.1900000000000048,8,200,-5.078492798030097,-4.775,-9.2,4,2,0,0,1,"81,57","27,11",113.04,0.030632573384070473,1.6599998474121094,1
2020-10-12,39.22,40.5,44.040000915527344,25.07,93.06999969482422,-0.030632573384070473,0.030632573384070473,0.030019570365278966,0.03690864385783998,0.030836762102738342,1.6599998474121094,-1.2800000000000011,0,0,0.0,0.0,0.0,0,0,0,0,0,"67,72","56,26",93.85,0.020442352236282067,2.029998779296875,1
2020-10-13,40.03,41.34,46.06999969482422,26.07,93.52999877929688,0.020442352236282067,0.020442352236282067,0.026258010019504355,0.035590125346074,0.030550894570878305,2.029998779296875,-1.3100000000000023,4,96,-2.5062283548572464,2.475,-5.6,0,3,0,0,0,"78,09","0,00",129.86,0.02052241638499371,-2.5400009155273366,0
2020-10-14,40.86,41.81,43.52999877929688,26.4,93.37999725341795,0.02052241638499371,0.02052241638499371,0.026325285664866555,0.03524430823225003,0.028966181620445543,-2.5400009155273366,-0.9500000000000028,6,90,-4.401213974235698,3.1333333333333333,-10.0,1,5,1,0,1,"47,69","17,29",64.9,0.0004895960930111225,0.3000030517578054,0
2020-10-15,40.84,41.61,43.83000183105469,26.97,93.86000061035156,-0.0004895960930111225,0.0004895960930111225,0.022303524584680285,0.03220975609366194,0.028605735493491508,0.3000030517578054,-0.769999999999996,4,247,-8.659045357940828,-4.775,-9.5,1,1,1,0,1,"107,97","51,67",143.65,0.0034339008479155396,0.22999954223632812,0
2020-10-16,40.7,41.34,44.060001373291016,27.41,93.68000030517578,-0.0034339008479155396,0.0034339008479155396,0.021102316152255097,0.027707866685923562,0.028607556036636613,0.22999954223632812,-0.6400000000000006,0,0,0.0,0.0,0.0,0,0,0,0,0,"123,50","61,56",176.05,0.00024573043495083836,-0.710002899169929,0
2020-10-19,40.69,41.29,43.34999847412109,29.18,93.43000030517578,-0.00024573043495083836,0.00024573043495083836,0.012045421650333458,0.021864030534159494,0.026571134488605878,-0.710002899169929,-0.6000000000000014,5,172,-6.0188598713934045,-4.62,-10.0,2,1,1,0,1,"95,22","69,94",100.01,0.016573618459721613,0.5,0
2020-10-20,41.37,41.62,43.84999847412109,29.35,93.06999969482422,0.016573618459721613,0.016573618459721613,0.01108051483375056,0.019585664519439112,0.026752069784437827,0.5,-0.25,6,278,-1.123557517975453,3.9000000000000004,-5.8,0,5,0,0,0,"98,67","103,05",85.96,0.03668103537968244,3.730003356933601,1
2020-10-21,39.88,40.09,47.58000183105469,28.65,92.61000061035156,-0.03668103537968244,0.03668103537968244,0.019457671087099376,0.02245260741034754,0.02805796358765466,3.730003356933601,-0.21000000000000085,5,156,-1.9108265865854583,-4.9399999999999995,-7.2,4,1,0,0,1,"72,01","62,82",67.37,0.014438886645961864,-0.970001220703125,0
2020-10-22,40.46,41.28,46.61000061035156,28.11,92.9499969482422,0.014438886645961864,0.014438886645961864,0.02134853078393392,0.02058807556157009,0.028228344210052197,-0.970001220703125,-0.8200000000000003,5,80,-5.667108353273074,-5.9,-6.5,0,0,0,0,0,"101,61","105,35",81.11,0.01820726191309192,-0.29000091552734375,0
2020-10-23,39.73,40.71,46.31999969482422,27.55,92.7699966430664,-0.01820726191309192,0.01820726191309192,0.02260453401447609,0.02086544261302589,0.028534605512822695,-0.29000091552734375,-0.980000000000004,1,10,-3.87184569047582,-7.0,-7.0,0,0,0,0,0,"65,73","52,42",65.58,0.034309560813801196,6.729999542236328,1
2020-10-26,38.39,39.06,53.04999923706055,32.46,93.0500030517578,-0.034309560813801196,0.034309560813801196,0.025788601754404682,0.021454638659037344,0.02938665105235074,6.729999542236328,-0.6700000000000017,1,25,-4.94991740583209,-5.0,-5.0,1,0,0,0,0,"89,93","29,89",124.64,0.024444803948206684,-2.829998016357422,0
2020-10-27,39.34,39.72,50.220001220703125,33.35,92.94000244140624,0.024444803948206684,0.024444803948206684,0.02807968795803003,0.02195422695515945,0.028863481256299173,-2.829998016357422,-0.37999999999999545,7,145,-0.7828260014870477,-4.571428571428571,-10.0,6,1,1,0,1,"130,45","65,03",185.96,0.05405309946974598,9.389999389648438,1
2020-10-28,37.27,37.86,59.61000061035156,40.28,93.41000366210938,-0.05405309946974598,0.05405309946974598,0.03286385784500482,0.02586927756018871,0.030633201747071966,9.389999389648438,-0.5899999999999963,1,70,-1.81038353127135,3.5,3.5,0,1,0,0,0,"81,79","54,36",113.35,0.0363378321357542,3.770000457763672,1
2020-10-29,35.94,36.56,63.380001068115234,37.59,93.95999908447266,-0.0363378321357542,0.0363378321357542,0.029756008945847633,0.026988316513621383,0.03046367973807849,3.770000457763672,-0.6200000000000045,7,160,-7.365024987046641,-3.2142857142857144,-9.0,2,3,0,0,1,"89,64","51,07",106.49,0.008382278752804388,5.459995269775391,1
2020-10-30,35.64,36.33,68.83999633789062,38.02,94.04000091552734,-0.008382278752804388,0.008382278752804388,0.03052331495142813,0.026842863308431917,0.029070934581911585,5.459995269775391,-0.6899999999999977,7,208,-3.807803416623311,-8.328571428571427,-9.2,4,0,0,0,1,"80,36","89,01",66.82,0.026579637804712102,-2.1099929809570312,0
2020-11-02,36.6,37.78,66.7300033569336,37.13,94.0500030517578,0.026579637804712102,0.026579637804712102,0.035918222425852735,0.029498728711035704,0.026347125772224204,-2.1099929809570312,-1.1799999999999997,2,54,-8.074539205821244,-2.75,-9.0,1,1,0,0,1,"56,63","56,45",54.93,0.02269141120207067,-3.1000022888183594,0
2020-11-03,37.44,38.17,63.630001068115234,35.55,93.5500030517578,0.02269141120207067,0.02269141120207067,0.035509585664222534,0.03018031760170993,0.02552293562089591,-3.1000022888183594,-0.730000000000004,0,0,0.0,0.0,0.0,0,0,0,0,0,"162,63","179,20",142.35,0.04005246774122653,-9.100002288818352,1
2020-11-04,38.97,39.68,54.52999877929688,29.57,93.41000366210938,0.04005246774122653,0.04005246774122653,0.0308965424396348,0.032316858718453134,0.02711255300722586,-9.100002288818352,-0.7100000000000009,7,286,-3.927127038436046,-2.857142857142857,-9.0,1,3,0,0,1,"129,57","94,72",136.47,0.010576649608272934,-0.8400001525879048,0
2020-11-05,38.56,39.47,53.68999862670898,27.58,92.52999877929688,-0.010576649608272934,0.010576649608272934,0.02245813056883103,0.031841159121775,0.026154295524266943,-0.8400001525879048,-0.9099999999999966,6,132,-3.7550839465206542,-5.666666666666667,-9.0,2,1,0,0,1,"69,65","86,79",72.39,0.0421086967938044,2.0600013732910227,1
2020-11-06,36.97,38.08,55.75,24.86,92.2300033569336,-0.0421086967938044,0.0421086967938044,0.033324593837294005,0.03379566187627477,0.027477239273031456,2.0600013732910227,-1.1099999999999994,4,78,-1.9121417873954238,-3.275,-9.0,1,1,0,0,1,"62,93","89,62",67.27,0.08002190056582763,-3.549999237060547,1
2020-11-09,40.05,40.93,52.20000076293945,25.75,92.7300033569336,0.08002190056582763,0.08002190056582763,0.04686340753063319,0.041958815197404416,0.032598526412980416,-3.549999237060547,-0.8800000000000026,0,0,0.0,0.0,0.0,0,0,0,0,0,"105,40","80,06",116.86,0.027824028085275187,-2.5600013732910156,0
2020-11-10,41.18,42.25,49.63999938964844,24.8,92.75,0.027824028085275187,0.027824028085275187,0.04704727453885868,0.04215283844625838,0.032870333994919676,-2.5600013732910156,-1.0700000000000003,8,221,-7.460592508562048,-3.25,-9.0,3,2,0,0,1,"58,59","44,93",59.96,0.001213445119165282,-0.3999977111816406,0
2020-11-11,41.23,42.5,49.2400016784668,23.45,93.04000091552734,0.001213445119165282,0.001213445119165282,0.045903581636898276,0.036909491884199584,0.03256173824889695,-0.3999977111816406,-1.2700000000000031,5,77,-3.4787756371346603,-6.640000000000001,-9.0,2,0,0,0,1,"97,93","76,40",113.3,0.008036083670052593,1.6599998474121094,1
2020-11-12,40.9,42.16,50.900001525878906,25.35,92.95999908447266,-0.008036083670052593,0.008036083670052593,0.045614385569816084,0.033917005628065794,0.0326168857182369,1.6599998474121094,-1.259999999999998,1,40,-7.650532987611671,-5.0,-5.0,1,0,0,0,0,"52,86","17,57",80.58,0.024002141973626042,-2.6599998474121094,0
2020-11-13,39.93,41.51,48.2400016784668,23.1,92.76000213623048,-0.024002141973626042,0.024002141973626042,0.040722793268761937,0.0353373838457657,0.03305461312145956,-2.6599998474121094,-1.5799999999999983,1,26,-3.2455732886412503,-5.8,-5.8,0,0,0,0,0,"69,19","77,60",57.54,0.02985296314968113,-1.3500022888183594,1
2020-11-16,41.14,42.71,46.88999938964844,22.45,92.56999969482422,0.02985296314968113,0.02985296314968113,0.02325576064564598,0.03550871299195043,0.033766125194007755,-1.3500022888183594,-1.5700000000000003,1,60,1.97600329489423,3.5,3.5,0,1,0,0,0,"70,60","97,45",63.22,0.0024277749239481365,-1.80999755859375,0
2020-11-17,41.24,42.54,45.08000183105469,22.71,92.41999816894533,0.0024277749239481365,0.0024277749239481365,0.01961392009869594,0.035389337457288284,0.03356034263432233,-1.80999755859375,-1.2999999999999972,3,90,-1.7773475529160303,-3.1,-7.0,0,1,0,0,0,"45,82","36,54",53.34,0.009652584598008973,0.9799995422363281,0
2020-11-18,41.64,42.91,46.060001373291016,23.84,92.31999969482422,0.009652584598008973,0.009652584598008973,0.020070904067549043,0.03375721994427196,0.0324885014896635,0.9799995422363281,-1.269999999999996,7,243,-3.202875788239467,-3.5,-10.0,2,2,2,0,1,"109,74","105,35",128.43,0.0016824904822220722,0.279998779296875,0
2020-11-19,41.57,43.09,46.34000015258789,23.11,92.29000091552734,-0.0016824904822220722,0.0016824904822220722,0.019470461577210448,0.03336851827766126,0.03236756701845684,0.279998779296875,-1.5200000000000031,17,468,-3.895411439454517,-0.7294117647058824,-7.2,7,8,0,0,1,"49,04","35,56",51.9,0.01005274143155584,-2.4000015258789134,0
2020-11-20,41.99,43.79,43.93999862670898,23.7,92.38999938964844,0.01005274143155584,0.01005274143155584,0.01212501927858019,0.02846602422228055,0.032084317251477486,-2.4000015258789134,-1.7999999999999972,5,252,-5.639820088188768,-5.16,-5.8,4,0,0,0,0,"94,16","42,67",128.12,0.021673404307331376,-1.1499977111816335,0
2020-11-23,42.91,45.0,42.790000915527344,22.66,92.51000213623048,0.021673404307331376,0.021673404307331376,0.008913540192745931,0.01668149076688352,0.031106629344453178,-1.1499977111816335,-2.0900000000000034,2,40,-4.091281437550308,-0.75,-5.0,0,1,0,0,0,"36,76","54,96",45.84,0.04109229124245599,0.049999237060546875,1
2020-11-24,44.71,46.63,42.84000015258789,21.64,92.2300033569336,0.04109229124245599,0.04109229124245599,0.01620197732062192,0.018909743066351358,0.031852205363358435,0.049999237060546875,-1.9200000000000017,5,102,-1.2762994509196477,5.68,3.5,0,5,0,0,0,"104,29","128,73",82.59,0.019271833571648952,0.720001220703125,0
2020-11-25,45.58,47.3,43.560001373291016,21.25,91.98999786376952,0.019271833571648952,0.019271833571648952,0.015802622156503403,0.019027714995398095,0.028579808397908205,0.720001220703125,-1.7199999999999989,6,156,-6.17515180446733,-4.333333333333333,-10.0,2,2,2,0,1,"23,36","9,32",31.08,0.008371936979352627,3.80999755859375,1
2020-11-30,45.2,46.84,47.369998931884766,20.57,91.87000274658205,-0.008371936979352627,0.008371936979352627,0.018021594594013066,0.019063409571584138,0.026820015922385546,3.80999755859375,-1.6400000000000006,6,99,-2.280499701477276,-2.733333333333333,-10.0,2,2,1,0,1,"46,80","20,74",69.19,0.01470942500896404,0.44000244140625,0
2020-12-01,44.54,47.03,47.810001373291016,20.77,91.30999755859376,-0.01470942500896404,0.01470942500896404,0.023027195917611362,0.017373537076013156,0.02710224519982418,0.44000244140625,-2.490000000000002,4,99,-3.7148571586397847,-8.6,-10.0,4,0,2,0,1,"129,66","41,70",180.85,0.015372921660530102,-2.1300010681152344,0
2020-12-02,45.23,47.8,45.68000030517578,21.17,91.12000274658205,0.015372921660530102,0.015372921660530102,0.022517987145197395,0.01618344621326539,0.02688130960425736,-2.1300010681152344,-2.5700000000000003,6,158,-2.7918725167320604,1.05,-7.2,1,4,0,0,1,"92,27","36,80",130.44,0.009243023551225676,-4.729999542236328,0
2020-12-03,45.65,48.37,40.95000076293945,21.28,90.70999908447266,0.009243023551225676,0.009243023551225676,0.014941878152303554,0.01599597369784399,0.02673033036428217,-4.729999542236328,-2.719999999999999,7,232,-3.44071744620394,-5.185714285714285,-10.0,3,1,1,0,1,"67,79","63,07",90.19,0.012625330959156548,-2.6100006103515625,0
2020-12-04,46.23,49.1,38.34000015258789,20.79,90.6999969482422,0.012625330959156548,0.012625330959156548,0.013486243597890185,0.0160131204498106,0.02578970454189893,-2.6100006103515625,-2.8700000000000045,6,98,-3.811182095718775,-5.983333333333333,-9.2,5,1,1,0,1,"38,67","25,70",42.87,0.01109309907352418,-0.6599998474121094,0
2020-12-07,45.72,48.63,37.68000030517578,21.3,90.79000091552734,-0.01109309907352418,0.01109309907352418,0.014092677246170407,0.017048817113318203,0.025810105323395303,-0.6599998474121094,-2.9100000000000037,1,10,0.689696409084342,3.5,3.5,0,1,0,0,0,"55,04","0,00",91.54,0.0017513139327349518,0.020000457763671875,0
2020-12-08,45.64,48.84,37.70000076293945,20.68,90.97000122070312,-0.0017513139327349518,0.0017513139327349518,0.011048096529139018,0.01741226676180779,0.023076747925721224,0.020000457763671875,-3.200000000000003,6,167,0.3101433468363358,-3.9,-9.0,3,2,1,0,1,"78,98","34,99",102.15,0.0035118561115396593,1.8199996948242188,1
2020-12-09,45.48,48.81,39.52000045776367,22.27,91.08999633789062,-0.0035118561115396593,0.0035118561115396593,0.009710985145905553,0.017087044487473137,0.01644447459168763,1.8199996948242188,-3.3300000000000054,5,136,-0.2464814402217252,-7.18,-7.5,2,0,0,0,1,"62,74","8,34",104.34,0.027755467721532326,0.18000030517578125,0
2020-12-10,46.76,50.33,39.70000076293945,22.52,90.79000091552734,0.027755467721532326,0.027755467721532326,0.015433619528645038,0.014325040092522801,0.01643977056076005,0.18000030517578125,-3.5700000000000003,9,206,0.43973625348438306,-1.2444444444444445,-7.0,0,4,0,0,0,"95,42","27,18",143.58,0.0036422107751621358,-0.19000244140625,0
2020-12-11,46.59,50.01,39.5099983215332,23.31,90.9800033569336,-0.0036422107751621358,0.0036422107751621358,0.015083555587389526,0.013505839925122628,0.016555127850503386,-0.19000244140625,-3.4199999999999946,5,110,-6.198924445858924,-2.9,-10.0,2,2,2,0,1,"42,85","42,72",35.63,0.00918711728321807,0.4500007629394531,0
2020-12-14,47.02,50.27,39.959999084472656,24.72,90.70999908447266,0.00918711728321807,0.00918711728321807,0.013474216877807664,0.013115652866118838,0.016225165433989157,0.4500007629394531,-3.25,9,816,-1.1865452586077587,-7.922222222222222,-9.2,4,0,0,0,1,"29,80","19,80",33.04,0.011839461762888082,-0.6199989318847656,0
2020-12-15,47.58,50.77,39.34000015258789,22.89,90.47000122070312,0.011839461762888082,0.011839461762888082,0.01298039924402313,0.011507948673921272,0.01451300120928286,-0.6199989318847656,-3.190000000000005,1,12,1.1918016194332,6.0,6.0,0,1,0,0,0,"89,53","46,98",125.38,0.005867577605415738,-0.6599998474121094,0
2020-12-16,47.86,50.83,38.68000030517578,22.5,90.4499969482422,0.005867577605415738,0.005867577605415738,0.011426776504647008,0.011087932900306435,0.013643598522666455,-0.6599998474121094,-2.969999999999999,1,18,-4.03421058074307,-5.8,-5.8,0,0,0,0,0,"52,51","8,72",80.05,0.009979292795109864,-1.8199996948242188,0
2020-12-17,48.34,51.2,36.86000061035156,21.93,89.81999969482422,0.009979292795109864,0.009979292795109864,0.0061439682831898185,0.011116834987931416,0.013598364636304141,-1.8199996948242188,-2.8599999999999994,7,348,-1.9306726853850111,-1.8571428571428572,-10.0,2,4,2,0,1,"93,12","70,73",125.37,0.01437691635261899,0.29000091552734375,0
2020-12-18,49.04,52.17,37.150001525878906,21.57,90.0199966430664,0.01437691635261899,0.01437691635261899,0.003160951413558091,0.011250621932027763,0.013670475130298378,0.29000091552734375,-3.1300000000000026,7,154,-4.341715790551541,-2.0714285714285716,-10.0,1,3,1,0,1,"79,99","0,00",133.03,0.02581987903788906,4.409999847412109,1
2020-12-21,47.79,50.61,41.560001373291016,25.16,90.04000091552734,-0.02581987903788906,0.02581987903788906,0.016543730484853036,0.014278607187803789,0.01552635800881524,4.409999847412109,-2.8200000000000003,4,154,-3.805523654194534,-7.8,-8.0,4,0,3,0,1,"91,12","64,12",106.97,0.016243369478143265,0.5,0
2020-12-22,47.02,49.88,42.060001373291016,24.23,90.6500015258789,-0.016243369478143265,0.016243369478143265,0.01762944348259561,0.01564547822412618,0.016343629133905732,0.5,-2.8599999999999994,5,100,-3.560898652873338,-5.64,-9.0,3,1,2,0,1,"62,68","48,07",72.17,0.01937718589431471,-2.170001983642578,0
2020-12-23,47.94,51.05,39.88999938964844,23.31,90.41000366210938,0.01937718589431471,0.01937718589431471,0.020073070700161264,0.01625291135183449,0.016232885839205874,-2.170001983642578,-3.1099999999999994,5,86,-2.8339938201974832,-6.4799999999999995,-7.2,3,0,0,0,1,"68,60","39,08",97.79,0.004993768180486974,-0.4799995422363281,0
2020-12-24,48.18,50.88,39.40999984741211,21.53,90.33000183105467,0.004993768180486974,0.004993768180486974,0.019592241045846333,0.014220417799434197,0.013913201783633125,-0.4799995422363281,-2.700000000000003,6,118,-3.59210162307922,-1.6166666666666665,-10.0,3,3,1,0,1,"55,00","42,18",56.29,0.0142142861461298,0.2599983215332031,0
2020-12-28,47.5,50.88,39.66999816894531,21.7,90.33999633789062,-0.0142142861461298,0.0142142861461298,0.018230237334210583,0.015132160166114423,0.01396017059330062,0.2599983215332031,-3.3800000000000026,1,22,-0.0921375921375918,-9.0,-9.0,1,0,0,0,1,"41,41","16,51",55.09,0.007341406858367855,-1.029998779296875,0
2020-12-29,47.85,50.44,38.63999938964844,23.08,90.01000213623047,0.007341406858367855,0.007341406858367855,0.01516482306234201,0.015044871820391296,0.013783033100425578,-1.029998779296875,-2.5899999999999963,2,100,-3.4792655642493298,-8.25,-9.5,1,0,1,0,1,"69,01","22,93",105.21,0.00811743451996671,-0.6300010681152344,0
2020-12-30,48.24,50.74,38.0099983215332,22.77,89.62999725341797,0.00811743451996671,0.00811743451996671,0.012155421824251915,0.014811758522315973,0.013184693059543104,-0.6300010681152344,-2.5,3,64,-4.793472514909187,-2.9,-7.2,1,1,0,0,1,"59,15","53,61",89.43,0.0022776694803732225,-0.17999649047851562,0
2020-12-31,48.35,51.22,37.83000183105469,22.75,89.94000244140625,0.0022776694803732225,0.0022776694803732225,0.009184987757225288,0.01473414489086166,0.012911998796423884,-0.17999649047851562,-2.8699999999999974,3,122,-4.0471047264911615,-7.3999999999999995,-10.0,3,0,1,0,1,"80,79","46,03",95.98,0.018368289336076666,4.289997100830078,1
2021-01-04,47.47,50.37,42.119998931884766,26.97,89.87999725341797,-0.018368289336076666,0.018368289336076666,0.01245326897771047,0.015524371316365054,0.013699210329917047,4.289997100830078,-2.8999999999999986,5,108,-3.811543333148839,3.5,3.5,0,5,0,0,0,"99,33","108,92",107.37,0.04751536437621937,-1.7299995422363281,1
2021-01-05,49.78,53.16,40.38999938964844,25.34,89.44000244140625,0.04751536437621937,0.04751536437621937,0.023877115381153693,0.021681076752265323,0.016962410183756944,-1.7299995422363281,-3.3799999999999955,10,230,-0.6982319445957943,-1.44,-10.0,3,6,2,0,1,"121,85","71,99",150.11,0.013369449860171962,-1.0799980163574219,0
2021-01-06,50.45,53.8,39.310001373291016,25.07,89.52999877929688,0.013369449860171962,0.013369449860171962,0.023900829072262993,0.019640462007778633,0.016719864883932546,-1.0799980163574219,-3.3499999999999943,10,230,-5.619789354776161,-2.58,-7.5,6,3,0,0,1,"106,57","35,41",169.85,0.0035615391821998714,-3.25,0
2021-01-07,50.63,53.7,36.060001373291016,22.37,89.83000183105469,0.0035615391821998714,0.0035615391821998714,0.024104268503885598,0.01815608847758245,0.0166503145178634,-3.25,-3.0700000000000003,15,355,-5.301369284247219,-5.993333333333334,-9.2,8,1,0,0,1,"54,24","24,95",76.32,0.029388122523537764,0.5900001525878906,1
2021-01-08,52.14,55.51,36.650001525878906,21.56,90.0999984741211,0.029388122523537764,0.029388122523537764,0.025055754514359495,0.019139407228012717,0.017355820027578427,0.5900001525878906,-3.3699999999999974,10,193,-6.672937016764271,-4.82,-9.2,1,2,0,0,1,"77,74","51,67",86.19,0.0001917729414258096,-1.3400001525878906,0
2021-01-11,52.15,54.84,35.310001373291016,24.08,90.54000091552734,0.0001917729414258096,0.0001917729414258096,0.01965100524917291,0.01929393032644239,0.016688528912269476,-1.3400001525878906,-2.690000000000005,6,113,-4.25403274742552,-5.716666666666666,-9.2,4,1,0,0,1,"84,14","35,32",110.47,0.017676028017225398,-1.4600028991699219,0
2021-01-12,53.08,55.98,33.849998474121094,23.33,90.05000305175781,0.017676028017225398,0.017676028017225398,0.011657350597458224,0.017807558815599558,0.016757578483849865,-1.4600028991699219,-2.8999999999999986,8,192,-4.215365124429144,-4.5,-7.5,5,1,0,0,1,"169,88","169,35",181.62,0.0050996427451649,2.94000244140625,1
2021-01-13,52.81,55.52,36.790000915527344,22.21,90.31999969482422,-0.0050996427451649,0.0050996427451649,0.01411389027365157,0.018520202796942106,0.016941431167733133,2.94000244140625,-2.710000000000001,8,183,-3.3407135752202812,-4.5625,-10.0,4,2,2,0,1,"66,50","74,58",55.3,0.012420182241798423,1.1599998474121094,0
2021-01-14,53.47,55.76,37.95000076293945,23.25,90.23999786376952,0.012420182241798423,0.012420182241798423,0.013790301932675431,0.018525125572984125,0.01695280935788062,1.1599998474121094,-2.289999999999999,1,30,-8.90865093768902,3.5,3.5,0,1,0,0,0,"62,11","41,28",68.86,0.023080858115719825,2.4399986267089844,1
2021-01-15,52.25,54.8,40.38999938964844,24.34,90.77999877929688,-0.023080858115719825,0.023080858115719825,0.01600455982970455,0.021275695647776514,0.01814387850291191,2.4399986267089844,-2.549999999999997,5,71,-6.078861452916152,-5.86,-10.0,2,1,2,0,1,"57,97","49,54",75.75,0.011796179402438513,-5.020000457763672,0
2021-01-19,52.87,55.38,35.369998931884766,23.24,90.5,0.011796179402438513,0.011796179402438513,0.01678527576829061,0.01919684465749499,0.018177863581477022,-5.020000457763672,-2.510000000000005,3,42,-2.396651649065416,-1.0,-10.0,1,2,1,0,1,"66,67","49,85",76.23,0.005470163597685744,0.2999992370605469,0
2021-01-20,53.16,55.66,35.66999816894531,21.58,90.47000122070312,0.005470163597685744,0.005470163597685744,0.014845977660620653,0.014212970900838392,0.018031119246814935,0.2999992370605469,-2.5,8,296,-3.9819799335433235,-6.0625,-9.0,5,1,0,0,1,"87,49","23,79",132.27,0.0030143202929227013,-0.6199989318847656,0
2021-01-21,53.0,55.68,35.04999923706055,21.32,90.12999725341795,-0.0030143202929227013,0.0030143202929227013,0.01468473739099951,0.014286114536939778,0.01671706810065917,-0.6199989318847656,-2.6799999999999997,4,104,-4.994910180089734,-1.6749999999999998,-9.0,2,2,0,0,1,"47,44","39,41",52.59,0.013678024796100564,1.2000007629394531,0
2021-01-22,52.28,55.22,36.25,21.91,90.23999786376952,-0.013678024796100564,0.013678024796100564,0.014112594441978632,0.01546154681212776,0.016553126878725268,1.2000007629394531,-2.9399999999999977,6,151,-4.313443662433544,-6.3500000000000005,-9.0,2,0,0,0,1,"93,71","73,12",101.64,0.009518442319156868,1.7700004577636719,1
2021-01-25,52.78,55.44,38.02000045776367,23.19,90.38999938964844,0.009518442319156868,0.009518442319156868,0.010434034474425232,0.012764690875291577,0.016256047943565364,1.7700004577636719,-2.6599999999999966,5,265,-3.4729769310667247,-3.3,-5.0,3,1,0,0,0,"140,45","96,56",185.24,0.0032261153324621857,-0.8899993896484375,0
2021-01-26,52.61,55.26,37.130001068115234,23.02,90.16999816894533,-0.0032261153324621857,0.0032261153324621857,0.008975592601197508,0.012840813577489393,0.01635474362681766,-0.8899993896484375,-2.6499999999999986,8,176,-4.959373282518014,-8.3375,-10.0,6,0,4,0,1,"50,25","8,35",76.61,0.0037943509761260053,3.079998016357422,1
2021-01-27,52.81,55.07,40.209999084472656,37.21,90.6500015258789,0.0037943509761260053,0.0037943509761260053,0.00870133876432556,0.011503841628273009,0.015761049246349624,3.079998016357422,-2.259999999999998,5,134,-2.9739869824233467,-4.5600000000000005,-7.5,0,1,0,0,1,"68,84","72,67",60.61,0.010469306626375453,0.24000167846679688,0
2021-01-28,52.26,54.87,40.45000076293945,30.21,90.45999908447266,-0.010469306626375453,0.010469306626375453,0.009650906849474008,0.011861634571983018,0.01613820817554665,0.24000167846679688,-2.6099999999999994,6,97,-6.523894178724325,-1.95,-10.0,2,2,1,0,1,"112,79","41,64",166.73,0.0019153424740689152,-0.25,0
2021-01-29,52.16,55.25,40.20000076293945,33.09,90.58000183105467,-0.0019153424740689152,0.0019153424740689152,0.007543613978256062,0.010878754292855262,0.016172728127710204,-0.25,-3.0900000000000034,2,25,-7.6572984430462805,-6.1,-7.2,1,0,0,0,1,"63,22","16,81",91.12,0.02629987927536018,-1.0400009155273438,0
2021-02-01,53.55,56.42,39.15999984741211,30.24,91.0199966430664,0.02629987927536018,0.02629987927536018,0.014033970669178431,0.011667684447028872,0.016920166906097288,-1.0400009155273438,-2.8700000000000045,9,210,-6.367666066534896,-3.411111111111111,-10.0,2,2,1,0,1,"60,05","29,93",83.22,0.02252680190187232,-0.5400009155273438,0
2021-02-02,54.77,57.62,38.619998931884766,25.56,91.1999969482422,0.02252680190187232,0.02252680190187232,0.01583523892264274,0.013035264642200301,0.01639680588594584,-0.5400009155273438,-2.8499999999999943,7,194,-4.440317900666367,-8.171428571428573,-10.0,5,0,4,0,1,"192,34","144,88",248.79,0.01629880339978635,-1.5099983215332031,0
2021-02-03,55.67,58.61,37.11000061035156,22.91,91.12000274658205,0.01629880339978635,0.01629880339978635,0.01598239045611079,0.013649587462428994,0.013599542045397844,-1.5099983215332031,-2.9399999999999977,5,189,-5.505383782049161,-7.0,-9.0,2,0,0,0,1,"69,92","43,57",101.75,0.009297402928690437,-1.7400016784667969,0
2021-02-04,56.19,58.98,35.369998931884766,21.77,91.52999877929688,0.009297402928690437,0.009297402928690437,0.011218654852499317,0.013438742409208622,0.013507133974071061,-1.7400016784667969,-2.789999999999999,18,476,-8.071002016021277,-5.705555555555556,-9.0,10,3,0,0,1,"78,18","24,61",116.34,0.010797520602998767,-0.43000030517578125,0
2021-02-05,56.8,59.48,34.939998626708984,20.87,91.04000091552734,0.010797520602998767,0.010797520602998767,0.007336825042846478,0.011589684708775347,0.013552476042066353,-0.43000030517578125,-2.6799999999999997,9,176,-3.349799622469189,-3.1666666666666665,-9.0,4,4,0,0,1,"106,44","101,87",106.21,0.020044244058655104,-0.45999908447265625,0
2021-02-08,57.95,60.17,34.47999954223633,21.24,90.93000030517578,0.020044244058655104,0.020044244058655104,0.005718841597902419,0.012176543133101562,0.012836859482533505,-0.45999908447265625,-2.219999999999999,3,54,-5.378544428714133,-3.5,-9.0,1,1,1,0,1,"72,80","63,51",68.11,0.006707394653814713,-0.9399986267089844,0
2021-02-09,58.34,60.74,33.540000915527344,21.63,90.44000244140624,0.006707394653814713,0.006707394653814713,0.00543075885855353,0.011418668352031442,0.012783434223998552,-0.9399986267089844,-2.3999999999999986,3,78,-3.2963189450932657,-7.066666666666666,-7.2,1,0,0,0,1,"61,26","69,80",50.94,0.005981390130667734,0.22999954223632812,0
2021-02-10,58.69,61.17,33.77000045776367,21.99,90.37000274658205,0.005981390130667734,0.005981390130667734,0.005643747265503464,0.01129973210345678,0.012465902836178868,0.22999954223632812,-2.480000000000004,4,108,-1.9586083696433876,-5.5,-7.0,0,0,0,0,0,"74,93","39,31",104.93,0.008040416252765942,0.5600013732910156,0
2021-02-11,58.22,61.09,34.33000183105469,21.25,90.41999816894533,-0.008040416252765942,0.008040416252765942,0.010147200656998846,0.01081318366836325,0.012608124295728503,0.5600013732910156,-2.8700000000000045,8,165,-6.700798437726377,-4.3374999999999995,-10.0,4,2,1,0,1,"63,46","50,61",70.36,0.02174737423410685,-0.0800018310546875,0
2021-02-12,59.5,62.47,34.25,19.97,90.4800033569336,0.02174737423410685,0.02174737423410685,0.012132600660666185,0.01029837155142161,0.013066030919606647,-0.0800018310546875,-2.969999999999999,9,172,-4.792389698555917,-3.1222222222222222,-10.0,2,3,1,0,1,"73,33","34,40",107.6,0.009534236310485994,0.8800010681152344,0
2021-02-16,60.07,63.96,35.130001068115234,21.46,90.51000213623048,0.009534236310485994,0.009534236310485994,0.010619224704195575,0.00923213998326923,0.01123945147014816,0.8800010681152344,-3.8900000000000006,6,189,-3.0293835995819816,2.4333333333333336,-10.0,1,4,1,0,1,"91,76","82,33",91.56,0.0168376377996056,1.7700004577636719,1
2021-02-17,61.09,65.02,36.900001525878906,21.5,90.9499969482422,0.0168376377996056,0.0168376377996056,0.011439760726916777,0.008632208946406317,0.011408565454084035,1.7700004577636719,-3.9299999999999926,5,108,-7.042617131578317,-3.7,-7.0,0,1,0,0,0,"104,37","54,29",128.29,0.011359081720906437,1.0,0
2021-02-18,60.4,64.09,37.900001525878906,22.49,90.58999633789062,-0.011359081720906437,0.011359081720906437,0.014799224756420487,0.01086071558282685,0.012141923474179818,1.0,-3.690000000000005,5,78,-0.3851559370660691,3.5,3.5,0,5,0,0,0,"33,67","8,39",56.0,0.021419828300822973,-0.14000320434570312,0
2021-02-19,59.12,62.84,37.7599983215332,22.05,90.36000061035156,-0.021419828300822973,0.021419828300822973,0.018628798812475093,0.01430070988451672,0.013511966235435269,-0.14000320434570312,-3.720000000000006,0,0,0.0,0.0,0.0,0,0,0,0,0,"85,16","25,47",127.46,0.04222831236345517,0.8100013732910156,1
2021-02-22,61.67,64.73,38.56999969482422,23.45,90.01000213623047,0.04222831236345517,0.04222831236345517,0.024944153054433406,0.018526014090025564,0.015039995389393726,0.8100013732910156,-3.0600000000000023,4,74,-1.612536426458097,2.575,-8.0,1,3,1,0,1,"71,29","0,00",118.56,0.0001621665453972607,1.1800003051757812,0
2021-02-23,61.66,65.16,39.75,23.11,90.16999816894533,-0.0001621665453972607,0.0001621665453972607,0.02509033024704464,0.01819274712089583,0.01515268864216595,1.1800003051757812,-3.5,5,110,-6.978640709218104,-5.46,-6.5,0,0,0,0,0,"97,43","79,47",103.11,0.024827094026203225,-0.1699981689453125,0
2021-02-24,63.21,66.85,39.58000183105469,21.34,90.18000030517578,0.024827094026203225,0.024827094026203225,0.026242720623874408,0.019126666897436174,0.015377473375166945,-0.1699981689453125,-3.6399999999999935,3,64,-2.286140513465032,-2.8333333333333335,-7.0,0,1,0,0,0,"77,84","34,49",107.88,0.003474419161598288,1.0,0
2021-02-25,63.43,66.69,40.58000183105469,28.89,90.12999725341795,0.003474419161598288,0.003474419161598288,0.024450684385316585,0.019172693558540756,0.015383533544660112,1.0,-3.259999999999998,3,134,-1.235881097698857,0.4000000000000001,-5.8,0,2,0,0,0,"46,18","25,11",62.84,0.030087083015343324,1.9099998474121094,1
2021-02-26,61.55,65.86,42.4900016784668,27.95,90.93000030517578,-0.030087083015343324,0.030087083015343324,0.027351601659213277,0.022218037165964148,0.017217282197166173,1.9099998474121094,-4.310000000000002,2,30,-1.0724816187366921,3.5,3.5,0,2,0,0,0,"121,14","83,29",166.73,0.016545549036889904,0.06999969482421875,0
2021-03-01,60.54,64.56,42.560001373291016,23.35,91.04000091552734,-0.016545549036889904,0.016545549036889904,0.02085107863240755,0.02241755306791096,0.01796344710860708,0.06999969482421875,-4.020000000000003,4,66,-3.990985306558412,-5.0,-10.0,2,1,2,0,1,"96,30","76,80",96.09,0.013972283195016144,-1.6000022888183594,0
2021-03-02,59.7,63.17,40.959999084472656,24.1,90.79000091552734,-0.013972283195016144,0.013972283195016144,0.021177621941330344,0.022738737655738892,0.017996315926133745,-1.6000022888183594,-3.469999999999999,3,89,-8.580865437743693,-8.833333333333334,-10.0,2,0,2,0,1,"137,47","61,89",191.75,0.026937099239335904,-1.1299972534179688,0
2021-03-03,61.33,64.7,39.83000183105469,26.67,90.9499969482422,0.026937099239335904,0.026937099239335904,0.021963396346550174,0.023799703616746597,0.018242101736625126,-1.1299972534179688,-3.3700000000000045,6,154,-1.739711054972183,-1.6499999999999997,-9.2,3,3,0,0,1,"154,59","70,45",220.36,0.039640798242363266,-2.5600013732910156,1
2021-03-04,63.81,67.32,37.27000045776367,28.57,91.62999725341795,0.039640798242363266,0.039640798242363266,0.03026581137336767,0.02633144503799663,0.019651102593784844,-2.5600013732910156,-3.509999999999991,3,88,0.6950483452669274,0.5,-5.8,0,2,0,0,0,"88,44","32,06",127.03,0.034956211332467055,-0.6599998474121094,1
2021-03-05,66.08,69.95,36.61000061035156,24.66,91.9800033569336,0.034956211332467055,0.034956211332467055,0.027291273761653287,0.02596185936783561,0.020634112235546894,-0.6599998474121094,-3.8700000000000045,6,172,-1.7384737907028522,-3.3666666666666667,-9.2,3,2,0,0,1,"88,98","48,39",127.8,0.01601742733166207,2.279998779296875,1
2021-03-08,65.03,68.0,38.88999938964844,25.47,92.30999755859376,-0.01601742733166207,0.01601742733166207,0.027143136343212252,0.024713351702362166,0.021310151025881824,2.279998779296875,-2.969999999999999,15,537,-4.0689396569458305,-6.713333333333334,-9.5,7,1,1,0,1,"60,40","92,63",23.18,0.015653167339343493,-0.9199981689453125,0
2021-03-09,64.02,67.03,37.970001220703125,24.03,91.95999908447266,-0.015653167339343493,0.015653167339343493,0.027587743727215258,0.025564969471760842,0.021631961031012295,-0.9199981689453125,-3.010000000000005,3,120,-6.978607471712832,-9.0,-10.0,2,0,2,0,1,"22,26","17,75",29.62,0.006694194843479392,-0.4099998474121094,0
2021-03-10,64.45,67.53,37.560001373291016,22.56,91.79000091552734,0.006694194843479392,0.006694194843479392,0.026679957291729898,0.024526337692613854,0.021631905779743475,-0.4099998474121094,-3.0799999999999983,13,403,-5.10213589365756,-5.961538461538462,-9.0,6,2,0,0,1,"57,34","52,77",51.35,0.024067997039850533,0.2999992370605469,0
2021-03-11,66.02,69.34,37.86000061035156,21.91,91.41999816894533,0.024067997039850533,0.024067997039850533,0.02299862174985126,0.025513925063165462,0.022049987462399702,0.2999992370605469,-3.3200000000000074,6,114,-1.4082967807939712,-2.8666666666666667,-7.0,4,2,0,0,0,"70,39","78,94",80.48,0.0065344811194027455,-0.3500022888183594,0
2021-03-12,65.59,68.87,37.5099983215332,20.69,91.68000030517578,-0.0065344811194027455,0.0065344811194027455,0.017009412772935193,0.022978538228634528,0.02200245398670225,-0.3500022888183594,-3.280000000000001,11,306,-4.051592533057098,-7.581818181818182,-9.0,6,0,0,0,1,"49,38","16,41",68.43,0.003512794753896724,1.8700027465820312,1
2021-03-15,65.36,68.78,39.380001068115234,20.03,91.83000183105467,-0.003512794753896724,0.003512794753896724,0.015157648930722254,0.021878479930490233,0.021772297844345014,1.8700027465820312,-3.4200000000000017,4,146,-3.8929667782888138,-2.25,-5.0,3,1,0,0,0,"111,60","20,23",177.17,0.008296252838346256,-0.28000259399414773,0
2021-03-16,64.82,67.95,39.09999847412109,19.79,91.87000274658205,-0.008296252838346256,0.008296252838346256,0.013389390097751572,0.02132142525699444,0.021928286358557966,-0.28000259399414773,-3.1300000000000097,4,100,-1.991816954057382,4.125,3.5,0,4,0,0,0,"108,84","47,18",149.53,0.0041740804207497356,-1.6999969482421804,0
2021-03-17,64.55,67.73,37.400001525878906,19.23,91.4000015258789,-0.0041740804207497356,0.0041740804207497356,0.013417131492770018,0.020543808954157465,0.021773830547985776,-1.6999969482421804,-3.180000000000007,4,74,-2.4671352848736063,0.825,-7.2,1,3,0,0,1,"93,31","50,74",134.02,0.07392923581912815,11.039997100830071,1
2021-03-18,59.95,62.11,48.43999862670898,21.58,91.8499984741211,-0.07392923581912815,0.07392923581912815,0.030604015494617696,0.028992441402434302,0.027618983992607912,11.039997100830071,-2.1599999999999966,6,106,-6.0997190379926804,-7.3999999999999995,-10.0,4,0,2,0,1,"134,94","95,47",188.22,0.024387433702312715,-4.059997558593743,0
2021-03-19,61.43,64.0,44.380001068115234,20.95,91.91999816894533,0.024387433702312715,0.024387433702312715,0.03640111956788371,0.027476856774876286,0.027681112284276447,-4.059997558593743,-2.5700000000000003,2,48,-4.73490948120427,5.45,3.5,0,2,0,0,0,"42,85","8,54",64.14,0.000813603494559056,-4.100002288818352,0
2021-03-22,61.48,63.89,40.27999877929688,18.88,91.8000030517578,0.000813603494559056,0.000813603494559056,0.03673601597772099,0.027398700784228004,0.026005107641895224,-4.100002288818352,-2.4100000000000037,3,266,-6.246578039740347,-6.666666666666667,-10.0,3,0,1,0,1,"119,16","38,01",174.39,0.06258856926849213,8.340000152587884,1
2021-03-23,57.75,59.96,48.619998931884766,20.3,92.33999633789062,-0.06258856926849213,0.06258856926849213,0.04280206047530083,0.03279778601144151,0.029515592697328986,8.340000152587884,-2.210000000000001,7,206,-6.5271167239256735,-3.357142857142857,-7.5,1,2,0,0,1,"99,46","103,47",107.88,0.056715795456362156,16.29000473022461,1
2021-03-24,61.12,63.7,64.91000366210938,21.2,92.52999877929688,0.056715795456362156,0.056715795456362156,0.05612196094489224,0.03892167804707425,0.03188020002538314,16.29000473022461,-2.5800000000000054,9,204,-5.901720659990155,-3.2333333333333334,-7.2,1,2,0,0,1,"76,44","16,94",120.07,0.04432534267068593,-15.03000259399414,1
2021-03-25,58.47,61.21,49.880001068115234,19.81,92.87999725341795,-0.04432534267068593,0.04432534267068593,0.048911104411125485,0.03919483313143559,0.03323623621475797,-15.03000259399414,-2.740000000000002,4,190,-4.537956730834497,-7.1,-9.0,4,0,1,0,1,"63,78","33,91",77.79,0.04121186207282392,-4.950000762939453,1
2021-03-26,60.93,63.77,44.93000030517578,18.86,92.7699966430664,0.04121186207282392,0.04121186207282392,0.051924145495514155,0.042705141452167805,0.034111154944632724,-4.950000762939453,-2.8400000000000034,3,107,-1.197047460830819,-7.3999999999999995,-7.5,1,0,0,0,1,"69,78","32,74",95.57,0.009148895704975353,-0.7700004577636719,0
2021-03-29,61.49,64.06,44.15999984741211,20.74,92.94000244140624,0.009148895704975353,0.009148895704975353,0.052155682906780125,0.04301875543799901,0.0339587965167851,-0.7700004577636719,-2.5700000000000003,4,94,-1.940969371427344,-2.4,-7.0,2,1,0,0,0,"123,24","127,77",98.38,0.01540508996627721,-2.700000762939453,0
2021-03-30,60.55,63.28,41.459999084472656,19.61,93.3000030517578,-0.01540508996627721,0.01540508996627721,0.04108686862916156,0.043117638132416515,0.033993047064456744,-2.700000762939453,-2.730000000000004,4,72,0.4504721151730201,-7.1,-7.2,2,0,0,0,1,"95,42","99,66",83.13,0.022716861296467626,4.19000244140625,1
2021-03-31,59.19,63.52,45.650001525878906,19.4,93.2300033569336,-0.022716861296467626,0.022716861296467626,0.03276552797736716,0.04338933212443071,0.033789120363734534,4.19000244140625,-4.330000000000005,16,455,-11.077955249566566,-5.04375,-10.0,4,2,1,0,1,"76,35","76,11",70.54,0.03682007963867423,-5.5,1
2021-04-01,61.41,63.85,40.150001525878906,17.33,92.93000030517578,0.03682007963867423,0.03682007963867423,0.029196985523472836,0.03876921601708645,0.03361257423899342,-5.5,-2.440000000000005,7,108,-7.030119407004657,1.3714285714285717,-7.0,0,4,0,0,0,"67,70","62,99",90.07,0.0446220188068797,1.8499984741210938,1
2021-04-05,58.73,,42.0,17.91,92.5999984741211,-0.0446220188068797,0.0446220188068797,0.031278737411512464,0.040523949852917775,0.033727834843225,1.8499984741210938,,5,134,-4.725844559582136,-7.12,-9.2,4,0,0,0,1,"74,56","42,47",88.57,0.01033294532824783,0.4099998474121094,0
2021-04-06,59.34,61.47,42.40999984741211,18.12,92.33999633789062,0.01033294532824783,0.01033294532824783,0.03143899686507118,0.04077354129477119,0.03382616265973941,0.4099998474121094,-2.1299999999999955,6,186,-1.9501848964710704,0.0,-7.0,0,4,0,0,0,"92,79","27,75",131.17,0.007220247973487097,-1.1399993896484375,0
2021-04-07,59.77,61.86,41.27000045776367,17.16,92.45999908447266,0.007220247973487097,0.007220247973487097,0.03157601526593152,0.03512588868917431,0.033818686541438985,-1.1399993896484375,-2.0899999999999963,5,100,-3.2324820772561793,2.68,-8.0,1,4,1,0,1,"113,79","67,22",168.21,0.0026805176043276555,-0.5699996948242188,0
2021-04-08,59.61,62.09,40.70000076293945,16.95,92.05999755859376,-0.0026805176043276555,0.0026805176043276555,0.029592780701419272,0.029722006761774923,0.03373577659722908,-0.5699996948242188,-2.480000000000004,9,190,-4.571615874864791,-5.711111111111111,-9.2,6,1,0,0,1,"32,52","37,05",54.09,0.005382687512558865,-1.5100021362304759,0
2021-04-09,59.29,61.89,39.18999862670898,16.69,92.16000366210938,-0.005382687512558865,0.005382687512558865,0.022018928713247635,0.025944384509309224,0.03308710727337556,-1.5100021362304759,-2.6000000000000014,1,10,-3.6820493749815197,-10.0,-10.0,1,0,1,0,1,"48,01","26,11",65.32,0.006891362679280162,-2.1499977111816335,0
2021-04-12,59.7,62.38,37.040000915527344,16.91,92.13999938964844,0.006891362679280162,0.006891362679280162,0.006871706261746537,0.022072805670914436,0.03319837202388028,-2.1499977111816335,-2.6799999999999997,20,413,-3.4193571202450914,-5.945,-9.0,11,2,0,0,1,"100,38","120,09",133.55,0.00834033191621895,-1.8400001525878906,0
2021-04-13,60.2,62.83,35.20000076293945,16.65,91.8499984741211,0.00834033191621895,0.00834033191621895,0.006401861901835551,0.022028704268134164,0.03332632142546678,-1.8400001525878906,-2.6299999999999955,10,237,-4.851642358864908,-7.209999999999999,-10.0,5,0,1,0,1,"95,29","72,38",143.39,0.047840496481724726,0.5,1
2021-04-14,63.15,66.11,35.70000076293945,16.99,91.69000244140624,0.047840496481724726,0.047840496481724726,0.021428520200168624,0.02643011624643539,0.03526307656450952,0.5,-2.960000000000001,9,295,-1.5288535246044272,-3.611111111111111,-10.0,2,3,2,0,1,"186,30","144,96",294.72,0.00426642031370121,-1.5,0
2021-04-15,63.42,66.13,34.20000076293945,16.57,91.66999816894533,0.00426642031370121,0.00426642031370121,0.020525797707365283,0.024696834128417233,0.0352774379551181,-1.5,-2.7099999999999937,5,152,-4.656829661312839,-4.54,-7.2,3,1,0,0,1,"103,26","41,18",151.12,0.004108079722759994,-1.4099998474121094,0
2021-04-16,63.16,65.98,32.790000915527344,16.25,91.55999755859376,-0.004108079722759994,0.004108079722759994,0.020256009935091107,0.022479808240353158,0.0308445676757015,-1.4099998474121094,-2.8200000000000074,2,95,-5.085694407260425,-2.6999999999999997,-9.2,1,1,0,0,1,"95,03","18,05",142.99,0.002687961140897665,2.279998779296875,1
2021-04-19,63.33,66.54,35.06999969482422,17.29,91.06999969482422,0.002687961140897665,0.002687961140897665,0.020638178324501818,0.01518217249467993,0.03041682335830225,2.279998779296875,-3.210000000000008,6,109,-3.049386211355234,-5.183333333333334,-9.0,2,1,0,0,1,"110,42","150,11",100.16,0.011434140771119814,0.6100006103515625,0
2021-04-20,62.61,65.34,35.68000030517578,18.68,91.23999786376952,-0.011434140771119814,0.011434140771119814,0.02320346015107294,0.01625955803314483,0.030554838221149943,0.6100006103515625,-2.730000000000004,14,328,-4.033489986392149,0.5857142857142856,-7.2,3,9,0,0,1,"125,27","129,50",138.88,0.020492851071113493,6.759998321533196,1
2021-04-21,61.34,64.02,42.43999862670898,17.5,91.16000366210938,-0.020492851071113493,0.020492851071113493,0.01029396679048036,0.01815885545578874,0.027218144865165137,6.759998321533196,-2.6799999999999926,9,182,-4.834583295244738,-2.733333333333333,-9.2,3,4,0,0,1,"166,30","62,73",261.62,0.0017916773259383197,-3.0499992370605398,0
2021-04-22,61.45,65.07,39.38999938964844,18.71,91.33000183105467,0.0017916773259383197,0.0017916773259383197,0.009732150460433594,0.01806940288256393,0.024107934182531782,-3.0499992370605398,-3.6199999999999903,7,129,-6.184276928127739,-2.042857142857143,-9.5,1,3,1,0,1,"113,77","61,07",145.55,0.011809568618563863,-0.6899986267089844,0
2021-04-23,62.18,65.75,38.70000076293945,17.33,90.86000061035156,0.011809568618563863,0.011809568618563863,0.01276410603477907,0.017996711116205977,0.02180005299272036,-0.6899986267089844,-3.5700000000000003,6,154,-2.4431358016809295,-3.4,-7.2,1,2,0,0,1,"146,73","115,25",177.47,0.002576490958304783,2.529998779296875,1
2021-04-26,62.02,65.5,41.22999954223633,17.64,90.80999755859376,-0.002576490958304783,0.002576490958304783,0.012375683247144675,0.018120700661660556,0.019882997025128007,2.529998779296875,-3.479999999999997,8,153,-4.3214123642611675,-5.6875,-7.0,5,1,0,0,0,"54,47","39,49",57.64,0.01615388985271588,-2.790000915527351,0
2021-04-27,63.03,66.25,38.43999862670898,17.56,90.91000366210938,0.01615388985271588,0.01615388985271588,0.014328986870942563,0.018502077276410487,0.020096752134938764,-2.790000915527351,-3.219999999999999,9,178,-1.3258791225196274,1.1222222222222222,-7.2,2,7,0,0,1,"131,65","143,95",98.88,0.012299114355236777,-2.0200004577636648,0
2021-04-28,63.81,67.08,36.41999816894531,17.28,90.61000061035156,0.012299114355236777,0.012299114355236777,0.007903037412188141,0.011272981995274376,0.01984247830011152,-2.0200004577636648,-3.269999999999996,7,111,-0.14977924489617714,-7.628571428571428,-10.0,6,1,5,0,1,"50,06","33,27",62.44,0.01847735201538157,-0.049999237060546875,0
2021-04-29,65.0,68.26,36.369998931884766,17.61,90.61000061035156,0.01847735201538157,0.01847735201538157,0.008198580125435352,0.012548509593160723,0.019201479173994142,-0.049999237060546875,-3.260000000000005,4,84,-2.276424247358324,-4.475,-7.2,3,1,0,0,1,"47,38","68,71",28.66,0.023347363996991177,2.020000457763672,1
2021-04-30,63.5,67.73,38.38999938964844,18.61,91.27999877929688,-0.023347363996991177,0.023347363996991177,0.01744356615602654,0.014918601298208238,0.018605305050204156,2.020000457763672,-4.230000000000004,1,30,1.44463024897807,3.5,3.5,0,1,0,0,0,"36,40","27,22",37.84,0.015004970488645696,1.7600021362304688,1
2021-05-03,64.46,,40.150001525878906,18.31,90.9499969482422,0.015004970488645696,0.015004970488645696,0.017507650331153424,0.015608437206652833,0.015275868286543728,1.7600021362304688,,4,88,-3.8691129247136433,-6.1,-7.2,2,0,0,0,1,"97,43","86,34",90.02,0.01935841678177559,-3.0,0
2021-05-04,65.72,68.91,37.150001525878906,19.48,91.29000091552734,0.01935841678177559,0.01935841678177559,0.017946832301022463,0.015751129155605947,0.015582673508871003,-3.0,-3.1899999999999977,6,172,-2.9339078011022703,-7.866666666666667,-10.0,4,0,2,0,1,"93,88","71,31",104.08,0.0013703846834359535,1.1800003051757812,0
2021-05-05,65.63,69.71,38.33000183105469,19.15,91.30999755859376,-0.0013703846834359535,0.0013703846834359535,0.01823531475484497,0.013303432703032837,0.015639622167404627,1.1800003051757812,-4.079999999999998,4,64,-3.137243434741926,-3.075,-5.8,0,1,0,0,0,"60,39","8,60",93.25,0.013808135928212445,-0.5900001525878906,0
2021-05-06,64.73,68.62,37.7400016784668,18.39,90.9499969482422,-0.013808135928212445,0.013808135928212445,0.0182624898387693,0.014783108989335022,0.016106098305936855,-0.5900001525878906,-3.8900000000000006,7,193,-4.143375537747629,-6.242857142857142,-10.0,4,1,2,0,1,"76,31","53,70",111.97,0.0035469232960034743,-0.1100006103515625,0
2021-05-07,64.96,68.73,37.630001068115234,16.69,90.2300033569336,0.0035469232960034743,0.0035469232960034743,0.01324456323942829,0.014602448366537808,0.015951836761278492,-0.1100006103515625,-3.7700000000000102,7,142,-3.6255666893461442,-4.6000000000000005,-9.0,3,2,0,0,1,"55,93","8,58",85.85,0.0006159532070319497,0.3600006103515625,0
2021-05-10,64.92,68.61,37.9900016784668,19.66,90.20999908447266,-0.0006159532070319497,0.0006159532070319497,0.011938781886353,0.014511643188681804,0.015982550434846556,0.3600006103515625,-3.6899999999999977,1,24,-8.04528502689954,-10.0,-10.0,1,0,1,0,1,"49,00","9,77",73.34,0.00598942126817532,-0.060001373291015625,0
2021-05-11,65.31,68.83,37.93000030517578,21.84,90.13999938964844,0.00598942126817532,0.00598942126817532,0.007641056307673209,0.013955422371908983,0.015959056741312466,-0.060001373291015625,-3.519999999999996,6,130,-5.098270263964605,-4.8500000000000005,-10.0,2,1,1,0,1,"101,18","78,94",124.37,0.00990333377683225,-0.990001678466804,0
2021-05-12,65.96,69.62,36.93999862670898,27.59,90.70999908447266,0.00990333377683225,0.00990333377683225,0.009117875863378075,0.013808389791946658,0.012323756648969487,-0.990001678466804,-3.660000000000011,4,126,-4.691324964324799,-1.7999999999999998,-9.2,2,2,0,0,1,"63,30","33,65",84.21,0.032981876841300585,1.0,1
2021-05-13,63.82,67.36,37.93999862670898,23.13,90.75,-0.032981876841300585,0.032981876841300585,0.017281657894031122,0.016795132394491215,0.014596354150480727,1.0,-3.539999999999999,4,62,-4.040701602017359,-4.675,-7.5,1,1,0,0,1,"140,43","131,77",144.25,0.02323164725216683,-1.479999542236321,0
2021-05-14,65.32,69.24,36.459999084472656,18.81,90.31999969482422,0.02323164725216683,0.02323164725216683,0.02095073757195593,0.01662330824301092,0.015417502304250525,-1.479999542236321,-3.9200000000000017,3,82,-4.628486199542602,-2.8333333333333335,-7.0,1,1,0,0,0,"115,36","73,93",143.89,0.01398624197473987,-0.04000091552734375,0
2021-05-17,66.24,69.62,36.41999816894531,19.72,90.22000122070312,0.01398624197473987,0.01398624197473987,0.02165666369716128,0.01654330665851284,0.015661388361570258,-0.04000091552734375,-3.3800000000000097,3,48,-0.340655957647154,-9.5,-9.5,3,0,3,0,1,"92,16","40,83",127.72,0.011387050847042057,0.5900001525878906,0
2021-05-18,65.49,69.01,37.0099983215332,21.34,89.75,-0.011387050847042057,0.011387050847042057,0.02263489849539721,0.01595485387888333,0.015659226825364178,0.5900001525878906,-3.5200000000000102,9,223,-4.163887907596996,-3.822222222222222,-7.0,0,2,0,0,0,"98,59","108,11",114.77,0.03432813577056364,1.8100013732910156,1
2021-05-19,63.28,66.88,38.81999969482422,22.18,90.19000244140624,-0.03432813577056364,0.03432813577056364,0.02639654358093858,0.01925221198210352,0.016967663021989907,1.8100013732910156,-3.5999999999999943,8,192,-4.011540867640437,-2.775,-9.5,1,3,1,0,1,"158,96","92,02",204.67,0.021241715384246986,0.6100006103515625,0
2021-05-20,61.95,65.18,39.43000030517578,20.67,89.80999755859375,-0.021241715384246986,0.021241715384246986,0.024071450555586744,0.019823213241119964,0.017716069334121735,0.6100006103515625,-3.230000000000004,12,376,-3.002237592494835,-3.033333333333333,-7.2,4,4,0,0,1,"125,85","89,62",134.55,0.026443082615561383,-0.09000015258789062,0
2021-05-21,63.61,66.72,39.34000015258789,20.15,90.0199966430664,0.026443082615561383,0.026443082615561383,0.02506693746284652,0.022040079364007648,0.018496839267471997,-0.09000015258789062,-3.1099999999999994,11,237,-1.9864443267315524,-3.972727272727273,-7.5,1,3,0,0,1,"165,85","125,12",171.46,0.03885181099585813,-3.799999237060547,1
2021-05-24,66.13,68.59,35.540000915527344,18.4,89.83000183105469,0.03885181099585813,0.03885181099585813,0.03149382354698353,0.025584222150662465,0.020291742138711134,-3.799999237060547,-2.460000000000008,1,30,-5.11463844797178,-5.0,-5.0,0,0,0,0,0,"138,41","101,19",176.47,0.002114804413564604,0.6899986267089844,0
2021-05-25,66.27,68.8,36.22999954223633,18.84,89.63999938964844,0.002114804413564604,0.002114804413564604,0.030881900916009005,0.02554381876884072,0.020061869098824597,0.6899986267089844,-2.530000000000001,12,291,-6.426364022576337,-5.058333333333334,-10.0,5,3,1,0,1,"170,94","46,06",276.6,0.002110341452486795,-2.3400001525878906,0
2021-05-26,66.41,68.93,33.88999938964844,17.36,90.04000091552734,0.002110341452486795,0.002110341452486795,0.023466342555031786,0.02537590246732781,0.019929033000814465,-2.3400001525878906,-2.5200000000000102,15,506,-2.5572003935768866,-3.033333333333333,-10.0,7,5,2,0,1,"176,61","85,89",243.57,0.006902788513265063,-0.2599983215332031,0
2021-05-27,66.87,69.43,33.630001068115234,16.74,89.97000122070312,0.006902788513265063,0.006902788513265063,0.01656188799822986,0.022464681186103563,0.019590443931418677,-0.2599983215332031,-2.5600000000000023,4,136,-5.18079165930169,-3.0,-7.0,0,1,0,0,0,"133,34","49,85",187.1,0.008409720685110917,-0.09000015258789062,0
2021-05-28,66.31,69.36,33.540000915527344,16.76,90.02999877929688,-0.008409720685110917,0.008409720685110917,0.017966271574297504,0.021777361878258083,0.01886799549534437,-0.09000015258789062,-3.049999999999997,7,254,-4.4670926437494725,-5.957142857142857,-9.0,5,1,0,0,1,"140,03","43,62",196.49,0.022221479565573597,-0.1100006103515625,0
2021-06-01,67.8,70.03,33.43000030517578,17.9,89.83000183105469,0.022221479565573597,0.022221479565573597,0.011143320018278774,0.022447229632633778,0.019192675237023123,-0.1100006103515625,-2.230000000000004,6,140,-1.9794905586638005,-1.0,-10.0,2,4,2,0,1,"65,87","18,76",93.9,0.014496190591573086,-0.6599998474121094,0
2021-06-02,68.79,70.6,32.77000045776367,17.48,89.9000015258789,0.014496190591573086,0.014496190591573086,0.011706691825369726,0.022180780148682765,0.018998045210318327,-0.6599998474121094,-1.809999999999988,3,74,-3.4538419482903877,-4.166666666666667,-9.0,2,1,0,0,1,"68,73","27,41",99.06,0.00029069767646568986,1.1199989318847656,0
2021-06-03,68.81,70.71,33.88999938964844,18.04,90.5,0.00029069767646568986,0.00029069767646568986,0.01194068366280542,0.017604675909099726,0.01898486047635064,1.1199989318847656,-1.8999999999999915,4,91,-3.4749267233617,-7.675,-9.5,4,0,1,0,1,"60,07","17,11",85.63,0.010984356721161435,-2.129999160766598,0
2021-06-04,69.57,71.3,31.76000022888184,16.42,90.13999938964844,0.010984356721161435,0.010984356721161435,0.012062699287470585,0.014200691128683256,0.01868016555429971,-2.129999160766598,-1.730000000000004,4,52,-1.1676567120668375,-4.475,-7.2,2,1,0,0,1,"79,61","52,91",95.62,0.005188079081777945,-0.059999465942386365,0
2021-06-07,69.21,70.89,31.700000762939453,16.42,89.94999694824219,-0.005188079081777945,0.005188079081777945,0.011012980105452264,0.014049290251687909,0.018783434109607807,-0.059999465942386365,-1.6800000000000068,0,0,0.0,0.0,0.0,0,0,0,0,0,"54,30","0,00",90.31,0.01292007636510429,0.25,0
2021-06-08,70.11,71.39,31.950000762939453,17.07,90.08000183105467,0.01292007636510429,0.01292007636510429,0.008663590893340964,0.009453153441853199,0.018883486982565412,0.25,-1.2800000000000011,1,15,-5.84144645340752,-9.0,-9.0,1,0,0,0,1,"59,73","54,96",68.77,0.0029997879791116636,-0.15999984741210938,0
2021-06-09,69.9,71.31,31.790000915527344,17.89,90.12000274658205,-0.0029997879791116636,0.0029997879791116636,0.008251323609448885,0.009809019507748401,0.018936676377374295,-0.15999984741210938,-1.4099999999999966,7,237,-3.0071566144531645,-4.057142857142857,-9.5,3,2,1,0,1,"93,25","53,12",110.77,0.006274977806071759,1.2399978637695312,0
2021-06-10,70.34,71.65,33.029998779296875,16.1,90.08000183105467,0.006274977806071759,0.006274977806071759,0.008157038445185647,0.00974520125698453,0.018888372335593397,1.2399978637695312,-1.3100000000000023,8,152,-5.780920143853634,-2.375,-9.2,3,3,0,0,1,"85,51","35,90",119.76,0.009339249995478888,-0.4799995422363281,0
2021-06-11,71.0,72.05,32.54999923706055,15.65,90.55999755859376,0.009339249995478888,0.009339249995478888,0.007852463023211262,0.009807503412123728,0.016884146325749676,-0.4799995422363281,-1.0499999999999972,7,206,-5.158593490682214,-7.457142857142857,-10.0,5,0,2,0,1,"131,48","84,57",155.18,0.0008454276958396702,0.5800018310546875,0
2021-06-14,70.94,72.27,33.130001068115234,16.39,90.5199966430664,-0.0008454276958396702,0.0008454276958396702,0.006732914822408829,0.008814689959315057,0.016391793708809367,0.5800018310546875,-1.3299999999999983,3,48,-6.098794833981381,-3.5,-7.0,0,1,0,0,0,"29,36","19,51",40.69,0.015664655974471392,-1.5700016021728516,0
2021-06-15,72.06,73.38,31.559999465942383,17.02,90.54000091552734,0.015664655974471392,0.015664655974471392,0.007602148225270921,0.007710640788235188,0.016449123731560624,-1.5700016021728516,-1.3199999999999932,8,162,-3.593166712169066,-4.75,-7.5,0,1,0,0,1,"73,51","27,48",114.61,0.0004164064186756409,2.2700023651123047,1
2021-06-16,72.03,73.88,33.83000183105469,18.15,91.12999725341795,-0.0004164064186756409,0.0004164064186756409,0.006940134580134583,0.007338079126918725,0.01608039282796619,2.2700023651123047,-1.8499999999999943,3,91,-0.7375422442522772,3.5,3.5,0,3,0,0,0,"144,79","139,97",124.04,0.01355810830839053,3.009998321533203,1
2021-06-17,71.06,72.92,36.84000015258789,17.75,91.88999938964844,-0.01355810830839053,0.01355810830839053,0.01114193495053306,0.009289551225673206,0.013953179840785186,3.009998321533203,-1.8599999999999994,8,149,-1.7330253915412515,-2.1375,-10.0,3,4,2,0,1,"138,02","18,35",214.24,0.008128986599629897,-2.8899993896484375,0
2021-06-18,71.64,73.1,33.95000076293945,20.7,92.2300033569336,0.008128986599629897,0.008128986599629897,0.010955213989824018,0.009065474621138382,0.0124187943524344,-2.8899993896484375,-1.4599999999999937,0,0,0.0,0.0,0.0,0,0,0,0,0,"84,50","33,70",112.43,0.027534779172366148,1.05999755859375,0
2021-06-21,73.64,74.49,35.0099983215332,17.89,91.86000061035156,0.027534779172366148,0.027534779172366148,0.015608961811178518,0.011411140200836504,0.012509586387146329,1.05999755859375,-0.8499999999999943,1,31,-4.81208026398745,-7.0,-7.0,0,0,0,0,0,"94,50","79,34",99.26,0.006676228898743709,-0.7299995422363281,0
2021-06-22,73.15,74.92,34.279998779296875,16.66,91.7300033569336,-0.006676228898743709,0.006676228898743709,0.015872413552541684,0.011805516239270241,0.010441276656664557,-0.7299995422363281,-1.769999999999996,2,54,-2.50756537861819,-6.0,-7.0,0,0,0,0,0,"170,60","37,80",252.2,0.0005469711609088846,0.40000152587890625,0
2021-06-23,73.11,75.22,34.68000030517578,16.32,91.8000030517578,-0.0005469711609088846,0.0005469711609088846,0.015879550451707285,0.011662894392211158,0.01049739814290772,0.40000152587890625,-2.1099999999999994,8,283,-5.615656767205176,-1.3875,-7.2,4,3,0,0,1,"41,51","49,66",55.23,0.0027318689302707733,-2.6300010681152344,0
2021-06-24,73.31,75.95,32.04999923706055,15.97,91.81999969482422,0.0027318689302707733,0.0027318689302707733,0.013059811144402914,0.01165645800104096,0.010489586587686629,-2.6300010681152344,-2.6400000000000006,5,182,-2.641276832962271,-6.4,-10.0,3,1,2,0,1,"76,66","40,22",100.65,0.0122018867465469,-0.75,0
2021-06-25,74.21,76.45,31.299999237060547,15.62,91.80999755859376,0.0122018867465469,0.0122018867465469,0.013331707476659354,0.01183227427129821,0.010607964687414657,-0.75,-2.240000000000009,9,232,-2.780574669283245,-2.7444444444444445,-7.2,6,3,0,0,1,"54,79","42,01",56.07,0.016713480973740442,0.5600013732910121,0
2021-06-28,72.98,74.78,31.86000061035156,15.76,91.87999725341795,-0.016713480973740442,0.016713480973740442,0.010774394078688243,0.013555665552479258,0.011308360209048242,0.5600013732910121,-1.7999999999999972,0,0,0.0,0.0,0.0,0,0,0,0,0,"97,29","110,85",107.87,0.002189981712933536,0.12999916076660512,0
2021-06-29,73.14,75.38,31.989999771118164,16.02,92.0500030517578,0.002189981712933536,0.002189981712933536,0.010497393169937131,0.012786566536692263,0.010544720164914801,0.12999916076660512,-2.239999999999995,2,39,-7.767448397934249,-1.2999999999999998,-10.0,1,1,1,0,1,"95,69","154,44",60.62,0.005182065326196412,0.7500019073486328,0
2021-06-30,73.52,76.94,32.7400016784668,15.83,92.44000244140624,0.005182065326196412,0.005182065326196412,0.010736440317229146,0.01281646404259483,0.01024854633437376,0.7500019073486328,-3.4200000000000017,4,160,-5.284003559676438,-2.4000000000000004,-10.0,2,2,1,0,1,"43,82","61,16",43.72,0.02432098379017182,-0.2700004577636719,0
2021-07-01,75.33,76.69,32.470001220703125,15.48,92.5999984741211,0.02432098379017182,0.02432098379017182,0.015030140225178394,0.013280930087073978,0.011235224520055686,-0.2700004577636719,-1.3599999999999994,5,92,-4.467665430919425,0.8400000000000002,-9.0,2,3,2,0,1,"64,11","68,18",49.76,0.0005308560177753567,0.3999977111816406,0
2021-07-02,75.37,77.51,32.869998931884766,15.07,92.2300033569336,0.0005308560177753567,0.0005308560177753567,0.0146173509037198,0.013352287480575098,0.011161899372189345,0.3999977111816406,-2.1400000000000006,4,134,-4.457854686632879,-7.05,-7.2,1,0,0,0,1,"78,98","43,74",102.15,0.023492589904503473,4.720001220703125,1
2021-07-06,73.62,75.81,37.59000015258789,16.44,92.5500030517578,-0.023492589904503473,0.023492589904503473,0.01703009507271433,0.013564238471680767,0.01261156485082441,4.720001220703125,-2.1899999999999977,3,95,-3.799805268238697,-3.6666666666666665,-7.5,0,1,0,0,1,"63,33","29,14",97.22,0.01919971210156351,4.4199981689453125,1
2021-07-07,72.22,74.31,42.0099983215332,16.2,92.63999938964844,-0.01919971210156351,0.01919971210156351,0.019410883445950825,0.01477080412463483,0.013318970734564747,4.4199981689453125,-2.0900000000000034,5,108,-2.69073375829141,-3.1399999999999997,-9.2,3,2,2,0,1,"34,78","43,34",21.69,0.010468415158990073,-3.2099990844726562,0
2021-07-08,72.98,75.07,38.79999923706055,19.0,92.36000061035156,0.010468415158990073,0.010468415158990073,0.020068888149752797,0.015234949494138327,0.013420504073074026,-3.2099990844726562,-2.089999999999989,2,100,-5.838650261913338,-3.25,-10.0,1,1,1,0,1,"37,86","28,31",39.35,0.02141873936903423,-1.779998779296875,0
2021-07-09,74.56,77.14,37.02000045776367,16.18,92.12999725341795,0.02141873936903423,0.02141873936903423,0.019157573126659947,0.016706499233117726,0.014076313562217864,-1.779998779296875,-2.5799999999999983,2,28,1.2040985548448229,-1.85,-7.2,1,1,0,0,1,"32,36","32,26",33.63,0.004705258395293706,1.7099990844726562,1
2021-07-12,74.21,76.77,38.72999954223633,16.17,92.2300033569336,-0.004705258395293706,0.004705258395293706,0.0191239755006585,0.01637682177045461,0.014089176891550736,1.7099990844726562,-2.5600000000000023,7,166,-4.555198847058467,-7.385714285714286,-10.0,4,0,2,0,1,"69,74","89,39",41.42,0.013784092450787471,-3.329998016357422,0
2021-07-13,75.24,77.5,35.400001525878906,17.12,92.75,0.013784092450787471,0.013784092450787471,0.01623549783470753,0.015746086574359226,0.014300327916024376,-3.329998016357422,-2.260000000000005,3,86,-5.480817437079285,-6.0,-6.5,0,0,0,0,0,"77,25","81,54",60.46,0.029401983065693128,2.799999237060547,1
2021-07-14,73.06,75.74,38.20000076293945,16.33,92.41000366210938,-0.029401983065693128,0.029401983065693128,0.020113565924706596,0.018809052782554014,0.01567472641296431,2.799999237060547,-2.6799999999999926,4,136,-2.970998899450936,0.125,-10.0,1,3,1,0,1,"56,22","17,24",86.3,0.019208771361308614,-0.15999984741210938,0
2021-07-15,71.67,74.53,38.040000915527344,17.01,92.62000274658205,-0.019208771361308614,0.019208771361308614,0.021440260595534468,0.019610987225896645,0.016295445356230114,-0.15999984741210938,-2.8599999999999994,4,70,-7.224113074861877,-4.925,-9.2,3,1,0,0,1,"104,51","108,72",98.24,0.0012549677447129483,-0.8899993896484375,0
2021-07-16,71.76,74.46,37.150001525878906,18.45,92.69000244140624,0.0012549677447129483,0.0012549677447129483,0.016986348123024103,0.017322462699820674,0.01599258470582219,-0.8899993896484375,-2.6999999999999886,1,26,-2.56879676812262,3.5,3.5,0,1,0,0,0,"70,38","28,07",101.44,0.07687743259128632,9.209999084472656,1
2021-07-19,66.45,69.33,46.36000061035156,22.5,92.88999938964844,-0.07687743259128632,0.07687743259128632,0.034983450990372165,0.028401113440876535,0.023424656176465015,9.209999084472656,-2.8799999999999955,4,118,-3.881709736579041,-7.35,-10.0,4,0,1,0,1,"50,57","10,08",84.11,0.013007584163350861,5.899997711181641,1
2021-07-20,67.32,70.03,52.2599983215332,19.73,92.97000122070312,0.013007584163350861,0.013007584163350861,0.03478554640905681,0.029179877713862584,0.022614395763774883,5.899997711181641,-2.710000000000008,3,104,-1.5864699365332753,-4.1000000000000005,-10.0,1,1,1,0,1,"37,43","27,99",38.91,0.04274527751507595,-9.349998474121094,1
2021-07-21,70.26,72.54,42.90999984741211,17.91,92.75,0.04274527751507595,0.04274527751507595,0.044641974663745025,0.03307619286507545,0.024942811987821913,-9.349998474121094,-2.280000000000001,2,36,-2.94117647058823,-7.0,-7.0,0,0,0,0,0,"49,92","45,24",45.28,0.026544638382198837,-6.470001220703132,0
2021-07-22,72.15,74.25,36.43999862670898,17.69,92.81999969482422,0.026544638382198837,0.026544638382198837,0.04637827397956826,0.034162945900221,0.025749357970895424,-6.470001220703132,-2.0999999999999943,4,132,-5.053330845584259,-3.875,-7.0,1,1,0,0,0,"95,29","63,33",105.65,0.0012466238888499356,-2.3899993896484304,0
2021-07-23,72.24,74.86,34.04999923706055,17.2,92.91000366210938,0.0012466238888499356,0.0012466238888499356,0.046378277729623246,0.03326645922506339,0.025741198567594905,-2.3899993896484304,-2.6200000000000045,9,191,-4.0085360470335845,-4.7555555555555555,-9.0,4,1,0,0,1,"91,79","39,79",119.47,0.0012466238888499293,1.5400009155273438,1
2021-07-26,72.15,74.79,35.59000015258789,17.58,92.6500015258789,-0.0012466238888499293,0.0012466238888499293,0.018367813298294955,0.03326659961870391,0.02556048366429321,1.5400009155273438,-2.6400000000000006,14,430,-1.3737488008373548,0.55,-9.0,4,9,2,0,1,"59,15","49,14",65.58,0.006535516553204866,-0.4500007629394531,0
2021-07-27,71.68,74.87,35.13999938964844,19.36,92.43000030517578,-0.006535516553204866,0.006535516553204866,0.021154046705851446,0.032756707477522004,0.025340080365662338,-0.4500007629394531,-3.1899999999999977,2,113,-3.233964103516991,-0.75,-5.0,1,1,0,0,0,"79,20","65,03",108.48,0.009580080211361324,-0.5200004577636719,0
2021-07-28,72.37,75.09,34.619998931884766,18.31,92.31999969482422,0.009580080211361324,0.009580080211361324,0.012914262532938578,0.031815893864875745,0.02544116818992896,-0.5200004577636719,-2.719999999999999,5,100,-2.757606740354177,-1.4,-10.0,1,3,1,0,1,"53,30","65,39",47.73,0.017124879072838765,-1.2599983215332031,0
2021-07-29,73.62,76.3,33.36000061035156,17.7,91.86000061035156,0.017124879072838765,0.017124879072838765,0.009347449584746445,0.03157264348147729,0.025720894264838815,-1.2599983215332031,-2.6799999999999926,1,12,-4.3010752688172,7.0,7.0,0,1,0,0,0,"30,92","8,81",44.07,0.004201971618133568,-0.5100021362304688,0
2021-07-30,73.93,77.72,32.849998474121094,18.24,92.16999816894533,0.004201971618133568,0.004201971618133568,0.009219705073459143,0.03157157182909222,0.025108570450022835,-0.5100021362304688,-3.789999999999992,5,162,-2.133278686577304,1.6600000000000001,-5.0,1,3,0,0,0,"80,90","125,46",67.27,0.036082129528796476,3.3800010681152344,1
2021-08-02,71.31,73.91,36.22999954223633,19.46,92.0500030517578,-0.036082129528796476,0.036082129528796476,0.020735843746646585,0.02095805752834239,0.026302184748200837,3.3800010681152344,-2.5999999999999943,7,127,-3.716626794146731,0.5428571428571428,-7.2,1,5,0,0,1,"111,95","40,58",160.79,0.009440013744507703,1.3199996948242188,0
2021-08-03,70.64,73.24,37.54999923706055,18.04,92.08000183105467,-0.009440013744507703,0.009440013744507703,0.020922529901369447,0.02144654719612767,0.025904119605176055,1.3199996948242188,-2.5999999999999943,5,130,-5.911689547508634,-4.2,-10.0,3,2,3,0,1,"50,82","46,06",46.1,0.03529862976314313,4.720001220703125,1
2021-08-04,68.19,70.99,42.27000045776367,17.97,92.2699966430664,-0.03529862976314313,0.03529862976314313,0.023664529804720207,0.020277883123208537,0.026702384473282516,4.720001220703125,-2.799999999999997,2,50,-3.526140155728586,-0.75,-5.0,0,1,0,0,0,"89,99","76,90",92.65,0.013256804241062686,-3.1800003051757812,0
2021-08-05,69.1,72.14,39.09000015258789,17.28,92.23999786376952,0.013256804241062686,0.013256804241062686,0.02251376290678858,0.018483408419337037,0.026782856317406078,-3.1800003051757812,-3.0400000000000063,5,152,-8.208617389034321,3.2,-5.0,0,4,0,0,0,"99,66","75,70",110.5,0.012230787295063023,0.220001220703125,0
2021-08-06,68.26,71.02,39.310001373291016,16.15,92.8000030517578,-0.012230787295063023,0.012230787295063023,0.020548245610155023,0.01852378873955153,0.026237269561584394,0.220001220703125,-2.759999999999991,1,30,1.9359238450882,3.5,3.5,0,1,0,0,0,"63,62","16,91",98.75,0.02522014696560788,3.9699974060058665,1
2021-08-09,66.56,69.65,43.27999877929688,16.72,92.9499969482422,-0.02522014696560788,0.02522014696560788,0.01834497546284652,0.01941788911351954,0.026647068949971663,3.9699974060058665,-3.0900000000000034,0,0,0.0,0.0,0.0,0,0,0,0,0,"42,61","53,09",26.57,0.026245112279733602,-4.0,0
2021-08-10,68.33,71.14,39.27999877929688,16.79,93.05999755859376,0.026245112279733602,0.026245112279733602,0.025860726973270617,0.022263159883872403,0.027258866313363564,-4.0,-2.8100000000000023,5,84,-0.9447794713057853,-4.9,-7.0,0,1,0,0,0,"103,37","46,84",140.66,0.014095997403170522,-0.9899978637695384,0
2021-08-11,69.3,71.99,38.290000915527344,16.06,92.91000366210938,0.014095997403170522,0.014095997403170522,0.021194037489507087,0.02262973311967724,0.026927310282081326,-0.9899978637695384,-2.6899999999999977,0,0,0.0,0.0,0.0,0,0,0,0,0,"71,91","47,79",103.64,0.002600781700057256,-1.7900009155273438,0
2021-08-12,69.12,71.79,36.5,15.59,93.04000091552734,-0.002600781700057256,0.002600781700057256,0.020493281508192594,0.021376327470492146,0.02664411341048368,-1.7900009155273438,-2.6700000000000017,0,0,0.0,0.0,0.0,0,0,0,0,0,"76,15","94,90",55.41,0.011056266248410133,-0.5900001525878906,0
2021-08-13,68.36,70.9,35.90999984741211,15.45,92.5199966430664,-0.011056266248410133,0.011056266248410133,0.020323233956791795,0.021085419141757763,0.026711670297287448,-0.5900001525878906,-2.5400000000000063,8,206,-4.829997361087518,-5.1125,-10.0,3,1,1,0,1,"95,29","126,67",60.37,0.013549544553790172,2.9300003051757812,1
2021-08-16,67.44,70.07,38.84000015258789,16.12,92.62999725341795,-0.013549544553790172,0.013549544553790172,0.017070407138338878,0.018812678109360693,0.020438704549243927,2.9300003051757812,-2.6299999999999955,4,148,-2.772046204469698,-7.85,-10.0,3,0,1,0,1,"127,20","95,11",185.1,0.014036366031791543,0.6599998474121094,0
2021-08-17,66.5,69.4,39.5,17.91,93.12999725341795,-0.014036366031791543,0.014036366031791543,0.011841879716314733,0.018972937149259576,0.02047889775995684,0.6599998474121094,-2.9000000000000057,2,50,-4.273293730764672,-5.4,-5.8,0,0,0,0,0,"157,74","137,60",163.96,0.017291497110060994,1.3600006103515625,1
2021-08-18,65.36,68.61,40.86000061035156,21.57,93.13999938964844,-0.017291497110060994,0.017291497110060994,0.005553246586402206,0.016592618067419546,0.018044329367408542,1.3600006103515625,-3.25,6,171,-4.524725634868299,-1.8166666666666667,-7.2,2,3,0,0,1,"83,16","73,69",99.88,0.025882886168473042,0.11999893188476562,0
2021-08-19,63.69,66.8,40.97999954223633,21.67,93.56999969482422,-0.025882886168473042,0.025882886168473042,0.005765858984953536,0.016623335782180254,0.017221807224613906,0.11999893188476562,-3.1099999999999994,2,22,-1.8006452106078525,-3.0,-9.5,1,1,1,0,1,"49,64","9,00",75.05,0.022869029038457382,-0.3100013732910156,0
2021-08-20,62.25,65.51,40.66999816894531,18.56,93.5,-0.022869029038457382,0.022869029038457382,0.005459667238806838,0.01724219502772447,0.017512120118274965,-0.3100013732910156,-3.260000000000005,5,116,-1.3095976218229823,0.64,-5.8,1,3,0,0,0,"68,60","48,85",81.49,0.05317906540398825,-2.0,1
2021-08-23,65.65,69.07,38.66999816894531,17.15,92.95999908447266,0.05317906540398825,0.05317906540398825,0.03306136361038262,0.02516190290389608,0.022142137245173776,-2.0,-3.4199999999999875,4,57,-3.682804934126197,0.875,-7.0,0,3,0,0,0,"189,93","44,55",297.28,0.02778999712967882,-1.8799972534179688,0
2021-08-24,67.5,71.21,36.790000915527344,17.22,92.88999938964844,0.02778999712967882,0.02778999712967882,0.03552342216309683,0.02535434438367319,0.02329438107635631,-1.8799972534179688,-3.7099999999999937,6,116,-2.0012841533399257,-5.416666666666667,-9.5,4,1,2,0,1,"133,26","151,83",150.39,0.01528991856797876,-1.19000244140625,0
2021-08-25,68.54,72.12,35.599998474121094,16.79,92.83000183105467,0.01528991856797876,0.01528991856797876,0.03382162980664782,0.02543716701280495,0.023490889897592213,-1.19000244140625,-3.5799999999999983,6,136,3.593185516902323,1.3,-7.0,0,4,0,0,0,"47,53","47,38",63.23,0.016475806640548186,0.7300033569335938,0
2021-08-26,67.42,70.42,36.33000183105469,18.84,93.05999755859376,-0.016475806640548186,0.016475806640548186,0.031546312190592854,0.02590212483019529,0.023196704833049975,0.7300033569335938,-3.0,4,64,-5.505268092057447,1.0,-10.0,1,3,1,0,1,"114,39","133,05",134.75,0.020843261537424038,-1.4000015258789062,0
2021-08-27,68.84,72.26,34.93000030517578,16.39,92.69000244140624,0.020843261537424038,0.020843261537424038,0.02507407216202633,0.026682491619461814,0.02381175663286246,-1.4000015258789062,-3.4200000000000017,6,82,-5.336923297355086,-6.75,-10.0,3,1,3,0,1,"103,81","141,13",86.32,0.0063712929108411046,0.3400001525878906,0
2021-08-30,69.28,,35.27000045776367,16.19,92.6500015258789,0.0063712929108411046,0.0063712929108411046,0.017126463231736274,0.026240426402095264,0.022623218235101505,0.3400001525878906,,6,140,-3.7243465376196028,-4.916666666666667,-7.0,0,1,0,0,0,"107,77","124,40",94.33,0.012344939289773264,-0.9900016784667969,0
2021-08-31,68.43,73.45,34.279998779296875,16.48,92.62999725341795,-0.012344939289773264,0.012344939289773264,0.016547034385511753,0.02612581888953212,0.02268649295122631,-0.9900016784667969,-5.019999999999996,11,318,-6.143974683846767,-5.090909090909091,-10.0,8,2,1,0,1,"203,01","108,60",288.21,0.0029184319561366876,1.8500022888183594,1
2021-09-01,68.63,71.99,36.130001068115234,16.11,92.4499969482422,0.0029184319561366876,0.0029184319561366876,0.015058697698244444,0.025157424939202023,0.021262560241511425,1.8500022888183594,-3.3599999999999994,4,70,-1.2522490439332736,-2.3,-9.0,2,2,1,0,1,"80,04","88,65",73.95,0.020764985461899244,-4.780000686645508,0
2021-09-02,70.07,73.56,31.350000381469727,16.41,92.2300033569336,0.020764985461899244,0.020764985461899244,0.013873239105266706,0.0230561135562965,0.021567064169488018,-4.780000686645508,-3.490000000000009,4,81,-4.647543232204668,-6.325,-9.5,3,0,1,0,1,"106,26","55,27",138.3,0.010472802125564952,5.559999465942383,1
2021-09-03,69.34,73.07,36.90999984741211,16.41,92.04000091552734,-0.010472802125564952,0.010472802125564952,0.0135268030802703,0.021392868078656375,0.021515122158575036,5.559999465942383,-3.7299999999999898,3,110,-1.8455314461814958,0.6666666666666666,-5.0,0,2,0,0,0,"98,69","136,89",92.77,0.012334191047063616,-4.0,0
2021-09-07,68.49,71.52,32.90999984741211,18.14,92.5199966430664,-0.012334191047063616,0.012334191047063616,0.014384069991364634,0.016421904131292762,0.02087891764920338,-4.0,-3.030000000000001,1,30,-3.05676855895196,3.5,3.5,0,1,0,0,0,"117,78","88,06",130.58,0.01262258326247272,-1.0,0
2021-09-08,69.36,72.36,31.90999984741211,17.96,92.6500015258789,0.01262258326247272,0.01262258326247272,0.01435617190393024,0.014604487464452193,0.02023914711010783,-1.0,-3.0,5,116,-3.2061431072834408,-3.62,-5.8,0,1,0,0,0,"85,30","75,59",86.69,0.015986388993725318,1.9599990844726562,1
2021-09-09,68.26,71.32,33.869998931884766,18.8,92.4800033569336,-0.015986388993725318,0.015986388993725318,0.016598540235985695,0.01495778088923292,0.020312643150804766,1.9599990844726562,-3.059999999999988,0,0,0.0,0.0,0.0,0,0,0,0,0,"73,61","36,69",99.47,0.022596558198328724,-0.3299980163574219,0
2021-09-10,69.82,72.44,33.540000915527344,20.95,92.58000183105467,0.022596558198328724,0.022596558198328724,0.017210138708837964,0.015391531820436144,0.02096320315952894,-0.3299980163574219,-2.6200000000000045,3,54,-2.20770764401197,-2.6666666666666665,-7.5,0,1,0,0,1,"65,94","85,07",45.16,0.010259423131016117,-0.7999992370605469,0
2021-09-13,70.54,72.97,32.7400016784668,19.37,92.62000274658205,0.010259423131016117,0.010259423131016117,0.01676311000891049,0.014398100530975589,0.020886258594914654,-0.7999992370605469,-2.4299999999999926,0,0,0.0,0.0,0.0,0,0,0,0,0,"104,92","109,58",91.4,0.00014177358781817647,0.8899993896484375,0
2021-09-14,70.53,73.05,33.630001068115234,19.46,92.6500015258789,-0.00014177358781817647,0.00014177358781817647,0.014649960126104493,0.014347704438158875,0.020588489280154047,0.8899993896484375,-2.519999999999996,7,210,-2.4705604490896653,4.0,-5.0,0,6,0,0,0,"69,79","37,11",100.59,0.02878902007666152,-1.25,1
2021-09-15,72.59,74.84,32.380001068115234,18.18,92.48999786376952,0.02878902007666152,0.02878902007666152,0.01792969667800242,0.01568016769688875,0.02102888028253131,-1.25,-2.25,4,144,-2.235704514825742,-1.625,-7.0,0,2,0,0,0,"65,97","56,37",70.53,0.0013766521997947516,0.779998779296875,0
2021-09-16,72.69,75.14,33.15999984741211,18.69,92.86000061035156,0.0013766521997947516,0.0013766521997947516,0.012804367332871448,0.01572028779837483,0.020421810510527827,0.779998779296875,-2.450000000000003,10,278,-2.562699847330831,-4.2,-7.2,5,2,0,0,1,"119,12","45,68",160.01,0.008288485080056722,-0.8400001525878906,0
2021-09-17,72.09,74.64,32.31999969482422,20.81,93.1999969482422,-0.008288485080056722,0.008288485080056722,0.014141638698439212,0.01531598730756074,0.019358442688828154,-0.8400001525878906,-2.549999999999997,4,87,-6.065984495490458,-2.9,-7.0,1,1,0,0,0,"151,91","48,85",220.03,0.023580039885445533,2.9099998474121094,1
2021-09-20,70.41,73.59,35.22999954223633,25.71,93.23999786376952,-0.023580039885445533,0.023580039885445533,0.019070656023752745,0.017045289460779895,0.01941519458341719,2.9099998474121094,-3.180000000000007,3,120,-0.36399627387051997,-0.06666666666666672,-7.2,1,2,0,0,1,"59,96","49,81",58.16,0.0014192451999074445,-0.779998779296875,0
2021-09-21,70.51,73.65,34.45000076293945,24.36,93.1999969482422,0.0014192451999074445,0.0014192451999074445,0.019088074054701833,0.016342586029409523,0.015959906765703333,-0.779998779296875,-3.1400000000000006,8,296,-0.3924351799758655,0.6625,-10.0,2,5,1,0,1,"84,71","26,67",118.63,0.026037305147087204,-2.020000457763672,0
2021-09-22,72.37,75.5,32.43000030517578,20.87,93.45999908447266,0.026037305147087204,0.026037305147087204,0.018060490836517357,0.01772115071828804,0.015824156696850684,-2.020000457763672,-3.1299999999999955,18,438,-3.8866377756694677,-3.138888888888889,-9.2,8,6,0,0,1,"54,23","45,05",60.13,0.014540722585482755,-0.13000106811523438,0
2021-09-23,73.43,76.44,32.29999923706055,18.63,93.0999984741211,0.014540722585482755,0.014540722585482755,0.01933641052789973,0.016430535843227963,0.015795597195724452,-0.13000106811523438,-3.009999999999991,10,272,-4.589239972593285,-4.05,-10.0,4,2,1,0,1,"68,83","60,04",85.85,0.010162000597925646,1.7099990844726562,1
2021-09-24,74.18,77.42,34.0099983215332,17.75,93.33000183105467,0.010162000597925646,0.010162000597925646,0.018623359978618862,0.015593547676777774,0.01513670641790742,1.7099990844726562,-3.239999999999995,5,112,-3.269319918433645,-7.140000000000001,-9.2,2,0,1,0,1,"92,75","70,45",110.18,0.018167745222865975,0.970001220703125,0
2021-09-27,75.54,78.85,34.97999954223633,18.76,93.37999725341795,0.018167745222865975,0.018167745222865975,0.009158922410124755,0.016024903390935277,0.014998439501690008,0.970001220703125,-3.309999999999988,2,59,-9.87719666560089,-9.5,-10.0,2,0,1,0,1,"57,03","47,38",55.33,0.0013246789591088337,1.1199989318847585,0
2021-09-28,75.44,78.3,36.09999847412109,23.25,93.7699966430664,-0.0013246789591088337,0.0013246789591088337,0.010136159709468063,0.01608648205537762,0.015050421760554369,1.1199989318847585,-2.8599999999999994,7,166,-4.888358760048447,-4.057142857142857,-9.0,3,2,0,0,1,"96,16","67,10",111.94,0.005049844618327228,-0.8400001525878835,0
2021-09-29,75.06,77.86,35.2599983215332,22.56,94.33999633789062,-0.005049844618327228,0.005049844618327228,0.010070138320392009,0.014401497488535132,0.014711418003355146,-0.8400001525878835,-2.799999999999997,0,0,0.0,0.0,0.0,0,0,0,0,0,"59,40","81,99",83.58,0.002129359335315448,3.420001983642578,1
2021-09-30,75.22,77.81,38.68000030517578,23.14,94.25,0.002129359335315448,0.002129359335315448,0.009342238554867717,0.01439202442117643,0.014717289211548967,3.420001983642578,-2.5900000000000034,2,50,-9.45864889404039,-9.5,-10.0,2,0,1,0,1,"102,68","62,31",148.49,0.010447757535758741,-1.2099990844726562,0
2021-10-01,76.01,79.4,37.470001220703125,21.15,94.04000091552734,0.010447757535758741,0.010447757535758741,0.009383893119597548,0.013909706553790422,0.0142950454539039,-1.2099990844726562,-3.3900000000000006,2,48,-3.18726393523145,-7.1,-7.2,1,0,0,0,1,"68,04","67,83",91.93,0.021732913405120385,-0.20000076293945312,0
2021-10-04,77.68,81.44,37.27000045776367,22.96,93.80999755859376,0.021732913405120385,0.021732913405120385,0.010690960339115202,0.0103946246801756,0.014384456618840158,-0.20000076293945312,-3.759999999999991,3,124,-0.8306684128904258,-2.9,-7.2,2,1,0,0,1,"65,81","17,50",102.15,0.018999615200272817,-0.06999969482421875,0
2021-10-05,79.17,82.72,37.20000076293945,21.3,93.9800033569336,0.018999615200272817,0.018999615200272817,0.011254931879332682,0.010301024054476055,0.014021084718413486,-0.06999969482421875,-3.549999999999997,1,12,0.0,-7.0,-7.0,0,0,0,0,0,"171,90","120,42",185.44,0.019257114879821166,3.8199996948242188,1
2021-10-06,77.66,81.39,41.02000045776367,21.0,94.2699966430664,-0.019257114879821166,0.019257114879821166,0.016476621445440667,0.012876093211424099,0.015144713063878391,3.8199996948242188,-3.730000000000004,4,73,-1.4994783860508467,-3.875,-7.0,0,1,0,0,0,"56,07","0,00",93.25,0.010248616477885292,5.130001068115234,1
2021-10-07,78.46,82.34,46.150001525878906,19.54,94.22000122070312,0.010248616477885292,0.010248616477885292,0.016299073726289744,0.012668699858196204,0.014283604564213181,5.130001068115234,-3.8800000000000097,1,24,-4.80153206304137,3.5,3.5,0,1,0,0,0,"121,31","74,42",139.66,0.013796814002389387,-8.150001525878906,0
2021-10-08,79.55,82.17,38.0,18.77,94.06999969482422,0.013796814002389387,0.013796814002389387,0.016470413938425653,0.012832520886074103,0.013907270574985165,-8.150001525878906,-2.6200000000000045,3,66,-2.576138532528912,0.4000000000000001,-5.8,0,2,0,0,0,"94,40","25,67",142.72,0.013609049539262657,0.5099983215332031,0
2021-10-11,80.64,83.75,38.5099983215332,20.0,94.31999969482422,0.013609049539262657,0.013609049539262657,0.0152701299047575,0.012467049679806995,0.013974638311639496,0.5099983215332031,-3.1099999999999994,2,60,-6.765835361227259,-1.5,-6.5,0,1,0,0,0,"50,81","20,26",76.04,0.0013631577797073476,-1.4099998474121165,0
2021-10-12,80.75,83.53,37.09999847412109,19.85,94.5199966430664,0.0013631577797073476,0.0013631577797073476,0.013921130208308412,0.012306756571732832,0.013939920788834133,-1.4099998474121165,-2.780000000000001,0,0,0.0,0.0,0.0,0,0,0,0,0,"81,57","108,42",52.75,0.000991203153882869,-1.0499992370605398,0
2021-10-13,80.67,83.53,36.04999923706055,18.64,94.08000183105467,-0.000991203153882869,0.000991203153882869,0.006968342380842154,0.011933736448082434,0.013024114435751265,-1.0499992370605398,-2.8599999999999994,3,90,-4.789491475651903,-7.666666666666667,-9.0,3,0,2,0,1,"94,01","116,03",74.45,0.009376996530156993,0.9300003051757812,0
2021-10-14,81.43,83.86,36.97999954223633,16.86,93.95999908447266,0.009376996530156993,0.009376996530156993,0.006896212759313185,0.011810481318994027,0.013020875734317754,0.9300003051757812,-2.4299999999999926,5,100,-8.204762329683751,-7.6,-10.0,3,0,2,0,1,"55,36","64,39",53.71,0.011720314848458537,-2.9300003051757812,0
2021-10-15,82.39,84.67,34.04999923706055,16.3,93.94000244140624,0.011720314848458537,0.011720314848458537,0.006466125423770172,0.011847390212765645,0.012654914389871506,-2.9300003051757812,-2.280000000000001,0,0,0.0,0.0,0.0,0,0,0,0,0,"107,15","151,32",74.25,0.002787711641119797,0.970001220703125,0
2021-10-18,82.62,84.13,35.02000045776367,16.31,93.9499969482422,0.002787711641119797,0.002787711641119797,0.005436581421098061,0.010894438471615534,0.010532262383241207,0.970001220703125,-1.509999999999991,6,180,-2.6341961479312426,-2.3000000000000003,-10.0,2,2,1,0,1,"126,71","27,07",188.15,0.006875366327177809,0.11999893188476562,0
2021-10-19,83.19,85.02,35.13999938964844,15.7,93.79000091552734,0.006875366327177809,0.006875366327177809,0.005100917485458011,0.009940300889324544,0.010423046426066262,0.11999893188476562,-1.8299999999999983,3,153,-3.4082823371779054,-3.7999999999999994,-9.2,2,1,0,0,1,"133,84","28,59",198.74,0.014440253306115215,0.020000457763671875,0
2021-10-20,84.4,85.76,35.15999984741211,15.49,93.55999755859376,0.014440253306115215,0.014440253306115215,0.004478759278416757,0.005573899960192455,0.0096785073383526,0.020000457763671875,-1.3599999999999994,3,66,-5.4104429180634055,-7.433333333333334,-10.0,1,0,1,0,1,"76,41","62,73",104.65,0.02107357679052843,1.3899993896484375,1
2021-10-21,82.64,84.58,36.54999923706055,15.01,93.7699966430664,-0.02107357679052843,0.02107357679052843,0.014155488544230006,0.010759696850739457,0.011463217028598925,1.3899993896484375,-1.9399999999999977,4,104,-3.827100504330313,-5.5,-9.0,2,1,0,0,1,"94,01","80,33",104.22,0.022612676129453273,0.31999969482421875,0
2021-10-22,84.53,85.43,36.869998931884766,15.43,93.61000061035156,0.022612676129453273,0.022612676129453273,0.01648851740455819,0.011849198422148823,0.012030441006028032,0.31999969482421875,-0.9000000000000057,4,110,-5.983403611360594,-6.0,-7.0,3,0,0,0,0,"86,04","68,62",107.32,0.0013004671691528552,-0.7999992370605469,0
2021-10-25,84.64,84.85,36.06999969482422,15.24,93.80999755859376,0.0013004671691528552,0.0013004671691528552,0.016554583576103604,0.011616289596254922,0.01175988827433715,-0.7999992370605469,-0.20999999999999375,5,114,-3.409663220980588,-3.2,-10.0,2,2,1,0,1,"79,63","116,43",123.6,0.011745495611492743,-0.5699996948242188,0
2021-10-26,85.64,85.11,35.5,15.98,93.9499969482422,0.011745495611492743,0.011745495611492743,0.016845650558321025,0.011734263893391201,0.011712787990384409,-0.5699996948242188,0.5300000000000011,5,104,-2.525321832322279,-1.8399999999999999,-10.0,1,2,1,0,1,"144,65","105,75",160.38,0.03541665463789581,2.1300010681152344,1
2021-10-27,82.66,84.12,37.630001068115234,16.98,93.86000061035156,-0.03541665463789581,0.03541665463789581,0.023783529063564453,0.017571718962703098,0.01482250450502109,2.1300010681152344,-1.460000000000008,5,112,-4.725486187252139,-4.84,-9.0,3,1,1,0,1,"102,93","55,97",140.06,0.0014506772370001756,-0.40000152587890625,0
2021-10-28,82.78,83.4,37.22999954223633,16.53,93.3499984741211,0.0014506772370001756,0.0014506772370001756,0.021833757540459423,0.017401829044836274,0.014829769443445037,-0.40000152587890625,-0.6200000000000045,5,131,-3.3174569390908712,-0.6,-7.0,0,3,0,0,0,"96,13","87,85",99.92,0.00866014553622341,0.6899986267089844,0
2021-10-29,83.5,83.1,37.91999816894531,16.26,94.12000274658205,0.00866014553622341,0.00866014553622341,0.018980443981376938,0.017231019418985548,0.014799220675523682,0.6899986267089844,0.4000000000000057,4,92,-3.4446306654846395,-4.65,-9.0,1,1,0,0,1,"55,78","25,67",71.36,0.006922094711885806,-1.1799964904785156,0
2021-11-01,84.08,84.51,36.7400016784668,16.41,93.87999725341795,0.006922094711885806,0.006922094711885806,0.019419711784050817,0.017319036704863743,0.014262841297167778,-1.1799964904785156,-0.4300000000000068,3,74,-2.9519408487253025,0.0,-7.0,0,2,0,0,0,"124,33","17,71",199.39,0.002023930686717703,-1.1800003051757812,0
2021-11-02,83.91,84.42,35.560001373291016,16.03,94.08999633789062,-0.002023930686717703,0.002023930686717703,0.018028859643569085,0.017255031068492462,0.01386514173143175,-1.1800003051757812,-0.5100000000000051,5,117,-3.2673443519313987,-2.54,-9.0,2,2,0,0,1,"62,87","28,93",96.51,0.03752033623165046,3.8799972534179616,1
2021-11-03,80.82,81.1,39.43999862670898,15.1,93.86000061035156,-0.03752033623165046,0.03752033623165046,0.01894424540628645,0.020271613741752344,0.015859678514025144,3.8799972534179616,-0.28000000000000114,2,42,-2.5494119049127213,3.5,3.5,0,2,0,0,0,"73,81","60,59",101.08,0.024296749355947594,-0.8799972534179616,0
2021-11-04,78.88,80.15,38.560001373291016,15.44,94.3499984741211,-0.024296749355947594,0.024296749355947594,0.0203674714853486,0.020590456428359223,0.01676849901950212,-0.8799972534179616,-1.2700000000000102,4,106,-4.5822018865816565,-0.8999999999999999,-9.0,2,2,1,0,1,"122,69","61,16",160.32,0.029603110915466888,-0.720001220703125,1
2021-11-05,81.25,82.43,37.84000015258789,16.48,94.31999969482422,0.029603110915466888,0.029603110915466888,0.02634972876729561,0.021707474332321074,0.01778161403857228,-0.720001220703125,-1.1800000000000068,4,75,-7.091035862061323,-4.55,-9.5,2,1,1,0,1,"76,94","64,59",101.02,0.008700502160851964,-0.13000106811523438,0
2021-11-08,81.96,83.22,37.709999084472656,17.22,94.0500030517578,0.008700502160851964,0.008700502160851964,0.02656979053799442,0.02203036725160783,0.017632501585627597,-0.13000106811523438,-1.2600000000000051,3,85,-8.301673521962176,-8.733333333333333,-10.0,3,0,2,0,1,"46,37","71,90",34.27,0.026013027463800083,-1.3799972534179688,0
2021-11-09,84.12,84.52,36.33000183105469,17.78,93.95999908447266,0.026013027463800083,0.026013027463800083,0.03010638892646646,0.02351881474375796,0.018512602987721883,-1.3799972534179688,-0.3999999999999915,3,70,-4.079679985717632,-6.733333333333333,-7.2,1,0,0,0,1,"84,58","28,11",117.21,0.0349597137716366,0.7599983215332031,1
2021-11-10,81.23,82.91,37.09000015258789,18.73,94.8499984741211,-0.0349597137716366,0.0349597137716366,0.029309183922143642,0.0234465578948364,0.020279629407023183,0.7599983215332031,-1.6799999999999926,1,30,-5.109489051094889,-7.2,-7.2,1,0,0,0,1,"135,30","37,21",193.98,0.0029502172596877715,-0.8899993896484375,0
2021-11-11,81.47,83.4,36.20000076293945,17.66,95.18000030517578,0.0029502172596877715,0.0029502172596877715,0.0257432300293673,0.023474046887824996,0.020179667359116,-0.8899993896484375,-1.9300000000000068,3,66,-1.1919027839817191,-3.5,-9.0,2,1,0,0,1,"83,04","45,99",115.09,0.007391927214819571,-0.10000228881836648,0
2021-11-12,80.87,82.9,36.09999847412109,16.29,95.12999725341795,-0.007391927214819571,0.007391927214819571,0.0225472117028042,0.023242542668899042,0.02004876953532666,-0.10000228881836648,-2.030000000000001,3,44,-5.614975448884959,-6.5,-6.5,0,0,0,0,0,"101,22","27,52",153.03,0.0002473410846150907,0.31999969482422586,0
2021-11-15,80.85,81.94,36.41999816894531,16.49,95.41000366210938,-0.0002473410846150907,0.0002473410846150907,0.021937855784382773,0.023004970737256863,0.020030618256151024,0.31999969482422586,-1.0900000000000034,4,130,-4.140947057033383,-0.75,-5.0,1,2,0,0,0,"141,16","28,15",211.28,0.001113792578478947,-1.7299995422363281,0
2021-11-16,80.76,82.85,34.689998626708984,16.37,95.91999816894533,-0.001113792578478947,0.001113792578478947,0.01544757627713046,0.02301509191945826,0.019943030370022676,-1.7299995422363281,-2.089999999999989,1,50,0.74626865671642,-5.0,-5.0,0,0,0,0,0,"122,86","56,53",165.03,0.030678795222381924,-0.9399986267089844,1
2021-11-17,78.32,80.67,33.75,17.11,95.83000183105467,-0.030678795222381924,0.030678795222381924,0.013598277125671096,0.021980642649676935,0.020588562051706123,-0.9399986267089844,-2.3500000000000085,6,160,-5.224586423082355,-4.6000000000000005,-7.2,3,1,0,0,1,"126,07","78,01",180.74,0.007631682932159843,3.9300003051757812,1
2021-11-18,78.92,82.45,37.68000030517578,17.59,95.54000091552734,0.007631682932159843,0.007631682932159843,0.01460413603605571,0.020856529855788945,0.02031521256586328,3.9300003051757812,-3.530000000000001,9,228,-1.881812678652723,-0.13333333333333316,-7.2,2,4,0,0,1,"158,17","54,06",217.96,0.03625501887511446,-0.5499992370605469,1
2021-11-19,76.11,80.24,37.130001068115234,17.91,96.06999969482422,-0.03625501887511446,0.03625501887511446,0.019869277955552527,0.020885891200039416,0.020774646496926303,-0.5499992370605469,-4.1299999999999955,11,240,-2.9822305302331875,-2.1181818181818177,-9.2,4,4,2,0,1,"108,76","81,32",150.73,0.008243422539506072,-0.5200004577636719,0
2021-11-22,76.74,80.97,36.61000061035156,19.17,96.5,0.008243422539506072,0.008243422539506072,0.021439787936211308,0.020849312031066793,0.020947095777864796,-0.5200004577636719,-4.230000000000004,7,133,-3.9181194728730144,-2.914285714285714,-9.2,2,3,0,0,1,"128,99","41,15",180.2,0.020379913403448663,-1.5100021362304688,0
2021-11-23,78.32,83.43,35.099998474121094,19.38,96.48999786376952,0.020379913403448663,0.020379913403448663,0.025538767807719336,0.019926513108146787,0.021392442753381494,-1.5100021362304688,-5.110000000000014,4,90,-3.0302854713302496,-6.6,-7.2,3,0,0,0,1,"80,91","28,47",118.73,0.0,-0.30999755859375,0
2021-11-24,78.32,82.37,34.790000915527344,18.58,96.83999633789062,0.0,0.0,0.02154044952820698,0.01741234371838488,0.020123938417659214,-0.30999755859375,-4.050000000000011,4,150,-5.019241091528084,-2.275,-9.2,1,2,0,0,1,"87,69","126,27",48.61,0.11402351295639908,28.549999237060547,1
2021-11-29,69.88,73.34,63.34000015258789,22.96,96.33999633789062,-0.11402351295639908,0.11402351295639908,0.05440378077099352,0.0387292612847478,0.03195740824897508,28.549999237060547,-3.460000000000008,1,18,-0.937319825385057,3.5,3.5,0,1,0,0,0,"60,78","20,20",101.08,0.05500577771220903,11.890003204345703,1
2021-11-30,66.14,70.86,75.2300033569336,27.19,95.98999786376952,-0.05500577771220903,0.05500577771220903,0.05605248778969498,0.04052786152041298,0.03330375951356845,11.890003204345703,-4.719999999999999,1,18,-3.43137254901961,-5.0,-5.0,1,0,0,0,0,"92,79","18,50",146.6,0.010640015259155196,2.9499969482421875,1
2021-12-01,65.44,69.53,78.18000030517578,31.12,96.0500030517578,-0.010640015259155196,0.010640015259155196,0.053574540990887744,0.04009292904843019,0.03301850794264282,2.9499969482421875,-4.090000000000003,4,94,-4.669451630123889,-6.85,-7.2,3,0,0,0,1,"86,94","17,34",130.13,0.017570885251851714,-20.90999984741211,0
2021-12-02,66.6,70.56,57.27000045776367,27.95,96.12999725341795,0.017570885251851714,0.017570885251851714,0.052900291645620906,0.041539525842192816,0.03363173006596658,-20.90999984741211,-3.960000000000008,1,16,1.04564164864408,3.5,3.5,0,1,0,0,0,"93,12","26,53",140.12,0.0031581348152753272,7.280002593994141,1
2021-12-03,66.39,70.71,64.55000305175781,30.67,96.12000274658205,-0.0031581348152753272,0.0031581348152753272,0.052433221841789064,0.041611840979903524,0.03310894080981623,7.280002593994141,-4.319999999999993,3,54,-2.75008167214888,2.6,-7.0,0,2,0,0,0,"106,17","42,34",162.45,0.04750543965222499,-8.340003967285156,1
2021-12-06,69.62,73.38,56.209999084472656,27.18,96.29000091552734,0.04750543965222499,0.04750543965222499,0.0377873759421929,0.0458758230811035,0.03527984778418984,-8.340003967285156,-3.759999999999991,3,46,-7.6954484317554686,-6.666666666666667,-7.2,2,0,0,0,1,"120,54","67,30",184.44,0.03278055588418494,-8.05999755859375,1
2021-12-07,71.94,75.54,48.150001525878906,21.89,96.37000274658205,0.03278055588418494,0.03278055588418494,0.02423879817329872,0.04708861905214671,0.03545648185216397,-8.05999755859375,-3.6000000000000085,7,191,-5.205984981296943,-1.157142857142857,-7.0,2,3,0,0,0,"202,43","155,95",237.19,0.006788139939756825,-2.9300003051757812,0
2021-12-08,72.43,75.94,45.220001220703125,19.9,95.88999938964844,0.006788139939756825,0.006788139939756825,0.02022500127355466,0.04704318963008166,0.035417067036477574,-2.9300003051757812,-3.509999999999991,7,126,0.9961275146288745,0.9428571428571428,-7.2,2,5,0,0,1,"145,56","52,77",212.73,0.021773365385070045,2.2099990844726562,1
2021-12-09,70.87,74.1,47.43000030517578,21.58,96.2699966430664,-0.021773365385070045,0.021773365385070045,0.027789936651455564,0.046321690214039875,0.03473625273268649,2.2099990844726562,-3.2299999999999898,2,46,-2.0431352371151665,3.5,3.5,0,2,0,0,0,"104,56","66,33",150.17,0.011782995072318671,-1.2000007629394531,0
2021-12-10,71.71,74.98,46.22999954223633,18.69,96.0500030517578,0.011782995072318671,0.011782995072318671,0.026466712712299213,0.04675206666794998,0.0344384331055383,-1.2000007629394531,-3.2700000000000102,4,96,-3.2791876756201908,-2.55,-10.0,2,2,1,0,1,"164,98","112,53",245.49,0.007277848778701605,-0.34999847412109375,0
2021-12-13,71.19,74.12,45.880001068115234,20.31,96.31999969482422,-0.007277848778701605,0.007277848778701605,0.0205369601653363,0.028802693058040917,0.03437076717012729,-0.34999847412109375,-2.930000000000007,4,102,-1.69752259738236,-6.1,-7.2,4,0,0,0,1,"110,42","10,48",174.89,0.008747234103043048,8.879997253417969,1
2021-12-14,70.57,73.37,54.7599983215332,21.89,96.56999969482422,-0.008747234103043048,0.008747234103043048,0.01336544545841802,0.021425370642765673,0.034373447553521855,8.879997253417969,-2.8000000000000114,2,150,-7.701345798247093,-7.5,-10.0,1,0,1,0,1,"129,90","101,75",177.46,0.004524254854187371,1.770000457763679,1
2021-12-15,70.89,73.71,56.52999877929688,19.29,96.51000213623048,0.004524254854187371,0.004524254854187371,0.012946951003328743,0.02059950859135128,0.03443790789987238,1.770000457763679,-2.819999999999993,2,30,-4.856793140009582,-1.5,-6.5,0,1,0,0,0,"72,01","26,92",112.28,0.020247846657025757,-6.559997558593757,0
2021-12-16,72.34,74.64,49.970001220703125,20.57,96.04000091552734,0.020247846657025757,0.020247846657025757,0.012394232972298318,0.02075452129505026,0.03494369354700714,-6.559997558593757,-2.299999999999997,6,148,-2.6966904602014825,2.0500000000000003,-7.5,1,4,0,0,1,"136,25","59,43",212.43,0.019683751309956428,-1.6599998474121094,0
2021-12-17,70.93,72.97,48.310001373291016,21.57,96.56999969482422,-0.019683751309956428,0.019683751309956428,0.015194184782496354,0.022361080614090673,0.03461171854343138,-1.6599998474121094,-2.039999999999992,4,105,-3.1087819281001288,-6.675,-9.5,2,0,1,0,1,"95,44","71,36",125.66,0.03208984698820528,11.930000305175781,1
2021-12-20,68.69,70.51,60.2400016784668,22.87,96.5500030517578,-0.03208984698820528,0.03208984698820528,0.02042408060351332,0.020255617206881082,0.03498901907448336,11.930000305175781,-1.8200000000000074,4,82,-1.8325105447352878,1.7,-7.2,1,3,0,0,1,"53,09","21,17",88.29,0.034483708583404965,-7.930000305175781,1
2021-12-21,71.1,72.85,52.310001373291016,21.01,96.48999786376952,0.034483708583404965,0.034483708583404965,0.027502645239061083,0.020579014074851,0.035442297246142236,-7.930000305175781,-1.75,6,151,-2.6481338656778535,-0.2999999999999998,-9.2,3,3,0,0,1,"101,41","19,26",160.61,0.02390330593809215,-6.310001373291016,0
2021-12-22,72.82,74.69,46.0,18.63,96.08000183105467,0.02390330593809215,0.02390330593809215,0.029340127570167546,0.021978935762008964,0.035883405090959816,-6.310001373291016,-1.8700000000000045,4,109,-2.9620997882567437,-3.1,-7.2,3,1,0,0,1,"141,34","17,61",227.71,0.014586858053269043,-2.2900009155273438,0
2021-12-23,73.89,76.26,43.709999084472656,17.96,96.0199966430664,0.014586858053269043,0.014586858053269043,0.028725374844288526,0.020856924266134898,0.03571092980014706,-2.2900009155273438,-2.3700000000000045,3,88,-2.6442271480833814,0.5,-9.0,1,2,1,0,1,"135,31","59,95",225.03,0.021422696350977165,-0.12999725341796875,0
2021-12-27,75.49,,43.58000183105469,17.68,96.08999633789062,0.021422696350977165,0.021422696350977165,0.025911075331090612,0.021461719586563288,0.03612176751135513,-0.12999725341796875,,8,158,-1.634980495318987,-6.3125,-10.0,1,0,1,0,1,"78,87","17,47",131.17,0.006864713426415776,-2.3500022888183594,0
2021-12-28,76.01,,41.22999954223633,17.54,96.1999969482422,0.006864713426415776,0.006864713426415776,0.01035081360272944,0.021014027103104942,0.02465640391789877,-2.3500022888183594,,1,30,-8.59375,-9.0,-9.0,1,0,0,0,1,"58,89","14,68",85.7,0.007471035471199367,-0.9899978637695312,0
2021-12-29,76.58,78.63,40.2400016784668,16.95,95.93000030517578,0.007471035471199367,0.007471035471199367,0.0078013756512520386,0.020316394615483676,0.02033987665986389,-0.9899978637695312,-2.049999999999997,1,24,-7.01754385964913,-9.2,-9.2,1,0,0,0,1,"37,89","21,58",63.01,0.0032592428303951084,-0.04000091552734375,0
2021-12-30,76.83,78.61,40.20000076293945,17.33,95.97000122070312,0.0032592428303951084,0.0032592428303951084,0.007255725306088676,0.02034555605890221,0.01992689758601668,-0.04000091552734375,-1.7800000000000011,0,0,0.0,0.0,0.0,0,0,0,0,0,"147,23","56,45",197.76,0.01971672704194024,2.4199981689453125,1
2021-12-31,75.33,77.24,42.619998931884766,17.22,95.66999816894533,-0.01971672704194024,0.01971672704194024,0.014889082829947409,0.021570784070964737,0.020715315111399412,2.4199981689453125,-1.9099999999999966,1,32,-2.25275184350109,3.5,3.5,0,1,0,0,0,"76,59","0,00",127.38,0.00872329084409012,-5.049999237060547,0
2022-01-03,75.99,78.25,37.56999969482422,16.6,96.23999786376952,0.00872329084409012,0.00872329084409012,0.01193411440555729,0.019904031423811537,0.02060413443697632,-5.049999237060547,-2.260000000000005,3,42,-3.0856725538184016,-5.733333333333333,-7.2,3,0,0,0,1,"52,34","14,91",74.61,0.013203669171990413,1.9099998474121094,1
2022-01-04,77.0,79.39,39.47999954223633,16.91,96.29000091552734,0.013203669171990413,0.013203669171990413,0.01296273193065751,0.014455844284238472,0.01833615912343329,1.9099998474121094,-2.3900000000000006,4,103,-2.5494102289468317,1.0000000000000002,-5.8,1,2,0,0,0,"88,96","10,43",139.25,0.010721539117612951,5.010002136230469,1
2022-01-05,77.83,80.6,44.4900016784668,19.73,96.19000244140624,0.010721539117612951,0.010721539117612951,0.013344720679322726,0.011985364009867503,0.017208304060575663,5.010002136230469,-2.769999999999996,6,152,-4.038766621987094,3.016666666666667,-6.5,0,4,0,0,0,"96,48","82,44",137.53,0.020852630980791157,-7.630001068115234,0
2022-01-06,79.47,81.99,36.86000061035156,19.61,96.25,0.020852630980791157,0.020852630980791157,0.015497487293738624,0.011597674362841325,0.01761364883862243,-7.630001068115234,-2.519999999999996,8,183,-3.3827438428253407,-5.95,-10.0,5,1,1,0,1,"70,01","69,80",65.5,0.005931739485066541,0.1399993896484375,0
2022-01-07,79.0,82.28,37.0,18.76,95.73999786376952,-0.005931739485066541,0.005931739485066541,0.00978305232242826,0.012245098848125574,0.016695705027444104,0.1399993896484375,-3.280000000000001,1,36,-4.40150153543702,-7.2,-7.2,1,0,0,0,1,"118,96","72,98",182.62,0.011329762844815575,0.6500015258789062,0
2022-01-10,78.11,81.56,37.650001525878906,19.4,95.98999786376952,-0.011329762844815575,0.011329762844815575,0.013566869565127444,0.01224597418615845,0.017029394655927718,0.6500015258789062,-3.450000000000003,11,250,-1.748239335864851,-3.727272727272727,-10.0,7,4,2,0,1,"130,01","51,84",172.97,0.03842763115087833,-3.3400001525878906,1
2022-01-11,81.17,84.98,34.310001373291016,18.41,95.62000274658205,0.03842763115087833,0.03842763115087833,0.02020957501505494,0.01654703624093306,0.018408443581238564,-3.3400001525878906,-3.8100000000000023,1,30,-0.131180501918667,6.0,6.0,0,1,0,0,0,"188,91","78,84",270.34,0.016373777343167455,0.07999801635742188,0
2022-01-12,82.51,85.83,34.38999938964844,17.62,95.0,0.016373777343167455,0.016373777343167455,0.020379076400601458,0.016837953648412462,0.01816446405228653,0.07999801635742188,-3.319999999999993,6,250,-5.751192261530295,-5.783333333333334,-7.5,1,0,0,0,1,"78,21","36,69",114.77,0.006566171451312663,2.720001220703125,1
2022-01-13,81.97,85.8,37.11000061035156,20.31,94.79000091552734,-0.006566171451312663,0.006566171451312663,0.02097363010369067,0.01738789832756211,0.018437465408537593,2.720001220703125,-3.8299999999999983,2,24,-7.18491481049518,-9.0,-10.0,2,0,2,0,1,"170,65","100,07",250.41,0.02231831583198615,4.069999694824219,1
2022-01-14,83.82,87.17,41.18000030517578,19.19,95.16999816894533,0.02231831583198615,0.02231831583198615,0.020693461011117346,0.015309010665423324,0.018519849803014177,4.069999694824219,-3.3500000000000085,4,112,-3.0061535195869444,-8.55,-10.0,3,0,2,0,1,"133,57","17,75",207.33,0.018908622916395185,1.0999984741211009,0
2022-01-18,85.42,88.83,42.27999877929688,22.79,95.7300033569336,0.018908622916395185,0.018908622916395185,0.016146556061544266,0.015502019885856302,0.017537756507589812,1.0999984741211009,-3.4099999999999966,8,168,-2.0783557968484923,1.9250000000000003,-7.2,3,5,0,0,1,"138,82","114,53",151.26,0.01648707959677064,0.4700012207031179,0
2022-01-19,86.84,89.64,42.75,23.85,95.51000213623048,0.01648707959677064,0.01648707959677064,0.011476587906385862,0.015572071605790572,0.014626910835294467,0.4700012207031179,-2.799999999999997,7,169,-6.639071061797254,-5.328571428571428,-7.2,5,1,0,0,1,"153,56","52,49",233.49,0.006353628489874904,-1.5999984741210938,0
2022-01-20,86.29,89.75,41.150001525878906,25.59,95.73999786376952,-0.006353628489874904,0.006353628489874904,0.014227138133089436,0.01663117649628814,0.014124128863360053,-1.5999984741210938,-3.4599999999999937,9,237,-7.6065546540766436,-7.51111111111111,-9.0,6,0,0,0,1,"136,37","26,31",212.17,0.01318187649493751,1.4199981689453125,1
2022-01-21,85.16,89.75,42.56999969482422,28.85,95.63999938964844,-0.01318187649493751,0.01318187649493751,0.016202451374985438,0.017685025821225008,0.014585545410878972,1.4199981689453125,-4.590000000000003,1,18,-3.25824628683657,-7.2,-7.2,1,0,0,0,1,"185,75","88,18",242.72,0.008017020067327322,5.270000457763672,1
2022-01-24,84.48,87.74,47.84000015258789,29.9,95.91999816894533,-0.008017020067327322,0.008017020067327322,0.014962117174407598,0.017864719578706754,0.014906405892001784,5.270000457763672,-3.259999999999991,4,86,-4.681740698612285,-4.425,-9.0,2,1,0,0,1,"185,80","42,34",282.51,0.024900462385002015,-0.20999908447265625,0
2022-01-25,86.61,89.49,47.630001068115234,31.16,95.9499969482422,0.024900462385002015,0.024900462385002015,0.016822443012265414,0.01746987935448963,0.01510617492252923,-0.20999908447265625,-2.8799999999999955,7,268,-2.38736571396605,-3.942857142857143,-7.2,4,2,0,0,1,"291,58","123,90",397.48,0.019664518414087454,-1.9600028991699219,0
2022-01-26,88.33,91.22,45.66999816894531,31.96,96.48999786376952,0.019664518414087454,0.019664518414087454,0.017516025912087372,0.01494140609573561,0.015374658762793598,-1.9600028991699219,-2.8900000000000006,10,332,-5.873847887359929,-2.69,-7.2,3,3,0,0,1,"260,34","71,60",425.49,0.00818465407876841,1.2300033569335938,0
2022-01-27,87.61,90.7,46.900001525878906,30.49,97.26000213623048,-0.00818465407876841,0.00818465407876841,0.01778801695097722,0.015502658369864407,0.015770244197004856,1.2300033569335938,-3.0900000000000034,10,287,-5.3430696766097014,-5.89,-10.0,5,1,1,0,1,"265,01","79,26",411.34,0.0006846189222218972,0.8400001525878906,0
2022-01-28,87.67,91.47,47.7400016784668,27.66,97.2699966430664,0.0006846189222218972,0.0006846189222218972,0.015570001538359147,0.01501152992862886,0.015810506128851123,0.8400001525878906,-3.799999999999997,5,143,-3.6965250551896505,-3.7600000000000002,-9.0,2,1,0,0,1,"182,23","80,74",282.86,0.016852742917173844,-5.39000320434571,0
2022-01-31,89.16,92.35,42.34999847412109,24.83,96.54000091552734,0.016852742917173844,0.016852742917173844,0.01393534259365893,0.014470356485939447,0.014681188621647537,-5.39000320434571,-3.1899999999999977,3,77,-5.774653471509308,-7.0,-7.0,0,0,0,0,0,"142,99","19,01",237.8,0.010598813840874447,-1.039997100830071,0
2022-02-01,88.22,90.24,41.310001373291016,21.96,96.38999938964844,-0.010598813840874447,0.010598813840874447,0.0139879659529347,0.014593498830142933,0.015284086058546783,-1.039997100830071,-2.019999999999996,6,102,-1.7357399100635866,-5.733333333333333,-10.0,4,1,2,0,1,"190,59","54,29",286.77,0.0006803492721893124,0.5499992370605469,0
2022-02-02,88.16,91.43,41.86000061035156,22.09,95.94000244140624,-0.0006803492721893124,0.0006803492721893124,0.010764846645574096,0.01385095497544175,0.015324806252555938,0.5499992370605469,-3.2700000000000102,7,282,-4.891442953694391,-5.1000000000000005,-7.2,4,1,0,0,1,"250,32","58,23",395.48,0.02254343210721108,0.29000091552734375,0
2022-02-03,90.17,92.99,42.150001525878906,24.35,95.37999725341795,0.02254343210721108,0.02254343210721108,0.013597618544297498,0.014995503382094849,0.01570853648658974,0.29000091552734375,-2.819999999999993,12,233,-3.0460081093390796,-3.4416666666666664,-9.0,7,4,3,0,1,"176,29","40,87",272.72,0.02302228407864901,1.7299995422363281,1
2022-02-04,92.27,96.86,43.880001068115234,23.22,95.4800033569336,0.02302228407864901,0.02302228407864901,0.015099661008600725,0.014645824989458564,0.015813770620090283,1.7299995422363281,-4.590000000000003,4,79,-3.787702637498402,-4.25,-10.0,3,1,1,0,1,"92,57","64,20",107.1,0.011116069127863486,-0.5400009155273438,0
2022-02-07,91.25,97.28,43.34000015258789,22.86,95.4000015258789,-0.011116069127863486,0.011116069127863486,0.01708231799949287,0.015050051697644352,0.016085121570871906,-0.5400009155273438,-6.030000000000001,11,373,-1.9590008519319781,-2.4545454545454546,-7.2,6,4,0,0,1,"195,15","29,93",299.58,0.021377565490643867,-2.0800018310546875,0
2022-02-08,89.32,96.07,41.2599983215332,21.44,95.63999938964844,-0.021377565490643867,0.021377565490643867,0.01992831568277866,0.01624409607977425,0.016834058031010426,-2.0800018310546875,-6.75,7,241,-2.9733516453068343,-2.557142857142857,-7.5,1,3,0,0,1,"158,39","81,21",225.78,0.00279501551514679,-1.8599967956542969,0
2022-02-09,89.57,94.95,39.400001525878906,19.96,95.48999786376952,0.00279501551514679,0.00279501551514679,0.01985106012469848,0.015171051001217122,0.015095885318816586,-1.8599967956542969,-5.38000000000001,13,251,-3.0466612541728426,-4.292307692307692,-10.0,8,3,3,0,1,"117,18","35,94",172.39,0.002898552754011479,4.409999847412109,1
2022-02-10,89.83,96.37,43.810001373291016,23.91,95.5500030517578,0.002898552754011479,0.002898552754011479,0.016762698584812188,0.01479367354088096,0.014856769069423221,4.409999847412109,-6.540000000000006,4,110,-1.3683665413552373,-0.5249999999999999,-7.2,1,2,0,0,1,"108,54","17,31",173.28,0.03575518904190616,3.6299972534179616,1
2022-02-11,93.1,97.5,47.43999862670898,27.36,96.08000183105467,0.03575518904190616,0.03575518904190616,0.02155907997744049,0.018101949606086784,0.016189312229303168,3.6299972534179616,-4.400000000000006,9,217,-4.762288806075102,-7.0,-9.0,7,0,1,0,1,"179,28","73,12",250.72,0.025661465361270522,1.3900032043457102,1
2022-02-14,95.52,101.66,48.83000183105469,28.33,96.37000274658205,0.025661465361270522,0.025661465361270522,0.022315147251559215,0.018885593293697666,0.016378841072443185,1.3900032043457102,-6.140000000000001,5,160,-0.5524228862389482,-2.84,-7.2,1,2,0,0,1,"191,89","70,48",285.53,0.036786492344537486,-0.470001220703125,1
2022-02-15,92.07,98.43,48.36000061035156,25.7,95.98999786376952,-0.036786492344537486,0.036786492344537486,0.027939659815950025,0.02295697686658924,0.018729950208896836,-0.470001220703125,-6.360000000000014,6,115,-4.35143891968078,-5.133333333333334,-8.0,4,1,1,0,1,"229,06","87,83",380.94,0.018935477002203903,1.0200004577636719,0
2022-02-16,93.83,97.44,49.380001068115234,24.29,95.6999969482422,0.018935477002203903,0.018935477002203903,0.02839612667289418,0.023321989178064113,0.01882535113374493,1.0200004577636719,-3.6099999999999994,4,122,-1.2098481750581662,-0.675,-7.2,1,2,0,0,1,"223,47","61,16",371.64,0.02209022533527082,3.759998321533203,1
2022-02-17,91.78,95.28,53.13999938964844,28.11,95.8000030517578,-0.02209022533527082,0.02209022533527082,0.03179812114202694,0.024111331312235664,0.01958858282436609,3.759998321533203,-3.5,3,160,-0.8730338352400457,-3.6333333333333333,-7.2,2,1,0,0,1,"228,45","91,10",334.34,0.005681833467430946,-1.1300010681152344,0
2022-02-18,91.26,96.18,52.0099983215332,27.75,96.04000091552734,-0.005681833467430946,0.005681833467430946,0.02650885340160405,0.022982289530304817,0.01933089565667459,-1.1300010681152344,-4.920000000000002,14,299,-5.177039752657562,2.6214285714285714,-7.2,1,10,0,0,1,"226,35","147,54",318.52,0.009270939500887683,-1.8999977111816406,0
2022-02-22,92.11,98.73,50.11000061035156,28.81,96.02999877929688,0.009270939500887683,0.009270939500887683,0.022658962773162955,0.022899220918737636,0.01917663280125031,-1.8999977111816406,-6.6200000000000045,20,428,-3.4047202048760097,-2.8649999999999998,-7.2,5,6,0,0,1,"279,43","121,56",439.37,0.0003256445076266229,0.3999977111816406,0
2022-02-23,92.14,99.29,50.5099983215332,31.02,96.19000244140624,0.0003256445076266229,0.0003256445076266229,0.01553024805918261,0.021537187951378094,0.0185663728895954,0.3999977111816406,-7.150000000000006,8,219,-3.4596297978830637,-4.2124999999999995,-9.5,3,2,2,0,1,"431,02","183,47",692.65,0.006814152157409257,-1.4699974060058594,0
2022-02-24,92.77,101.29,49.040000915527344,30.32,97.13999938964844,0.006814152157409257,0.006814152157409257,0.012519328952685099,0.021568169555965192,0.018181124584254863,-1.4699974060058594,-8.52000000000001,11,230,-4.79027538266256,-3.3,-7.2,3,3,0,0,1,"370,70","189,52",545.37,0.011819058698750612,0.45999908447265625,0
2022-02-25,91.68,98.56,49.5,27.59,96.62000274658205,-0.011819058698750612,0.011819058698750612,0.00872101951113004,0.022109895350300272,0.018310736093408397,0.45999908447265625,-6.8799999999999955,9,253,-3.4030832769708708,-0.2999999999999998,-7.2,1,4,0,0,1,"515,89","162,41",797.75,0.04739718911129528,3.0,1
2022-02-28,96.13,103.08,52.5,30.15,96.70999908447266,0.04739718911129528,0.04739718911129528,0.022237942057171892,0.02428229485976337,0.020894701021519954,3.0,-6.950000000000003,11,380,-4.290652619312356,-0.4363636363636362,-9.2,3,5,0,0,1,"452,62","218,17",678.29,0.0754148706838357,8.930000305175781,1
2022-03-01,103.66,110.93,61.43000030517578,33.32,97.41000366210938,0.0754148706838357,0.0754148706838357,0.03650018334549123,0.03294663588774227,0.026144949781031913,8.930000305175781,-7.27000000000001,7,166,-5.069457813842178,-1.4285714285714284,-9.5,3,4,1,0,1,"540,83","287,55",809.49,0.0660687986332607,0.09999847412110086,1
2022-03-02,110.74,118.94,61.52999877929688,30.74,97.38999938964844,0.0660687986332607,0.0660687986332607,0.03782536216095316,0.0334014830213558,0.028829086179445164,0.09999847412110086,-8.200000000000003,4,131,-4.392563956223465,-6.6,-9.2,3,0,0,0,1,"523,52","203,22",778.2,0.027928382054031586,2.840003967285149,1
2022-03-03,107.69,115.36,64.37000274658203,30.48,97.79000091552734,-0.027928382054031586,0.027928382054031586,0.046825505410814594,0.03647419542088615,0.03004654701149756,2.840003967285149,-7.670000000000002,10,390,-3.4027691910623137,-2.7,-10.0,2,4,2,0,1,"436,82","353,83",552.41,0.07234873487684747,12.919998168945312,1
2022-03-04,115.77,123.86,77.29000091552734,31.98,98.6500015258789,0.07234873487684747,0.07234873487684747,0.04309125589065085,0.038334175884058165,0.03305385437725328,12.919998168945312,-8.090000000000003,3,172,-2.770526537979148,-7.2,-10.0,1,0,1,0,1,"350,07","226,85",465.75,0.029700519477322773,1.6200027465820312,1
2022-03-07,119.26,129.02,78.91000366210938,36.45,99.29000091552734,0.029700519477322773,0.029700519477322773,0.04373751255948849,0.03697896278690402,0.03319920650802236,1.6200027465820312,-9.760000000000005,6,252,-1.1237123499345616,-5.566666666666666,-9.0,3,1,0,0,1,"362,31","247,68",473.43,0.036068133568955676,-3.0900039672851562,1
2022-03-08,123.64,133.18,75.81999969482422,35.13,99.05999755859376,0.036068133568955676,0.036068133568955676,0.03984058390025034,0.03653916267351241,0.03308434184051159,-3.0900039672851562,-9.540000000000006,5,118,-5.525701993574633,-3.9200000000000004,-6.5,0,1,0,0,0,"352,11","360,26",408.36,0.12777087530099485,-2.5699996948242188,1
2022-03-09,108.81,116.58,73.25,32.45,97.97000122070312,-0.12777087530099485,0.12777087530099485,0.07819996359884954,0.061682425639482195,0.04549797035084135,-2.5699996948242188,-7.769999999999996,8,324,-4.101095890963867,-2.25,-10.0,2,3,1,0,1,"295,31","179,20",391.47,0.02682474335451587,-5.910003662109375,0
2022-03-10,105.93,114.54,67.33999633789062,30.23,98.51000213623048,-0.02682474335451587,0.02682474335451587,0.07811534351242302,0.06317635036151617,0.046216741886822864,-5.910003662109375,-8.61,8,192,-1.3059818992556227,-6.575,-9.2,1,0,0,0,1,"352,40","384,11",343.82,0.031409383697339324,0.6700057983398438,1
2022-03-11,109.31,118.11,68.01000213623047,30.75,99.12000274658205,0.031409383697339324,0.031409383697339324,0.06991993311873566,0.06274671766189033,0.04647748160267355,0.6700057983398438,-8.799999999999997,1,28,-4.47697833156674,-9.2,-9.2,1,0,0,0,1,"410,33","289,76",497.59,0.05732524958516306,-2.5900039672851562,1
2022-03-14,103.22,110.39,65.41999816894531,31.77,99.05999755859376,-0.05732524958516306,0.05732524958516306,0.06790771492708422,0.06587965416997896,0.048365059881739635,-2.5900039672851562,-7.170000000000002,6,192,-4.28288698562304,-0.8499999999999996,-9.2,3,3,0,0,1,"350,11","204,05",492.68,0.06814898374310487,-1.7999992370605469,1
2022-03-15,96.42,105.14,63.619998931884766,29.83,99.06999969482422,-0.06814898374310487,0.06814898374310487,0.05830003289664112,0.06497881509472517,0.050761656665773834,-1.7999992370605469,-8.719999999999999,5,90,-1.9029566821038657,-1.14,-7.0,0,2,0,0,0,"311,88","207,28",400.8,0.016416952596453073,-4.270000457763679,0
2022-03-16,94.85,104.61,59.34999847412109,26.67,98.37999725341795,-0.016416952596453073,0.016416952596453073,0.03916466298249316,0.05965625639304701,0.050175791927072534,-4.270000457763679,-9.760000000000005,4,76,-1.7850085167165757,-6.95,-10.0,2,0,1,0,1,"473,22","343,91",632.54,0.08214098728763619,8.430000305175788,1
2022-03-17,102.97,113.5,67.77999877929688,25.67,98.01000213623048,0.08214098728763619,0.08214098728763619,0.06279537279194625,0.06682908135683056,0.05323009321639526,8.430000305175788,-10.530000000000001,4,105,-3.8189274574467453,-7.775,-9.5,2,0,2,0,1,"290,33","227,75",348.27,0.016565918662604154,1.30999755859375,0
2022-03-18,104.69,114.32,69.08999633789062,23.87,98.2300033569336,0.016565918662604154,0.016565918662604154,0.060927373987630255,0.06184570988609217,0.05290897334046273,1.30999755859375,-9.629999999999995,15,339,-3.0974208313170832,-0.9599999999999999,-9.0,3,6,1,0,1,"285,32","202,48",394.07,0.06874448836426282,1.69000244140625,1
2022-03-21,112.14,122.29,70.77999877929688,23.53,98.5,0.06874448836426282,0.06874448836426282,0.06182066123719656,0.06574432493254208,0.05459172315354893,1.69000244140625,-10.150000000000006,4,112,-3.68325914090664,-6.625,-7.2,2,0,0,0,1,"227,74","227,04",223.8,0.009947655629352114,-1.220001220703125,0
2022-03-22,111.03,121.53,69.55999755859375,22.94,98.48999786376952,-0.009947655629352114,0.009947655629352114,0.045096430228718655,0.0640491301439659,0.05477964356297909,-1.220001220703125,-10.5,12,372,-1.7532897166655848,-4.325,-7.2,4,3,0,0,1,"244,84","201,01",295.41,0.034174713799099164,3.029998779296875,1
2022-03-23,114.89,127.52,72.58999633789062,23.57,98.62000274658205,0.034174713799099164,0.034174713799099164,0.037636807850185444,0.050138378981457496,0.05500886856056188,3.029998779296875,-12.629999999999995,8,174,-2.1793446989057754,-3.8375,-7.5,3,2,0,0,1,"267,47","297,42",342.17,0.0060238516433635285,-3.4499969482421875,0
2022-03-24,114.2,123.98,69.13999938964844,21.67,98.79000091552734,-0.0060238516433635285,0.0060238516433635285,0.032250482197254904,0.04907134128033625,0.05513545104122882,-3.4499969482421875,-9.780000000000001,2,104,-0.39784998694497253,0.6000000000000001,-5.8,0,1,0,0,0,"317,01","265,66",420.24,0.017361547195901026,-0.2299957275390625,0
2022-03-25,116.2,122.67,68.91000366210938,20.81,98.80999755859376,0.017361547195901026,0.017361547195901026,0.03222692239788672,0.04850923350601341,0.054902374792528484,-0.2299957275390625,-6.469999999999999,7,157,-1.941157815166265,-4.0,-10.0,3,2,2,0,1,"350,74","328,08",424.88,0.0773569887040718,-1.8700027465820312,1
2022-03-28,107.55,114.5,67.04000091552734,19.63,99.08999633789062,-0.0773569887040718,0.0773569887040718,0.04254222180914709,0.051726837952580484,0.05766845143033544,-1.8700027465820312,-6.950000000000003,4,88,-3.512310254760395,0.2250000000000001,-5.0,2,2,0,0,0,"281,92","319,38",277.05,0.031163995034828196,-4.5800018310546875,1
2022-03-29,104.25,112.79,62.459999084472656,18.9,98.4000015258789,-0.031163995034828196,0.031163995034828196,0.04378042762335933,0.04710171861197216,0.05577189891361887,-4.5800018310546875,-8.540000000000006,12,315,-3.808928399310817,-3.233333333333333,-7.0,1,4,0,0,0,"233,36","181,57",283.97,0.03357855787211574,-1.4199981689453125,1
2022-03-30,107.81,115.59,61.040000915527344,19.33,97.79000091552734,0.03357855787211574,0.03357855787211574,0.043621713637393235,0.04689762273675495,0.05420607950983714,-1.4199981689453125,-7.780000000000001,11,252,-3.282034983275099,-3.2545454545454544,-7.2,3,3,0,0,1,"233,51","270,69",243.84,0.0699142281336978,-3.3800010681152344,1
2022-03-31,100.53,107.29,57.65999984741211,20.56,98.30999755859376,-0.0699142281336978,0.0699142281336978,0.050053071837320204,0.046569085235886876,0.05607089615266276,-3.3800010681152344,-6.760000000000005,4,96,-1.7557878538302865,0.5000000000000002,-7.2,1,2,0,0,1,"254,81","220,89",331.65,0.012109229777362916,-3.299999237060547,0
2022-04-01,99.32,106.13,54.36000061035156,19.63,98.62999725341795,-0.012109229777362916,0.012109229777362916,0.04524873712039801,0.04615259724540179,0.053167819600956054,-3.299999237060547,-6.810000000000002,1,18,-3.46493388024999,-5.0,-5.0,1,0,0,0,0,"188,16","167,83",205.87,0.03919360537857637,-0.049999237060546875,1
2022-04-04,103.29,108.15,54.310001373291016,18.57,98.98999786376952,0.03919360537857637,0.03919360537857637,0.04566948229117523,0.041609772616327916,0.05355986582005552,-0.049999237060546875,-4.859999999999999,5,141,-4.70916635499783,-5.9,-10.0,3,1,2,0,1,"163,02","143,02",184.36,0.012763850391532395,-0.5100021362304688,0
2022-04-05,101.98,106.6,53.79999923706055,21.03,99.47000122070312,-0.012763850391532395,0.012763850391532395,0.04405755765802442,0.04163228320474999,0.052588405633488135,-0.5100021362304688,-4.61999999999999,9,220,-2.779560326022962,-3.8444444444444446,-10.0,4,3,3,0,1,"212,42","137,36",276.88,0.05637425383113294,-0.6499977111816406,1
2022-04-06,96.39,100.81,53.150001525878906,22.1,99.5999984741211,-0.05637425383113294,0.05637425383113294,0.043024351092588245,0.04116321836783337,0.046179360936984465,-0.6499977111816406,-4.420000000000002,3,107,-3.0951390432945343,-7.666666666666667,-10.0,2,0,1,0,1,"175,75","116,80",247.99,0.0035335725813111273,1.0799980163574219,0
2022-04-07,96.05,99.83,54.22999954223633,21.55,99.75,-0.0035335725813111273,0.0035335725813111273,0.03398746183964087,0.04124819068417466,0.0459211110198449,1.0799980163574219,-3.780000000000001,8,202,-3.734476890191995,-3.9875,-10.0,1,2,1,0,1,"243,42","232,12",290.41,0.023663655620502395,-1.0900001525878906,0
2022-04-08,98.35,101.26,53.13999938964844,21.16,99.8000030517578,0.023663655620502395,0.023663655620502395,0.03684528889627866,0.04188005299798152,0.045630553929012094,-1.0900001525878906,-2.910000000000011,4,162,-2.9479779266065056,-6.4,-7.5,0,0,0,0,1,"219,48","152,65",263.14,0.04290007156317295,1.6700019836425781,1
2022-04-11,94.22,97.92,54.810001373291016,24.37,99.93000030517578,-0.04290007156317295,0.04290007156317295,0.03187641660384586,0.03752389027094461,0.04487235633777199,1.6700019836425781,-3.700000000000003,3,72,-5.840171500071857,-5.766666666666667,-6.5,1,0,0,0,0,"195,23","226,02",240.89,0.06472423940349636,0.4399986267089844,1
2022-04-12,100.52,104.42,55.25,24.26,100.29000091552734,0.06472423940349636,0.06472423940349636,0.049342089631955625,0.04410670067827252,0.0447986265918846,0.4399986267089844,-3.9000000000000057,5,136,-5.232413203923238,-6.540000000000001,-10.0,4,1,2,0,1,"226,25","219,77",260.5,0.036531066664568596,-4.049999237060547,1
2022-04-13,104.26,108.49,51.20000076293945,21.82,99.87999725341795,0.036531066664568596,0.036531066664568596,0.040940895986323195,0.04439250684210199,0.04521047738016177,-4.049999237060547,-4.22999999999999,4,122,-5.5834527040033395,-7.1,-7.2,2,0,0,0,1,"258,88","305,48",254.8,0.024444608901800145,2.1800003051757812,1
2022-04-14,106.84,110.83,53.380001068115234,22.7,100.31999969482422,0.024444608901800145,0.024444608901800145,0.03954356557900014,0.03827866993663961,0.04171675659363868,2.1800003051757812,-3.989999999999995,4,84,-3.3912011750503073,-5.2,-5.8,0,0,0,0,0,"265,66","302,67",279.51,0.013018595620772351,-2.440002441406257,0
2022-04-18,108.24,,50.93999862670898,22.17,100.77999877929688,0.013018595620772351,0.013018595620772351,0.03967036117463799,0.037772831918529225,0.041658372869463264,-2.440002441406257,,4,152,-3.9748791259263476,-8.55,-9.0,4,0,3,0,1,"218,63","184,93",264.43,0.054098017506977916,-0.5999984741210866,1
2022-04-19,102.54,105.49,50.34000015258789,21.37,100.95999908447266,-0.054098017506977916,0.054098017506977916,0.044116999735228146,0.04077839374266293,0.04028118596940414,-0.5999984741210866,-2.9499999999999886,5,113,-6.147722810264451,-6.840000000000001,-9.0,4,0,1,0,1,"213,52","243,27",223.2,0.0001950268168053265,1.8899993896484375,1
2022-04-20,102.56,105.05,52.22999954223633,20.32,100.38999938964844,0.0001950268168053265,0.0001950268168053265,0.03516903180069578,0.04055875477037652,0.04027250300285058,1.8899993896484375,-2.489999999999995,4,98,-8.805530440337304,-9.25,-10.0,3,0,3,0,1,"189,61","166,79",250.41,0.012884653910080365,-2.3699989318847656,0
2022-04-21,103.89,107.2,49.86000061035156,22.68,100.58000183105467,0.012884653910080365,0.012884653910080365,0.031052949872969717,0.03533150023589142,0.03948491620778481,-2.3699989318847656,-3.3100000000000023,7,157,-5.144422452315609,-7.528571428571429,-10.0,3,0,2,0,1,"128,26","111,19",139.12,0.009963806735670142,1.2900009155273438,0
2022-04-22,102.86,105.15,51.150001525878906,28.21,101.22000122070312,-0.009963806735670142,0.009963806735670142,0.027718057845361164,0.0356118807047186,0.039499950266975926,1.2900009155273438,-2.2900000000000063,7,146,-3.3924125133337686,4.5,3.5,0,7,0,0,0,"246,80","218,70",319.23,0.03220667575621769,1.7099990844726562,1
2022-04-25,99.6,99.27,52.86000061035156,27.02,101.75,-0.03220667575621769,0.03220667575621769,0.02666982994689835,0.03703516256040262,0.03956292449859579,1.7099990844726562,0.3299999999999983,2,52,-4.5783926218708775,5.25,3.5,0,2,0,0,0,"246,90","232,47",285.15,0.029870680923266252,0.7099990844726562,1
2022-04-26,102.62,102.89,53.56999969482422,33.52,102.3000030517578,0.029870680923266252,0.029870680923266252,0.023424003107353,0.03445270381775272,0.036796354181857345,0.7099990844726562,-0.269999999999996,12,267,-4.189448579063681,-3.6916666666666664,-10.0,1,3,1,0,1,"160,54","160,05",169.1,0.006452266005904203,-0.18999862670898438,0
2022-04-27,101.96,103.3,53.380001068115234,31.6,102.9499969482422,-0.006452266005904203,0.006452266005904203,0.023609138702646273,0.02837133587222804,0.036187610910136746,-0.18999862670898438,-1.3400000000000034,8,183,-5.037208524259021,-7.5625,-10.0,5,0,2,0,1,"186,70","127,63",239.52,0.03384597278060827,-1.440002441406257,1
2022-04-28,105.47,105.78,51.93999862670898,29.99,103.62000274658205,0.03384597278060827,0.03384597278060827,0.028153247601094757,0.02801258218300914,0.036201149441053064,-1.440002441406257,-0.3100000000000023,5,132,-1.2598801023116881,1.6800000000000002,-5.6,0,4,0,0,0,"176,38","131,88",219.99,0.00837860752234604,1.1599998474121094,0
2022-04-29,104.59,108.36,53.09999847412109,33.4,102.95999908447266,-0.00837860752234604,0.00837860752234604,0.027978883605896725,0.026880427781399777,0.032466861062194353,1.1599998474121094,-3.769999999999996,9,212,-6.641374134593993,1.9444444444444444,-9.2,1,7,0,0,1,"148,94","143,36",170.82,0.005625223395021305,1.0500030517578196,0
2022-05-02,105.18,,54.150001525878906,32.34,103.73999786376952,0.005625223395021305,0.005625223395021305,0.019918543427532093,0.026516738796827737,0.03230358837573568,1.0500030517578196,,4,51,-1.4500007878705024,0.10000000000000009,-7.2,2,2,0,0,1,"96,67","128,50",107.18,0.025517729479198285,-0.1100006103515625,0
2022-05-03,102.53,104.94,54.040000915527344,29.25,103.47000122070312,-0.025517729479198285,0.025517729479198285,0.022022865172122656,0.02143475036149428,0.031708805128097706,-0.1100006103515625,-2.4099999999999966,7,225,-4.023664559444883,-6.485714285714286,-10.0,4,1,2,0,1,"157,47","156,99",187.06,0.05049320848199707,-0.8899993896484375,1
2022-05-04,107.84,110.53,53.150001525878906,25.42,102.58999633789062,0.05049320848199707,0.05049320848199707,0.03090059487358515,0.0267343997292071,0.033511042740043955,-0.8899993896484375,-2.6899999999999977,10,176,-2.6064985807689096,-5.54,-10.0,6,2,3,0,1,"163,45","217,26",172.16,0.0030554164782012672,1.5699996948242188,1
2022-05-05,108.17,112.11,54.720001220703125,31.2,103.75,0.0030554164782012672,0.0030554164782012672,0.028213949903574752,0.026593440841298173,0.030486795646537963,1.5699996948242188,-3.9399999999999977,3,60,-3.951567924052816,-6.666666666666667,-9.2,1,0,0,0,1,"144,70","144,25",171.89,0.014227602427204179,0.09999847412109375,0
2022-05-06,109.72,113.86,54.81999969482422,30.19,103.66000366210938,0.014227602427204179,0.014227602427204179,0.027320101785758492,0.0262767247433763,0.030460350278700213,0.09999847412109375,-4.140000000000001,8,168,-4.43521659621814,-2.9375,-10.0,3,4,3,0,1,"174,07","178,79",192.99,0.062426280285238195,3.0800018310546875,1
2022-05-09,103.08,106.67,57.900001525878906,34.75,103.6500015258789,-0.062426280285238195,0.062426280285238195,0.04250932674811363,0.032271172272325906,0.03382685048092718,3.0800018310546875,-3.5900000000000034,2,56,-4.255532100260368,-1.0499999999999998,-5.6,0,1,0,0,0,"150,87","170,02",174.54,0.03293858566618786,-1.8400001525878906,1
2022-05-10,99.74,102.61,56.060001373291016,32.99,103.91999816894533,-0.03293858566618786,0.03293858566618786,0.04356342687353987,0.032664054309639944,0.03319292985272865,-1.8400001525878906,-2.8700000000000045,11,439,-3.8814038577977317,-3.0454545454545454,-9.0,4,4,2,0,1,"143,25","190,41",158.82,0.05614415279814477,-2.6300010681152344,1
2022-05-11,105.5,107.7,53.43000030517578,32.56,103.8499984741211,0.05614415279814477,0.05614415279814477,0.04541383199054182,0.037531529689416386,0.032397002160062964,-2.6300010681152344,-2.200000000000003,11,228,-2.786458531155297,-4.863636363636363,-7.2,2,2,0,0,1,"176,38","175,83",210.83,0.006142235233144035,-0.720001220703125,0
2022-05-12,106.15,108.06,52.709999084472656,31.77,104.8499984741211,0.006142235233144035,0.006142235233144035,0.045561050834230364,0.03602788540637068,0.03141046279255748,-0.720001220703125,-1.9099999999999966,11,268,-3.732766266399218,-3.2545454545454544,-9.0,2,4,0,0,1,"158,26","174,10",163.36,0.04034331190595052,-1.4899978637695312,1
2022-05-13,110.52,112.12,51.220001220703125,28.87,104.55999755859376,0.04034331190595052,0.04034331190595052,0.04946946304538095,0.03791723786092888,0.032228272229786664,-1.4899978637695312,-1.6000000000000085,6,140,0.6505875836097835,-6.7,-10.0,3,0,1,0,1,"162,08","141,39",210.59,0.03161579498459063,0.6699981689453125,1
2022-05-16,114.07,114.86,51.88999938964844,27.47,104.19000244140624,0.03161579498459063,0.03161579498459063,0.034818697233784814,0.03880599641703246,0.03283481239310832,0.6699981689453125,-0.7900000000000063,12,288,-2.836762559870917,-1.9833333333333334,-9.2,5,6,0,0,1,"168,75","174,46",197.49,0.015549390064861638,-1.5499992370605469,0
2022-05-17,112.31,112.89,50.34000015258789,26.1,103.36000061035156,-0.015549390064861638,0.015549390064861638,0.02846517488473949,0.03796500725743609,0.030368812116754865,-1.5499992370605469,-0.5799999999999983,7,150,-4.852505697216622,-6.3,-10.0,4,1,1,0,1,"174,62","158,26",220.01,0.02378704820282726,1.5499992370605469,1
2022-05-18,109.67,110.04,51.88999938964844,30.96,103.80999755859376,-0.02378704820282726,0.02378704820282726,0.02815995384010675,0.03619404046559206,0.031016395992115465,1.5499992370605469,-0.37000000000000455,4,116,-3.768849760400529,-1.5,-7.5,0,2,0,0,1,"165,90","128,04",195.8,0.02289625890465735,-0.7299995422363281,0
2022-05-19,112.21,113.22,51.15999984741211,29.35,102.72000122070312,0.02289625890465735,0.02289625890465735,0.028907252164074464,0.03681612129265082,0.03125820034787812,-0.7299995422363281,-1.0100000000000051,7,230,-9.10131962667245,-1.5714285714285714,-10.0,3,3,2,0,1,"162,38","129,50",189.03,0.003735994382830233,-0.4399986267089844,0
2022-05-20,112.63,113.63,50.720001220703125,29.43,103.1500015258789,0.003735994382830233,0.003735994382830233,0.023842358384640924,0.03663075218162158,0.03108915882527505,-0.4399986267089844,-1.0,2,80,2.188328912466846,3.5,3.5,0,2,0,0,0,"140,96","90,34",200.94,0.020722876574558815,-2.0900001525878906,0
2022-05-23,110.32,115.13,48.630001068115234,28.48,102.08000183105467,-0.020722876574558815,0.020722876574558815,0.019696239768911737,0.030214894122313197,0.030474796096851765,-2.0900001525878906,-4.810000000000002,8,188,-4.792167797278908,-6.275,-10.0,4,1,2,0,1,"150,31","115,27",173.06,0.020012333867694996,-1.5900001525878906,0
2022-05-24,112.55,115.77,47.040000915527344,29.45,101.86000061035156,0.020012333867694996,0.020012333867694996,0.02198317397308919,0.026941833361443183,0.030131031715398795,-1.5900001525878906,-3.219999999999999,2,52,-2.131753950022813,5.25,3.5,0,2,0,0,0,"222,36","295,57",265.49,0.0029277401918172906,-0.2800025939941406,0
2022-05-25,112.88,116.41,46.7599983215332,28.37,102.05999755859376,0.0029277401918172906,0.0029277401918172906,0.017394258728605793,0.02209073352477485,0.030022452042578307,-0.2800025939941406,-3.530000000000001,4,96,-1.70611557453716,-7.3,-10.0,2,0,1,0,1,"155,10","209,85",147.4,0.028901474650211898,-0.729999542236321,1
2022-05-26,116.19,119.81,46.02999877929688,27.5,101.83000183105467,0.028901474650211898,0.028901474650211898,0.01900517112759458,0.02316607720442615,0.029792647917236535,-0.729999542236321,-3.6200000000000045,5,142,-2.6300411542822,-2.56,-10.0,2,2,1,0,1,"134,57","72,24",172.16,0.010642540424001071,1.8899993896484304,1
2022-05-27,114.96,121.19,47.91999816894531,25.72,101.66999816894533,-0.010642540424001071,0.010642540424001071,0.020634966032502474,0.021021904657427253,0.02984976133562265,1.8899993896484304,-6.230000000000004,4,85,-0.7654414087839874,-7.85,-9.2,2,0,0,0,1,"155,52","124,03",181.05,0.005058003283599353,1.9000015258789062,1
2022-05-31,114.38,125.53,49.81999969482422,26.19,101.75,-0.005058003283599353,0.005058003283599353,0.016747932870958354,0.018731174414104608,0.029928322921927666,1.9000015258789062,-11.150000000000006,8,223,-4.8386930607961744,-5.525,-7.0,1,0,0,0,0,"190,31","177,87",217.59,0.007664207521350341,-0.6800003051757812,0
2022-06-01,115.26,122.2,49.13999938964844,25.69,102.5500030517578,0.007664207521350341,0.007664207521350341,0.015233465015105078,0.017975852353224495,0.029102973738253424,-0.6800003051757812,-6.939999999999998,3,54,-2.76612794592269,-4.233333333333333,-9.2,1,1,0,0,1,"168,34","162,41",207.72,0.013957321433923692,-1.3400001525878906,0
2022-06-02,116.88,,47.79999923706055,24.72,101.7699966430664,0.013957321433923692,0.013957321433923692,0.015693696638480064,0.01563108401513664,0.02724042610697244,-1.3400001525878906,,5,106,-1.9530838998781157,-1.94,-7.2,2,2,0,0,1,"142,59","120,29",164.18,0.017723593045990693,-1.5699996948242188,0
2022-06-03,118.97,125.68,46.22999954223633,24.79,102.13999938964844,0.017723593045990693,0.017723593045990693,0.012193302427526918,0.015099886763786907,0.027409881386418332,-1.5699996948242188,-6.710000000000008,0,0,0.0,0.0,0.0,0,0,0,0,0,"142,78","102,49",189.97,0.0047181821455692195,1.6700019836425781,1
2022-06-06,118.41,124.99,47.900001525878906,25.07,102.44000244140624,-0.0047181821455692195,0.0047181821455692195,0.010495866888624798,0.015463678194217088,0.027392778244844606,1.6700019836425781,-6.579999999999998,9,197,-3.4488579828509356,-1.2777777777777777,-9.2,2,4,0,0,1,"190,13","145,80",231.06,0.009581515561468386,-2.020000457763672,0
2022-06-07,119.55,126.89,45.880001068115234,24.02,102.31999969482422,0.009581515561468386,0.009581515561468386,0.008527335840392008,0.01255805727880425,0.022529017810990273,-2.020000457763672,-7.340000000000003,4,66,-4.726816306649119,-1.3249999999999997,-9.2,1,2,0,0,1,"139,03","108,47",201.06,0.01979442657533638,-1.5100021362304688,0
2022-06-08,121.94,129.2,44.369998931884766,23.96,102.54000091552734,0.01979442657533638,0.01979442657533638,0.009746914005166323,0.012535133020113812,0.020557683675350165,-1.5100021362304688,-7.259999999999991,9,221,-2.8830473329728137,0.8888888888888888,-10.0,1,6,1,0,1,"152,37","146,27",178.32,0.00345026219215267,-0.5,0
2022-06-09,121.52,128.47,43.869998931884766,26.09,103.22000122070312,-0.00345026219215267,0.00345026219215267,0.011497718245775203,0.012977102231688737,0.01763599145347763,-0.5,-6.950000000000003,4,92,-4.1516095056654425,-4.625,-9.2,2,1,0,0,1,"115,55","76,80",155.57,0.006522210943221346,-0.9500007629394531,0
2022-06-10,120.73,127.44,42.91999816894531,27.75,104.1500015258789,-0.006522210943221346,0.006522210943221346,0.011370994035643947,0.011155125419374065,0.017896431710407994,-0.9500007629394531,-6.709999999999994,2,76,-0.9040762127732573,-5.8,-5.8,0,0,0,0,0,"94,35","52,25",122.03,0.0015725225669612618,4.640003204345703,1
2022-06-13,120.92,128.44,47.560001373291016,34.02,105.08000183105467,0.0015725225669612618,0.0015725225669612618,0.010636525413072783,0.01000321864207363,0.016033005214720748,4.640003204345703,-7.519999999999996,0,0,0.0,0.0,0.0,0,0,0,0,0,"147,23","146,77",163.23,0.016678171781360347,-0.9300003051757812,0
2022-06-14,118.92,127.02,46.630001068115234,32.69,105.5199966430664,-0.016678171781360347,0.016678171781360347,0.013428641230721806,0.011818642290466985,0.01535611649983132,-0.9300003051757812,-8.099999999999994,5,122,-1.9837635062263848,-0.8,-6.5,0,2,0,0,0,"136,37","113,29",188.99,0.030740125359695558,0.4099998474121094,1
2022-06-15,115.32,124.96,47.040000915527344,29.62,105.16000366210938,-0.030740125359695558,0.030740125359695558,0.01281500817043654,0.01596810914650613,0.016599432568992916,0.4099998474121094,-9.64,3,60,-2.18280104677231,-2.4,-7.2,1,1,0,0,1,"110,05","120,68",91.51,0.01923796878051528,-0.7700004577636719,0
2022-06-16,117.56,125.78,46.27000045776367,32.95,103.62999725341795,0.01923796878051528,0.01923796878051528,0.018832874348555274,0.016555559814499608,0.015949274559574865,-0.7700004577636719,-8.219999999999999,1,12,-3.33473471179362,-7.0,-7.0,0,0,0,0,0,"132,28","109,90",128.33,0.07047649715583913,2.9199981689453054,1
2022-06-17,109.56,119.22,49.18999862670898,31.13,104.6999969482422,-0.07047649715583913,0.07047649715583913,0.03419632022105688,0.026758166787819167,0.022347342509405854,2.9199981689453054,-9.659999999999997,2,42,-3.800045483217935,0.20000000000000018,-7.0,0,1,0,0,0,"114,05","82,69",137.94,0.008452674730206198,-2.6299972534179616,0
2022-06-21,110.49,118.51,46.560001373291016,30.19,104.44000244140624,0.008452674730206198,0.008452674730206198,0.035370336305791845,0.02727002395465885,0.022426864867554706,-2.6299972534179616,-8.02000000000001,0,0,0.0,0.0,0.0,0,0,0,0,0,"116,77","98,03",153.31,0.039412604130830454,2.4300003051757812,1
2022-06-22,106.22,115.54,48.9900016784668,28.95,104.1999969482422,-0.039412604130830454,0.039412604130830454,0.0365915555955806,0.028354969899682052,0.02364976785095927,2.4300003051757812,-9.320000000000007,7,149,-3.264368720608293,-4.357142857142857,-10.0,2,2,1,0,1,"121,32","126,21",131.58,0.004434597067865753,-0.4099998474121094,0
2022-06-23,105.75,114.5,48.58000183105469,29.05,104.43000030517578,-0.004434597067865753,0.004434597067865753,0.03701501580934917,0.026314969447005343,0.023082940811454303,-0.4099998474121094,-8.75,2,90,-2.5515048493465122,-0.75,-5.0,1,1,0,0,0,"143,56","190,83",141.48,0.03091206001426415,-1.5900001525878906,1
2022-06-24,109.07,117.36,46.9900016784668,27.23,104.19000244140624,0.03091206001426415,0.03091206001426415,0.04013474051929982,0.02988285329745036,0.024285414983413585,-1.5900001525878906,-8.290000000000006,4,143,-3.683901043782803,-4.675,-10.0,2,1,1,0,1,"149,36","106,36",204.04,0.02149645153089886,0.0,0
2022-06-27,111.44,119.69,46.9900016784668,26.95,103.94000244140624,0.02149645153089886,0.02149645153089886,0.02740540307462448,0.031593986190101855,0.023846528209746292,0.0,-8.25,2,58,-3.273775330943828,-7.0,-7.0,0,0,0,0,0,"132,00","100,26",177.71,0.019725206397425168,-0.40000152587890625,0
2022-06-28,113.66,122.21,46.59000015258789,28.36,104.51000213623048,0.019725206397425168,0.019725206397425168,0.02837133350670293,0.03270741820461699,0.024236713879601128,-0.40000152587890625,-8.549999999999997,3,43,-4.367492646257514,-5.766666666666667,-6.5,1,0,0,0,0,"200,76","189,02",241.14,0.01784255758280852,1.9799995422363281,1
2022-06-29,111.65,120.8,48.56999969482422,28.16,105.11000061035156,-0.01784255758280852,0.01784255758280852,0.02029546613015401,0.03275094148844442,0.024528189388394232,1.9799995422363281,-9.149999999999991,5,89,-2.3504247169128045,-1.5799999999999996,-9.2,2,3,0,0,1,"181,89","186,82",238.33,0.03546244618405838,0.3300018310546875,1
2022-06-30,107.76,119.78,48.900001525878906,28.71,104.69000244140624,-0.03546244618405838,0.03546244618405838,0.028774009562093313,0.03317368193656604,0.02558029344169922,0.3300018310546875,-12.019999999999996,5,83,-3.8875634441584492,1.8000000000000003,-9.2,1,4,0,0,1,"173,21","151,09",225.04,0.023297394157348193,0.5,0
2022-07-01,110.3,119.21,49.400001525878906,26.7,105.13999938964844,0.023297394157348193,0.023297394157348193,0.027132732745145778,0.03355014344988918,0.02599506067313016,0.5,-8.909999999999997,3,102,-2.9032872472328144,7.400000000000001,7.4,0,3,0,0,0,"119,08","107,92",153.03,0.08265263823306315,3.2099990844726562,1
2022-07-05,101.55,110.49,52.61000061035156,27.54,106.5,-0.08265263823306315,0.08265263823306315,0.04362301145496507,0.036247562105977446,0.031010240612750595,3.2099990844726562,-8.939999999999998,2,30,-21.739130434782602,-5.0,-5.0,2,0,0,0,0,"109,65","138,08",86.38,0.01228589713099984,2.05999755859375,1
2022-07-06,100.31,108.54,54.66999816894531,26.73,107.0999984741211,-0.01228589713099984,0.01228589713099984,0.038661364989557995,0.03581830645062745,0.031015337314503476,2.05999755859375,-8.230000000000004,1,16,-7.04949258923776,-9.2,-9.2,1,0,0,0,1,"138,99","150,11",134.84,0.042069347047071236,-1.7999992370605469,1
2022-07-07,104.62,113.4,52.869998931884766,26.08,107.12999725341795,0.042069347047071236,0.042069347047071236,0.04926128047622632,0.03752674375901692,0.03280023815310518,-1.7999992370605469,-8.780000000000001,4,133,-3.553013458757542,-8.425,-10.0,3,0,2,0,1,"88,63","66,27",110.55,0.02043590512957503,-0.770000457763679,0
2022-07-08,106.78,113.95,52.09999847412109,24.64,107.01000213623048,0.02043590512957503,0.02043590512957503,0.04923396626181978,0.03813122101352894,0.032827780658651655,-0.770000457763679,-7.170000000000002,1,30,-7.58218057414844,-9.0,-9.0,1,0,0,0,1,"110,42","83,87",122.42,0.006482852600859916,1.0,0
2022-07-11,106.09,114.85,53.09999847412109,26.17,108.0199966430664,-0.006482852600859916,0.006482852600859916,0.04719372921145694,0.0366742970670743,0.032819284692141446,1.0,-8.759999999999991,4,65,-2.5937081832520956,-0.75,-5.0,0,2,0,0,0,"112,85","52,94",154.56,0.08248859080632905,1.3000030517578196,1
2022-07-12,97.69,106.98,54.400001525878906,27.29,108.06999969482422,-0.08248859080632905,0.08248859080632905,0.04712867908271945,0.043191945394192084,0.036925766040978324,1.3000030517578196,-9.290000000000006,3,63,-2.6715434765979302,-2.1666666666666665,-5.0,2,1,0,0,0,"113,64","147,28",113.39,0.007648025858004024,-2.640003204345703,0
2022-07-13,98.44,107.17,51.7599983215332,26.82,107.95999908447266,0.007648025858004024,0.007648025858004024,0.047490838064877146,0.04233023371494999,0.03705583195016985,-2.640003204345703,-8.730000000000004,5,111,-6.880401921983377,-4.6,-10.0,2,1,1,0,1,"182,87","145,85",217.23,0.006624903198671231,1.270000457763679,0
2022-07-14,97.79,107.74,53.02999877929688,26.4,108.54000091552734,-0.006624903198671231,0.006624903198671231,0.04017093974167432,0.042376784460382774,0.03703271032748111,1.270000457763679,-9.949999999999989,6,128,-0.8369493388369773,-3.1666666666666665,-9.5,1,2,1,0,1,"165,35","98,91",210.83,0.01823943561936435,-1.2599983215332102,0
2022-07-15,99.59,112.26,51.77000045776367,24.23,108.05999755859376,0.01823943561936435,0.01823943561936435,0.03971645726747451,0.042651599465423636,0.037192927702277036,-1.2599983215332102,-12.670000000000002,6,118,-1.4763590491292857,-3.25,-10.0,3,3,3,0,1,"192,03","148,90",239.52,0.047933907584572694,-2.1100006103515625,1
2022-07-18,104.48,117.27,49.65999984741211,25.3,107.37000274658205,0.047933907584572694,0.047933907584572694,0.048709126316623205,0.0452832046894181,0.038791055779363946,-2.1100006103515625,-12.789999999999992,4,104,-3.769980502010377,-3.45,-6.5,1,1,0,0,0,"128,71","162,08",135.19,0.015574863741418022,-0.8899993896484375,0
2022-07-19,106.12,114.96,48.77000045776367,24.5,106.68000030517578,0.015574863741418022,0.015574863741418022,0.020031699438727214,0.0364635580779879,0.035916991424350016,-0.8899993896484375,-8.83999999999999,0,0,0.0,0.0,0.0,0,0,0,0,0,"151,08","89,25",223.34,0.01586204126696413,-1.2299995422363281,0
2022-07-20,104.45,115.86,47.540000915527344,23.88,107.08000183105467,-0.01586204126696413,0.01586204126696413,0.024829554657764808,0.036662402242628574,0.03597045805530611,-1.2299995422363281,-11.409999999999997,2,38,-4.837013559606552,-7.0,-7.0,1,0,0,0,0,"149,56","55,22",239.52,0.05926126247971976,3.559997558593743,1
2022-07-21,98.44,112.81,51.09999847412109,23.11,106.91000366210938,-0.05926126247971976,0.05926126247971976,0.04070514894939549,0.03891884491694548,0.037283315256563206,3.559997558593743,-14.370000000000005,1,30,-4.92903447271743,3.5,3.5,0,1,0,0,0,"117,51","100,41",158.2,0.007443317566603376,-3.259998321533196,0
2022-07-22,97.71,106.77,47.84000015258789,23.03,106.7300033569336,-0.007443317566603376,0.007443317566603376,0.03964372619944092,0.03778982925413303,0.037292065721457074,-3.259998321533196,-9.060000000000002,4,199,-3.830522405848416,-4.125,-7.5,0,1,0,0,1,"125,48","40,03",200.33,0.021464831392082117,0.11999893188476562,0
2022-07-25,99.83,108.23,47.959999084472656,23.36,106.4800033569336,0.021464831392082117,0.021464831392082117,0.03204559145194864,0.039000584030838004,0.036884801637613124,0.11999893188476562,-8.400000000000006,0,0,0.0,0.0,0.0,0,0,0,0,0,"109,56","38,55",160.77,0.021157847506325142,-0.14999771118164062,0
2022-07-26,97.74,107.32,47.810001373291016,24.69,107.19000244140624,-0.021157847506325142,0.021157847506325142,0.02904293575076474,0.029254755369692433,0.03653858101901176,-0.14999771118164062,-9.579999999999998,3,94,-1.925347420786643,0.0,-7.0,0,2,0,0,0,"160,86","154,43",178.35,0.02315924915508065,1.1800003051757812,0
2022-07-27,100.03,109.64,48.9900016784668,23.24,106.4499969482422,0.02315924915508065,0.02315924915508065,0.03405192210416623,0.03010126931326302,0.03667640413302842,1.1800003051757812,-9.61,1,40,-1.15273775216138,3.5,3.5,0,1,0,0,0,"145,54","127,68",154.91,0.00923979657847222,-1.8200035095214844,0
2022-07-28,99.11,109.68,47.16999816894531,22.33,106.3499984741211,-0.00923979657847222,0.00923979657847222,0.019851441988157126,0.030191901237890964,0.036585317198923,-1.8200035095214844,-10.570000000000007,1,10,-1.63041338582677,-7.2,-7.2,1,0,0,0,1,"106,68","95,72",124.2,0.021954778646968966,-0.9799995422363352,0
2022-07-29,101.31,111.51,46.18999862670898,21.33,105.9000015258789,0.021954778646968966,0.021954778646968966,0.02091837947900119,0.0304447586061665,0.03640045875923255,-0.9799995422363352,-10.200000000000003,5,100,-5.236991266781075,-1.2,-9.5,1,3,1,0,1,"68,25","52,34",87.31,0.047709906874381466,3.7800025939941477,1
2022-08-01,96.59,106.09,49.970001220703125,22.84,105.4499969482422,-0.047709906874381466,0.047709906874381466,0.030041272354359477,0.029313062169598447,0.03714691479153529,3.7800025939941477,-9.5,2,33,-8.792909942335228,-5.0,-5.0,1,0,0,0,0,"130,93","117,48",163.31,0.005678020726394147,2.799999237060547,1
2022-08-02,97.14,106.51,52.77000045776367,23.93,106.23999786376952,0.005678020726394147,0.005678020726394147,0.029174598361305877,0.028592439560828346,0.03260694128657109,2.799999237060547,-9.370000000000005,3,72,-5.8056355946375895,-2.6666666666666665,-6.5,1,1,0,0,0,"204,48","116,49",262.33,0.040869178393673794,-2.6500015258789062,1
2022-08-03,93.25,101.82,50.119998931884766,21.95,106.51000213623048,-0.040869178393673794,0.040869178393673794,0.029836780102620537,0.030316268878102737,0.03368009865194455,-2.6500015258789062,-8.569999999999993,0,0,0.0,0.0,0.0,0,0,0,0,0,"210,23","124,62",264.58,0.021242805946935443,5.020000457763672,1
2022-08-04,91.29,97.99,55.13999938964844,21.44,105.69000244140624,-0.021242805946935443,0.021242805946935443,0.02983716064864336,0.02566655637785429,0.032094905923480445,5.020000457763672,-6.699999999999989,0,0,0.0,0.0,0.0,0,0,0,0,0,"212,05","148,55",285.93,0.005244194253932335,-6.380001068115234,0
2022-08-05,91.77,100.31,48.7599983215332,21.15,106.62000274658205,0.005244194253932335,0.005244194253932335,0.025006469472485502,0.025983527223249505,0.031591854019213876,-6.380001068115234,-8.540000000000006,2,108,-6.572186853981265,-6.85,-7.2,1,0,0,0,1,"163,93","112,71",206.82,0.018889870332891242,-2.359996795654297,0
2022-08-08,93.52,103.46,46.400001525878906,21.29,106.44000244140624,0.018889870332891242,0.018889870332891242,0.02413223231268211,0.025689208360475693,0.03214263427797833,-2.359996795654297,-9.939999999999998,1,12,-2.59128763106562,3.5,3.5,0,1,0,0,0,"149,10","103,40",204.84,0.0036422107751621358,-0.17000198364257812,0
2022-08-09,93.18,103.81,46.22999954223633,21.77,106.37000274658205,-0.0036422107751621358,0.0036422107751621358,0.02330608272490782,0.025172916318260033,0.026677648373292364,-0.17000198364257812,-10.629999999999995,2,52,-1.7606409454979277,-6.5,-7.2,1,0,0,0,1,"212,57","153,05",255.32,0.01596967825713254,0.3300018310546875,0
2022-08-10,94.68,105.06,46.560001373291016,19.74,105.1999969482422,0.01596967825713254,0.01596967825713254,0.0162600736243589,0.02437642736051435,0.02690592828520326,0.3300018310546875,-10.379999999999995,4,86,-2.256229379107465,-5.925,-10.0,3,1,2,0,1,"80,65","68,92",86.23,0.02441435817128712,-1.19000244140625,0
2022-08-11,97.02,107.19,45.369998931884766,20.2,105.08999633789062,0.02441435817128712,0.02441435817128712,0.011264004393919749,0.026066783273482927,0.027510314796659784,-1.19000244140625,-10.170000000000002,0,0,0.0,0.0,0.0,0,0,0,0,0,"130,27","136,05",154.75,0.022515022367634772,-1.3699989318847656,0
2022-08-12,94.86,103.7,44.0,19.53,105.62999725341795,-0.022515022367634772,0.022515022367634772,0.019421430347560237,0.025282610518671245,0.02756668162609603,-1.3699989318847656,-8.840000000000003,2,32,-5.2870376704592,-9.5,-9.5,2,0,2,0,1,"182,54","160,57",205.36,0.028008244488632112,2.6300010681152344,1
2022-08-15,92.24,98.25,46.630001068115234,19.95,106.5500030517578,-0.028008244488632112,0.028008244488632112,0.023009560920988457,0.022314697320871324,0.02540972333836102,2.6300010681152344,-6.010000000000005,3,116,-4.880899830168234,-3.5666666666666664,-7.2,2,1,0,0,1,"110,42","90,65",108.02,0.03317657004874343,3.6199989318847656,1
2022-08-16,89.23,95.36,50.25,19.69,106.5,-0.03317657004874343,0.03317657004874343,0.02677644760846754,0.02366641803553432,0.025545880786385183,3.6199989318847656,-6.1299999999999955,6,133,-3.2750805001382037,-3.4333333333333336,-6.5,1,1,0,0,0,"96,54","96,24",100.35,0.017992488930119958,1.2999992370605469,0
2022-08-17,90.85,97.22,51.54999923706055,19.9,106.56999969482422,0.017992488930119958,0.017992488930119958,0.027252711485197447,0.021979178313282898,0.02615837041780416,1.2999992370605469,-6.3700000000000045,5,90,-2.0089969785468145,-3.6,-7.2,3,1,0,0,1,"156,09","138,32",173.06,0.025537926849365396,-4.1399993896484375,0
2022-08-18,93.2,96.35,47.40999984741211,19.56,107.4800033569336,0.025537926849365396,0.025537926849365396,0.027591990136185525,0.022543287627592907,0.024022607199056002,-4.1399993896484375,-3.1499999999999915,1,20,-4.76577952184653,-9.2,-9.2,1,0,0,0,1,"100,74","59,08",137.97,0.0037483310285530594,2.9300003051757812,1
2022-08-19,93.55,96.45,50.34000015258789,20.6,108.16999816894533,0.0037483310285530594,0.0037483310285530594,0.026629101405977487,0.02252484508301979,0.02403750315200678,2.9300003051757812,-2.9000000000000057,0,0,0.0,0.0,0.0,0,0,0,0,0,"117,68","129,04",146.78,0.0013905976461365762,0.2999992370605469,0
2022-08-22,93.42,95.06,50.63999938964844,23.8,109.0500030517578,-0.0013905976461365762,0.0013905976461365762,0.0226950824214539,0.021726109873504134,0.023389006382186616,0.2999992370605469,-1.6400000000000006,2,142,2.7735935233473326,-7.2,-7.2,2,0,0,0,1,"101,73","76,06",137.46,0.032022959566863685,-3.290000915527351,1
2022-08-23,96.46,99.49,47.34999847412109,24.11,108.62000274658205,0.032022959566863685,0.032022959566863685,0.014171634342314427,0.02389990659533879,0.024260860388938245,-3.290000915527351,-3.030000000000001,0,0,0.0,0.0,0.0,0,0,0,0,0,"145,34","144,89",171.21,0.009792764996533851,0.9800033569336009,0
2022-08-24,95.52,99.87,48.33000183105469,22.82,108.68000030517578,-0.009792764996533851,0.009792764996533851,0.017937512207985666,0.023789818141690577,0.023669894642004925,0.9800033569336009,-4.3500000000000085,6,141,-3.4696968785589744,-2.8333333333333335,-9.0,1,2,1,0,1,"102,45","56,74",141.98,0.023194050066636537,0.4499969482421946,0
2022-08-25,93.33,98.81,48.77999877929688,21.78,108.47000122070312,-0.023194050066636537,0.023194050066636537,0.020462937914635104,0.02331654103746751,0.024087003652747227,0.4499969482421946,-5.480000000000004,2,36,-2.7336381873220934,-3.25,-10.0,1,1,1,0,1,"149,12","169,90",141.71,0.0032092453731423216,-1.6999969482421946,0
2022-08-26,93.63,101.13,47.08000183105469,25.56,108.8000030517578,0.0032092453731423216,0.0032092453731423216,0.020441495957481987,0.022434208733177842,0.023420154160739712,-1.6999969482421946,-7.5,2,56,-0.561415745230103,3.65,3.5,0,2,0,0,0,"108,25","86,34",135.02,0.03947536569769178,0.6499977111816406,1
2022-08-29,97.4,,47.72999954223633,26.21,108.83999633789062,0.03947536569769178,0.03947536569769178,0.026831938095680446,0.023627272152335,0.022954065452574623,0.6499977111816406,,1,30,-4.66145125689469,3.5,3.5,0,1,0,0,0,"120,46","146,77",144.68,0.05616844623486226,2.0100021362304688,1
2022-08-30,92.08,99.34,49.7400016784668,26.21,108.7699966430664,-0.05616844623486226,0.05616844623486226,0.035090796669260384,0.028432921293146417,0.026151327232887683,2.0100021362304688,-7.260000000000005,1,100,-4.36818623122417,3.5,3.5,0,1,0,0,0,"115,27","60,48",171.53,0.02184859375027854,2.3699989318847656,1
2022-08-31,90.09,96.55,52.11000061035156,25.87,108.6999969482422,-0.02184859375027854,0.02184859375027854,0.0355448778456448,0.028908483385301043,0.025010187498352137,2.3699989318847656,-6.459999999999994,1,20,4.16666666666667,7.0,7.0,0,1,0,0,0,"97,75","119,10",72.25,0.033867103958700365,1.7900009155273438,1
2022-09-01,87.09,92.24,53.900001525878906,25.56,109.69000244140624,-0.033867103958700365,0.033867103958700365,0.036708734705502656,0.02898926063862867,0.025679106037235614,1.7900009155273438,-5.1499999999999915,5,97,-2.6084914452738186,-3.84,-7.2,2,1,0,0,1,"187,71","198,14",202.0,0.002293842042610278,0.0,0
2022-09-02,87.29,93.09,53.900001525878906,25.47,109.52999877929688,0.002293842042610278,0.002293842042610278,0.03660458128557994,0.02893416041001498,0.02564160090338001,0.0,-5.799999999999997,4,64,-2.4767427023120514,-3.05,-10.0,2,2,1,0,1,"84,13","94,35",78.7,0.0006871278328069815,-3.9000015258789062,0
2022-09-06,87.35,91.43,50.0,26.91,110.20999908447266,0.0006871278328069815,0.0006871278328069815,0.024561095880438737,0.02898574007523629,0.02516086801617125,-3.9000015258789062,-4.0800000000000125,0,0,0.0,0.0,0.0,0,0,0,0,0,"119,16","95,03",148.62,0.057124743239430203,3.3199996948242188,1
2022-09-07,82.5,86.83,53.31999969482422,24.64,109.83999633789062,-0.057124743239430203,0.057124743239430203,0.02489724507185792,0.029451960042354407,0.027881551486798654,3.3199996948242188,-4.329999999999998,1,30,-4.13331879820388,-5.6,-5.6,0,0,0,0,0,"124,29","86,20",170.75,0.01849458263616453,-2.029998779296875,0
2022-09-08,84.04,87.99,51.290000915527344,23.61,109.70999908447266,0.01849458263616453,0.01849458263616453,0.03078756818178366,0.031371126830190894,0.027992174127505393,-2.029998779296875,-3.9499999999999886,8,272,-4.484546679815004,-4.525,-10.0,5,2,4,0,1,"99,43","93,91",130.55,0.03771388519842012,-2.450000762939453,1
2022-09-09,87.27,91.68,48.84000015258789,22.79,109.0,0.03771388519842012,0.03771388519842012,0.035470072868335645,0.03484965821886224,0.028895137413192287,-2.450000762939453,-4.410000000000011,9,203,-5.62820038520151,0.12222222222222238,-10.0,3,5,1,0,1,"94,33","55,32",129.19,0.010373418754571713,-4.689998626708984,0
2022-09-12,88.18,93.45,44.150001525878906,23.87,108.33000183105467,0.010373418754571713,0.010373418754571713,0.035760039595782826,0.0351486640317669,0.02879928014266113,-4.689998626708984,-5.269999999999996,2,40,-3.5225702811245,-9.5,-9.5,2,0,2,0,1,"111,96","131,31",109.52,0.0038632021685711254,0.6599998474121094,0
2022-09-13,87.84,92.04,44.810001373291016,27.27,109.81999969482422,-0.0038632021685711254,0.0038632021685711254,0.03586048217007744,0.03138974600676248,0.02822484665066393,0.6599998474121094,-4.200000000000003,3,94,-3.4885226090922505,-2.8333333333333335,-6.5,0,1,0,0,0,"132,26","143,84",179.97,0.01177016757015403,0.80999755859375,0
2022-09-14,88.88,92.83,45.619998931884766,26.16,109.66000366210938,0.01177016757015403,0.01177016757015403,0.015130580803032959,0.027474553018428296,0.027427152024972253,0.80999755859375,-3.950000000000003,10,286,-4.46201739538435,-6.7,-10.0,5,1,4,0,1,"202,93","178,51",238.23,0.03620097472599824,1.0100021362304688,1
2022-09-15,85.72,89.28,46.630001068115234,26.27,109.73999786376952,-0.03620097472599824,0.03620097472599824,0.026997971209443725,0.028876517738388462,0.02820167980478259,1.0100021362304688,-3.5600000000000023,5,93,-2.088142140971286,-6.8,-9.0,1,0,1,0,1,"95,61","156,99",56.12,0.0017514161754129283,0.8099975585937429,0
2022-09-16,85.57,89.43,47.43999862670898,26.3,109.76000213623048,-0.0017514161754129283,0.0017514161754129283,0.019347153874261055,0.027032906176756608,0.027401873657772285,0.8099975585937429,-3.8600000000000136,3,48,-3.386814263053721,-7.0,-9.0,1,0,1,0,1,"127,41","105,85",176.57,0.006755208543975407,-0.6899986267089773,0
2022-09-19,86.15,,46.75,25.76,109.73999786376952,0.006755208543975407,0.006755208543975407,0.018736229654463442,0.0271438420148299,0.02745638104684895,-0.6899986267089773,,6,115,0.10730364368073918,-3.4333333333333336,-10.0,2,2,1,0,1,"122,18","67,67",158.05,0.017092432040431087,1.4799995422363281,1
2022-09-20,84.69,89.62,48.22999954223633,27.16,110.22000122070312,-0.017092432040431087,0.017092432040431087,0.019513872953429788,0.027576994078016316,0.027598342586823678,1.4799995422363281,-4.930000000000007,0,0,0.0,0.0,0.0,0,0,0,0,0,"109,77","90,12",139.6,0.015589058480856866,0.4200019836425781,0
2022-09-21,83.38,89.86,48.650001525878906,27.99,110.63999938964844,-0.015589058480856866,0.015589058480856866,0.016418616566503817,0.02083954300903796,0.02626664256743644,0.4200019836425781,-6.480000000000004,3,68,-5.45860132801833,-4.1000000000000005,-10.0,1,1,1,0,1,"189,75","162,15",261.48,0.007646393288585217,-1.5500030517578196,0
2022-09-22,84.02,90.4,47.09999847412109,27.35,111.3499984741211,0.007646393288585217,0.007646393288585217,0.011854186748573524,0.020100438480732407,0.02646773597899041,-1.5500030517578196,-6.38000000000001,8,201,-4.851210257642549,2.2875,-7.2,2,6,0,0,1,"225,86","150,11",348.78,0.06072132965840042,3.720001220703132,1
2022-09-23,79.07,84.29,50.81999969482422,29.92,113.19000244140624,-0.06072132965840042,0.06072132965840042,0.027740365559914583,0.023398377229243685,0.028935116259579115,3.720001220703132,-5.220000000000013,5,91,-4.055021669453749,-3.28,-9.0,3,2,1,0,1,"187,80","93,61",277.62,0.02432275561332391,5.8600006103515625,1
2022-09-26,77.17,82.55,56.68000030517578,32.26,114.0999984741211,-0.02432275561332391,0.02432275561332391,0.024742818855382973,0.022623110112349354,0.029014036494360882,5.8600006103515625,-5.3799999999999955,2,45,-2.4464696423030565,-8.75,-10.0,1,0,1,0,1,"163,02","104,01",216.89,0.02229718206343198,-0.7900009155273438,0
2022-09-27,78.91,85.97,55.88999938964844,32.6,114.11000061035156,0.02229718206343198,0.02229718206343198,0.03192931138699693,0.02520548523633477,0.027707546168041428,-0.7900009155273438,-7.060000000000002,9,200,-2.9134007967368927,-2.0888888888888886,-9.2,3,4,0,0,1,"155,89","99,90",240.73,0.04582277604147026,-0.8699989318847656,1
2022-09-28,82.61,89.55,55.02000045776367,30.18,112.5999984741211,0.04582277604147026,0.04582277604147026,0.041583709278294724,0.030355723683556216,0.028245425808292708,-0.8699989318847656,-6.939999999999998,4,120,-2.959721722244317,-8.6,-10.0,4,0,2,0,1,"202,59","185,59",282.28,0.010098023637917602,-0.6100006103515625,0
2022-09-29,81.78,89.41,54.40999984741211,31.84,112.25,-0.010098023637917602,0.010098023637917602,0.04132643888237716,0.028671457679821155,0.02800705567398998,-0.6100006103515625,-7.6299999999999955,5,87,-5.430185157403938,-5.54,-6.5,1,0,0,0,0,"156,94","122,93",186.43,0.02313171355012484,1.279998779296868,0
2022-09-30,79.91,88.9,55.68999862670898,31.62,112.12000274658205,-0.02313171355012484,0.02313171355012484,0.030835043219163975,0.029218650809205767,0.02752007353236284,1.279998779296868,-8.990000000000009,1,30,-5.7997282997283,-7.2,-7.2,1,0,0,0,1,"162,74","104,67",227.0,0.050510858468253296,0.5500030517578196,1
2022-10-03,84.05,90.68,56.2400016784668,30.1,111.75,0.050510858468253296,0.050510858468253296,0.03288850610944911,0.0343134197183784,0.030117698871972576,0.5500030517578196,-6.63000000000001,2,60,-0.74368812881293,3.5,3.5,0,2,0,0,0,"123,90","91,01",195.2,0.0330008884172046,3.2699966430664062,1
2022-10-04,86.87,93.74,59.5099983215332,29.07,110.06999969482422,0.0330008884172046,0.0330008884172046,0.0336524610855027,0.03557451008222938,0.03111357901476235,3.2699966430664062,-6.86999999999999,10,302,-2.6720948230594357,-0.85,-7.2,5,5,0,0,1,"164,21","90,32",254.26,0.015420946404964398,-5.30999755859375,0
2022-10-05,88.22,94.35,54.20000076293945,28.55,111.06999969482422,0.015420946404964398,0.015420946404964398,0.030215400099073284,0.03516771168897842,0.02823253199409122,-5.30999755859375,-6.1299999999999955,5,114,-11.386394492707785,-5.64,-5.8,1,0,0,0,0,"171,15","121,09",229.54,0.007678447843065347,-0.8100013732910156,0
2022-10-06,88.9,95.65,53.38999938964844,30.52,112.26000213623048,0.007678447843065347,0.007678447843065347,0.027742038563631694,0.03516791609168398,0.028030065927993966,-0.8100013732910156,-6.75,1,50,-2.32558139534884,-7.0,-7.0,0,0,0,0,0,"202,70","148,90",257.26,0.04583975567776008,0.25,1
2022-10-07,93.07,98.88,53.63999938964844,31.36,112.8000030517578,0.04583975567776008,0.04583975567776008,0.01864267699201393,0.028297012006895002,0.0286153886185973,0.25,-5.810000000000002,5,143,-2.229660781132386,-3.4,-10.0,3,2,1,0,1,"144,24","39,67",239.88,0.01592062651753452,-2.220001220703125,0
2022-10-10,91.6,97.13,51.41999816894531,32.45,113.13999938964844,-0.01592062651753452,0.01592062651753452,0.023773433138570332,0.027054180335684908,0.0288721755837864,-2.220001220703125,-5.530000000000001,1,14,-3.90216217147113,-7.2,-7.2,1,0,0,0,1,"193,34","256,99",203.64,0.020403244311696305,0.5,0
2022-10-11,89.75,95.17,51.91999816894531,33.63,113.22000122070312,-0.020403244311696305,0.020403244311696305,0.026716356370885434,0.02941673575961307,0.029280021929578817,0.5,-5.420000000000002,5,114,-6.728401432739466,-0.9600000000000002,-10.0,1,3,1,0,1,"228,25","256,72",233.6,0.021624899439362223,-0.3999977111816406,0
2022-10-12,87.83,93.44,51.52000045776367,33.57,113.31999969482422,-0.021624899439362223,0.021624899439362223,0.028695429864572294,0.028746909970707526,0.029588625303927245,-0.3999977111816406,-5.609999999999999,3,51,0.09879121606390004,3.5,3.5,0,3,0,0,0,"181,95","149,38",258.1,0.019840578680461147,-1.0,0
2022-10-13,89.59,95.16,50.52000045776367,31.94,112.36000061035156,0.019840578680461147,0.019840578680461147,0.0300847608816911,0.028426568257890507,0.028678759135597132,-1.0,-5.569999999999993,4,108,-3.40909090909091,7.4,7.4,0,4,0,0,0,"133,84","100,07",166.94,0.039734295175801966,-0.220001220703125,1
2022-10-14,86.1,92.22,50.29999923706055,32.02,113.30999755859376,-0.039734295175801966,0.039734295175801966,0.021782832858072594,0.030897085628215516,0.030173435615432728,-0.220001220703125,-6.1200000000000045,1,12,-1.37498227745271,7.0,7.0,0,1,0,0,0,"147,23","94,35",183.63,0.0011621151801772627,-0.029998779296875,0
2022-10-17,86.0,91.04,50.27000045776367,31.37,112.04000091552734,-0.0011621151801772627,0.0011621151801772627,0.022703658021707332,0.026968522499070235,0.030136322082239264,-0.029998779296875,-5.040000000000006,2,63,1.9667170953101298,-7.0,-7.0,0,0,0,0,0,"171,67","139,45",200.9,0.032018802306258566,-1.1500015258789062,1
2022-10-18,83.29,89.46,49.119998931884766,30.5,112.12999725341795,-0.032018802306258566,0.032018802306258566,0.024241747077139778,0.02657766584292437,0.030758029963073957,-1.1500015258789062,-6.1699999999999875,2,44,-2.8418572349034448,-0.75,-5.0,1,1,0,0,0,"128,98","58,45",195.01,0.03201880230625862,-1.3400001525878835,1
2022-10-19,86.0,91.34,47.77999877929688,30.76,112.9800033569336,0.03201880230625862,0.03201880230625862,0.031366985350565736,0.028395816991968633,0.0313916591273432,-1.3400001525878835,-5.340000000000003,6,148,-3.471210185373547,-4.5,-10.0,2,2,2,0,1,"160,19","148,29",190.29,0.00023253110208246185,0.20000076293944602,0
2022-10-20,86.02,91.52,47.97999954223633,29.98,112.87999725341795,0.00023253110208246185,0.00023253110208246185,0.028722447591486434,0.02819475764010495,0.03135959945613043,0.20000076293944602,-5.5,4,110,-1.1930080407711825,3.75,-7.2,1,3,0,0,1,"159,92","148,04",180.47,0.0064143901776635825,-0.7900009155273509,0
2022-10-21,85.47,91.82,47.18999862670898,29.69,112.01000213623048,-0.0064143901776635825,0.0064143901776635825,0.02281539827856144,0.02230381345150247,0.027875579350449563,-0.7900009155273509,-6.349999999999994,3,70,-4.294091397571743,-9.2,-9.2,3,0,0,0,1,"174,35","115,87",237.23,0.007576235318235656,0.5900001525879048,0
2022-10-24,86.12,91.57,47.77999877929688,29.85,111.98999786376952,0.007576235318235656,0.007576235318235656,0.023176584945238655,0.022672025083691708,0.027077433085474244,0.5900001525879048,-5.449999999999989,2,52,-3.9800696052694704,-8.5,-10.0,1,0,1,0,1,"93,58","37,31",124.5,0.009361524594810797,-0.47999954223633523,0
2022-10-25,86.93,91.76,47.29999923706055,28.46,110.9499969482422,0.009361524594810797,0.009361524594810797,0.01453878099877965,0.022549140024940864,0.026807905004454045,-0.47999954223633523,-4.829999999999998,1,24,-3.13549832026875,-5.0,-5.0,1,0,0,0,0,"139,72","69,65",193.64,0.027905622008788097,1.2800025939941406,0
2022-10-26,89.39,92.93,48.58000183105469,27.28,109.6999969482422,0.027905622008788097,0.027905622008788097,0.012903652838832668,0.023471458671185632,0.025640209860037445,1.2800025939941406,-3.5400000000000063,4,105,-0.43511402007679745,-5.125,-10.0,1,1,1,0,1,"133,39","110,82",138.65,0.00369851920620485,0.4399986267089844,0
2022-10-27,89.06,94.17,49.02000045776367,27.39,110.58999633789062,-0.00369851920620485,0.00369851920620485,0.013577035069943285,0.022621745526412666,0.025495273131718812,0.4399986267089844,-5.109999999999999,1,12,-5.12820512820513,-5.6,-5.6,0,0,0,0,0,"180,49","201,11",220.71,0.013679485260450168,-1.2099990844726562,0
2022-10-28,87.85,94.64,47.810001373291016,25.75,110.66999816894533,-0.013679485260450168,0.013679485260450168,0.015602076733502761,0.018788406249846238,0.025044327736090086,-1.2099990844726562,-6.790000000000006,7,186,-3.17384027985536,-6.757142857142857,-9.2,4,1,0,0,1,"203,69","128,25",267.43,0.015024079836367344,-0.40000152587890625,0
2022-10-31,86.54,93.3,47.40999984741211,25.88,111.52999877929688,-0.015024079836367344,0.015024079836367344,0.017945462187124703,0.01954476166679,0.02293881412386408,-0.40000152587890625,-6.759999999999991,4,145,-11.38837049401283,-7.5,-9.2,2,0,0,0,1,"113,79","138,65",105.13,0.020812643755177666,-0.3699989318847656,0
2022-11-01,88.36,95.12,47.040000915527344,25.81,111.4800033569336,0.020812643755177666,0.020812643755177666,0.019907138547033763,0.016668955206906536,0.022206990294665267,-0.3699989318847656,-6.760000000000005,3,72,-11.068302891933017,-9.466666666666667,-10.0,3,0,1,0,1,"136,88","163,75",127.48,0.019056736321509248,0.7099990844726562,0
2022-11-02,90.06,96.07,47.75,25.86,111.3499984741211,0.019056736321509248,0.019056736321509248,0.0174047664040082,0.014813764548622604,0.022346985373397504,0.7099990844726562,-6.009999999999991,6,101,-1.5752622490301222,-0.033333333333333215,-9.2,1,4,0,0,1,"150,82","75,18",214.99,0.021549655459584663,-1.279998779296875,0
2022-11-03,88.14,95.29,46.470001220703125,25.3,112.93000030517578,-0.021549655459584663,0.021549655459584663,0.02032239806859143,0.016973420731971143,0.02283973478658007,-1.279998779296875,-7.150000000000006,2,39,-4.97812474203705,-8.6,-10.0,2,0,1,0,1,"186,55","120,63",251.55,0.04914667618928344,1.029998779296875,1
2022-11-04,92.58,99.53,47.5,24.55,110.87999725341795,0.04914667618928344,0.04914667618928344,0.02894733294870924,0.022080348990046635,0.02320143056859339,1.029998779296875,-6.950000000000003,4,90,-4.539047961913343,-7.3,-8.0,4,0,1,0,1,"115,89","115,53",136.52,0.008460837976679755,-2.3899993896484375,0
2022-11-07,91.8,99.87,45.11000061035156,24.35,110.12000274658205,-0.008460837976679755,0.008460837976679755,0.02761957304379544,0.022687835929997964,0.022995532840475386,-2.3899993896484375,-8.070000000000007,3,58,-6.1169870243911095,-4.8,-9.2,2,1,1,0,1,"139,72","104,47",183.96,0.03322564762832039,-0.06999969482421875,1
2022-11-08,88.8,96.85,45.040000915527344,25.54,109.62000274658205,-0.03322564762832039,0.03322564762832039,0.03321722938692207,0.025844822711605438,0.023763443022846,-0.06999969482421875,-8.049999999999997,2,74,-2.138383294291379,3.65,3.5,0,2,0,0,0,"225,74","146,54",305.57,0.03448420041325041,0.3400001525878906,1
2022-11-09,85.79,93.05,45.380001068115234,26.09,110.5500030517578,-0.03448420041325041,0.03448420041325041,0.034541977204187724,0.02645405926147854,0.024525920676494877,0.3400001525878906,-7.259999999999991,2,48,-2.7507367947091126,-2.8499999999999996,-9.2,1,1,0,0,1,"137,41","156,56",163.23,0.008473151499984026,-1.9000015258789062,0
2022-11-10,86.52,94.25,43.47999954223633,23.53,108.20999908447266,0.008473151499984026,0.008473151499984026,0.03457980886868023,0.02675344670767948,0.02414197644257023,-1.9000015258789062,-7.730000000000004,1,30,-1.76007757790597,3.5,3.5,0,1,0,0,0,"98,15","127,20",81.61,0.029832566433551803,-1.4199981689453125,1
2022-11-11,89.14,96.37,42.060001373291016,22.52,106.29000091552734,0.029832566433551803,0.029832566433551803,0.027566803734169712,0.028298110768286592,0.023379728474027396,-1.4199981689453125,-7.230000000000004,0,0,0.0,0.0,0.0,0,0,0,0,0,"111,09","110,75",125.97,0.0376065801749253,2.359996795654297,1
2022-11-14,85.85,93.59,44.41999816894531,23.73,106.66000366210938,-0.0376065801749253,0.0376065801749253,0.03070442911350216,0.030569449597325722,0.02498270405525667,2.359996795654297,-7.740000000000009,1,18,-6.38849280800501,-5.0,-5.0,0,0,0,0,0,"188,93","163,24",198.99,0.01181116092834462,2.3000030517578125,1
2022-11-15,86.87,94.3,46.720001220703125,24.54,106.4000015258789,0.01181116092834462,0.01181116092834462,0.030033832248017606,0.029989339423966303,0.023934639629364467,2.3000030517578125,-7.429999999999993,6,142,-4.413139451564068,-3.1833333333333336,-9.2,2,2,0,0,1,"196,51","100,75",280.12,0.01449384755502914,-1.6000022888183594,0
2022-11-16,85.62,92.61,45.119998931884766,24.11,106.27999877929688,-0.01449384755502914,0.01449384755502914,0.02609990150847519,0.029277363433422042,0.02312086562090138,-1.6000022888183594,-6.989999999999995,1,25,-0.208661173493649,3.8,3.8,0,1,0,0,0,"170,58","164,57",183.02,0.046987305363022244,0.220001220703125,1
2022-11-17,81.69,91.0,45.34000015258789,23.93,106.69000244140624,-0.046987305363022244,0.046987305363022244,0.03241009155448566,0.03186076750722036,0.025373287289470497,0.220001220703125,-9.310000000000002,0,0,0.0,0.0,0.0,0,0,0,0,0,"153,21","158,01",193.3,0.020030343269235563,0.5900001525878906,0
2022-11-18,80.07,88.93,45.93000030517578,23.12,106.93000030517578,-0.020030343269235563,0.020030343269235563,0.022748058755924273,0.024926179424427885,0.025662533616137826,0.5900001525878906,-8.860000000000014,12,349,-4.672593855933623,-2.1416666666666666,-10.0,3,6,2,0,1,"77,71","67,79",88.85,0.0041299101313334585,1.1800003051757812,0
2022-11-21,79.74,88.44,47.11000061035156,22.36,107.83999633789062,-0.0041299101313334585,0.0041299101313334585,0.021711009804937183,0.025080249559392018,0.02553547884815297,1.1800003051757812,-8.700000000000003,3,65,-1.3518723353960638,-7.333333333333333,-10.0,2,0,1,0,1,"107,63","83,45",159.1,0.01357684179254409,-0.8100013732910156,0
2022-11-22,80.83,88.65,46.29999923706055,21.29,107.22000122070312,0.01357684179254409,0.01357684179254409,0.022258816412805377,0.02547515434557126,0.025667307079195664,-0.8100013732910156,-7.820000000000007,8,207,-4.453488271203121,-5.6875,-10.0,2,1,2,0,1,"105,25","143,58",119.76,0.03653719589028337,5.260002136230469,1
2022-11-23,77.93,85.9,51.560001373291016,20.35,106.08000183105467,-0.03653719589028337,0.03653719589028337,0.024362446194993736,0.025706947650479206,0.025543716601483024,5.260002136230469,-7.969999999999999,8,264,-3.1185291101657646,-2.1875,-10.0,1,4,1,0,1,"105,60","99,74",138.65,0.01917405548039829,-1.4000015258789062,0
2022-11-25,76.45,83.4,50.15999984741211,20.5,105.95999908447266,-0.01917405548039829,0.01917405548039829,0.018882637934319785,0.02502377894254082,0.025676958179006545,-1.4000015258789062,-6.950000000000003,0,0,0.0,0.0,0.0,0,0,0,0,0,"80,51","80,27",76.51,0.008466348194212426,0.36999893188477273,0
2022-11-28,77.1,83.5,50.52999877929688,22.21,106.68000030517578,0.008466348194212426,0.008466348194212426,0.020554437473785808,0.021712734708191867,0.025879227780708346,0.36999893188477273,-6.400000000000006,0,0,0.0,0.0,0.0,0,0,0,0,0,"88,00","25,07",146.35,0.011092594070076216,-2.6199989318847727,0
2022-11-29,77.96,83.22,47.90999984741211,21.89,106.81999969482422,0.011092594070076216,0.011092594070076216,0.022247112566643388,0.02141627907503522,0.026085958432764903,-2.6199989318847727,-5.260000000000005,4,72,-0.4696623375470222,-3.25,-10.0,2,2,2,0,1,"100,55","66,83",111.48,0.03181283171206913,-1.7599983215332031,1
2022-11-30,80.48,85.61,46.150001525878906,20.58,105.9499969482422,0.03181283171206913,0.03181283171206913,0.026951928645130532,0.02437237554159511,0.02677072354478633,-1.7599983215332031,-5.1299999999999955,6,142,-1.8066838722154075,-6.8500000000000005,-9.0,1,0,0,0,1,"81,59","21,69",126.64,0.0071809148487334915,-0.5400009155273438,0
2022-12-01,81.06,86.28,45.61000061035156,19.84,104.7300033569336,0.0071809148487334915,0.0071809148487334915,0.018137361614225127,0.024657287598683294,0.026345061335346524,-0.5400009155273438,-5.219999999999999,0,0,0.0,0.0,0.0,0,0,0,0,0,"65,95","40,46",84.36,0.01491451956508731,0.14999771118164062,0
2022-12-02,79.86,86.54,45.7599983215332,19.06,104.5500030517578,-0.01491451956508731,0.01491451956508731,0.01658260704125599,0.0203706494932062,0.026170388941714463,0.14999771118164062,-6.680000000000007,12,234,-1.0828902345207492,-1.7833333333333332,-7.2,1,5,0,0,1,"109,10","138,42",123.71,0.03867991275553174,-0.34999847412109375,1
2022-12-05,76.83,83.36,45.40999984741211,20.75,105.29000091552734,-0.03867991275553174,0.03867991275553174,0.026938748328295525,0.0228772177583841,0.023887388270184523,-0.34999847412109375,-6.530000000000001,1,18,-3.99301671947412,7.4,7.4,0,1,0,0,0,"98,97","139,29",106.5,0.03469627689750147,0.9500007629394531,1
2022-12-06,74.21,79.92,46.36000061035156,22.17,105.58000183105467,-0.03469627689750147,0.03469627689750147,0.029580373008715213,0.024835310370718903,0.0245487023018774,0.9500007629394531,-5.710000000000008,4,130,-1.9540259840042387,-7.3,-9.2,2,0,0,0,1,"139,10","133,53",162.79,0.031205488102777176,1.5499992370605469,1
2022-12-07,71.93,77.11,47.90999984741211,22.68,105.0999984741211,-0.031205488102777176,0.031205488102777176,0.018873352018242806,0.024712383186049937,0.024454838270430837,1.5499992370605469,-5.179999999999993,6,156,-4.078775154764946,-4.25,-10.0,4,2,3,0,1,"127,41","74,09",150.09,0.008797096459014752,-0.7400016784667969,0
2022-12-08,71.3,76.02,47.16999816894531,22.29,104.7699966430664,-0.008797096459014752,0.008797096459014752,0.013055149589751076,0.02311562911180682,0.023796495235635342,-0.7400016784667969,-4.719999999999999,10,221,-4.874566274413783,-4.029999999999999,-10.0,3,3,2,0,1,"140,96","97,29",171.31,0.0035124728771405668,-0.23999786376953125,0
2022-12-09,71.05,76.37,46.93000030517578,22.83,104.80999755859376,-0.0035124728771405668,0.0035124728771405668,0.01605275219031907,0.022870806690588105,0.023475417764910935,-0.23999786376953125,-5.320000000000007,6,142,-1.4877615578803414,-2.6666666666666665,-10.0,2,3,2,0,1,"117,31","55,69",176.51,0.026527491222966312,-1.9399986267089844,0
2022-12-12,72.96,78.0,44.9900016784668,25.0,105.12999725341795,0.026527491222966312,0.026527491222966312,0.024681999275239386,0.024881227420144477,0.023191289070355715,-1.9399986267089844,-5.040000000000006,3,94,-7.2985200384006275,-3.3666666666666667,-10.0,1,1,1,0,1,"158,37","157,88",153.64,0.03342629255912618,-1.6200027465820312,1
2022-12-13,75.44,80.14,43.369998931884766,22.55,103.9800033569336,0.03342629255912618,0.03342629255912618,0.026601162284899872,0.027411674904856374,0.024162200211727707,-1.6200027465820312,-4.700000000000003,3,220,-0.7999800998061551,0.0,-7.0,0,2,0,0,0,"152,63","146,52",150.42,0.022284314454879706,-1.5499992370605469,0
2022-12-14,77.14,83.33,41.81999969482422,21.14,103.7699966430664,0.022284314454879706,0.022284314454879706,0.018903320055828118,0.026194648267081875,0.024686891238832904,-1.5499992370605469,-6.189999999999998,2,45,-2.555360174445111,-0.75,-5.0,1,1,0,0,0,"133,39","166,23",138.65,0.016337029364260253,1.8800010681152344,1
2022-12-15,75.89,82.34,43.70000076293945,22.83,104.55999755859376,-0.016337029364260253,0.016337029364260253,0.021321257629760827,0.026111066491126884,0.024723918872565774,1.8800010681152344,-6.450000000000003,6,321,-2.3094782075266216,-7.083333333333333,-9.2,5,1,0,0,1,"73,61","45,16",84.75,0.022655553214386982,-1.4099998474121094,0
2022-12-16,74.19,80.2,42.290000915527344,22.62,104.6999969482422,-0.022655553214386982,0.022655553214386982,0.026094794454759786,0.02649715892630741,0.023151173945006612,-1.4099998474121094,-6.010000000000005,5,72,-2.71768617913706,2.1,-7.0,0,4,0,0,0,"98,80","127,46",96.65,0.011525187878036369,0.18000030517578125,0
2022-12-19,75.05,81.66,42.470001220703125,22.42,104.72000122070312,0.011525187878036369,0.011525187878036369,0.024327836279348366,0.024592257688484612,0.02313493002615087,0.18000030517578125,-6.609999999999999,2,52,-1.901561448558888,-6.1,-7.2,2,0,0,0,1,"171,46","164,09",159.68,0.011525596222201515,-0.6800003051757812,0
2022-12-20,75.92,79.45,41.790000915527344,21.48,103.97000122070312,0.011525596222201515,0.011525596222201515,0.019585626826461235,0.02204809842833153,0.023366831478496653,-0.6800003051757812,-3.530000000000001,4,60,0.09718008896820993,-0.10000000000000009,-7.2,2,2,0,0,1,"132,74","132,34",130.45,0.029205787930566576,-0.6100006103515625,1
2022-12-21,78.17,80.25,41.18000030517578,20.07,104.16000366210938,0.029205787930566576,0.029205787930566576,0.021584909712619997,0.020039024008260554,0.024178422333306242,-0.6100006103515625,-2.0799999999999983,7,146,-1.9923951639554818,-4.057142857142857,-7.2,2,2,0,0,1,"169,54","169,02",195.2,0.006288118249169556,0.6199989318847656,0
2022-12-22,77.68,79.58,41.79999923706055,21.97,104.43000030517578,-0.006288118249169556,0.006288118249169556,0.019765902639016866,0.019815366465670625,0.02278892809523867,0.6199989318847656,-1.8999999999999915,5,138,-2.5156632602223814,-3.44,-10.0,2,2,1,0,1,"159,00","184,93",165.27,0.02403931340637381,-0.5900001525878906,0
2022-12-23,79.57,82.45,41.209999084472656,20.87,104.30999755859376,0.02403931340637381,0.02403931340637381,0.013746444080033119,0.019864076734481022,0.022939427351864185,-0.5900001525878906,-2.8800000000000097,4,88,-1.8306075169582676,0.825,-7.2,1,3,0,0,1,"114,93","161,75",78.7,0.0015092444067184001,2.2900009155273438,1
2022-12-27,79.45,,43.5,21.65,104.18000030517578,-0.0015092444067184001,0.0015092444067184001,0.015462309641249457,0.019454358392884737,0.022899844790168024,2.2900009155273438,,4,90,-3.200540315838289,-1.85,-7.2,2,2,0,0,1,"146,82","128,07",152.6,0.007073415875726736,0.4500007629394531,0
2022-12-28,78.89,81.7,43.95000076293945,22.14,104.45999908447266,-0.007073415875726736,0.007073415875726736,0.017522844870963873,0.017842493432816693,0.022859623161596763,0.4500007629394531,-2.8100000000000023,8,132,-1.5851066734649941,1.8250000000000002,-7.2,2,6,0,0,1,"151,89","86,53",192.45,0.0058479698824231,-1.3500022888183665,0
2022-12-29,78.43,80.96,42.59999847412109,21.44,103.83999633789062,-0.0058479698824231,0.0058479698824231,0.013245127145178351,0.01691565366613688,0.02167289258807986,-1.3500022888183665,-2.529999999999987,3,53,-4.1110590564542155,-4.3999999999999995,-9.2,1,1,0,0,1,"116,49","101,61",121.08,0.021818130111979507,-1.3400001525878835,0
2022-12-30,80.16,82.82,41.2599983215332,21.67,103.5199966430664,0.021818130111979507,0.021818130111979507,0.015353340464685504,0.0167074415898646,0.022214375719847388,-1.3400001525878835,-2.6599999999999966,3,90,-4.999023075956885,-4.2,-10.0,2,1,2,0,1,"150,23","194,70",112.43,0.04190895397551398,2.8800010681152344,1
2023-01-03,76.87,80.36,44.13999938964844,22.9,104.5199966430664,-0.04190895397551398,0.04190895397551398,0.02280654977103078,0.020894043696780284,0.023889476428330954,2.8800010681152344,-3.489999999999995,2,60,-6.737449200444415,-7.9,-10.0,1,0,1,0,1,"198,45","167,40",215.79,0.05412504061375341,1.69000244140625,1
2023-01-04,72.82,75.31,45.83000183105469,22.01,104.25,-0.05412504061375341,0.05412504061375341,0.03052688624198195,0.027407787391324778,0.025345978253477272,1.69000244140625,-2.490000000000009,3,90,-4.247826716035401,-3.733333333333333,-7.5,1,1,0,0,1,"94,29","100,26",94.08,0.010790243323327259,-1.9000015258789062,0
2023-01-05,73.61,76.73,43.93000030517578,22.46,105.04000091552734,0.010790243323327259,0.010790243323327259,0.03298777525861923,0.027365389679884097,0.02434286735520063,-1.9000015258789062,-3.1200000000000045,4,145,-4.756068770470708,-6.45,-10.0,3,0,1,0,1,"100,74","118,15",88.7,0.0021712588255962083,-0.990001678466804,0
2023-01-06,73.77,76.41,42.93999862670898,21.13,103.87999725341795,0.0021712588255962083,0.0021712588255962083,0.0336624255712471,0.025058512143412478,0.0232393217984705,-0.990001678466804,-2.6400000000000006,2,50,-2.0759127784618308,-5.75,-6.5,0,0,0,0,0,"88,73","106,15",88.54,0.012394069472764347,-0.18999862670897727,0
2023-01-09,74.69,77.5,42.75,21.97,103.0,0.012394069472764347,0.012394069472764347,0.031470419539964586,0.025705592573950813,0.02323959877913024,-0.18999862670897727,-2.8100000000000023,0,0,0.0,0.0,0.0,0,0,0,0,0,"86,13","52,84",99.16,0.005607491328945025,-1.1500015258789134,0
2023-01-10,75.11,78.4,41.59999847412109,20.58,103.23999786376952,0.005607491328945025,0.005607491328945025,0.027966163539853924,0.024087534426463535,0.02320853490033888,-1.1500015258789134,-3.2900000000000063,4,98,-5.056957204233825,-9.375,-9.5,4,0,3,0,1,"114,62","102,84",114.37,0.03080796838868568,-0.4099998474121094,1
2023-01-11,77.46,81.11,41.18999862670898,21.09,103.19000244140624,0.03080796838868568,0.03080796838868568,0.01109278466682267,0.02674390949010865,0.023457471265993204,-0.4099998474121094,-3.6500000000000057,4,108,-4.414769345394933,-3.7249999999999996,-10.0,1,1,1,0,1,"129,44","82,12",156.56,0.011041324135648845,-1.9099998474120952,0
2023-01-12,78.32,82.59,39.27999877929688,18.83,102.25,0.011041324135648845,0.011041324135648845,0.011084499963285751,0.027014592746556203,0.02244094054755162,-1.9099998474120952,-4.27000000000001,2,76,-4.684850600797184,-1.15,-5.8,0,1,0,0,0,"114,45","126,77",105.74,0.019972854549974103,-1.0900001525879048,0
2023-01-13,79.9,83.43,38.18999862670898,18.35,102.1999969482422,0.019972854549974103,0.019972854549974103,0.009755110494837719,0.02769594132657155,0.022335995864646414,-1.0900001525879048,-3.530000000000001,4,88,-0.9936448091237974,-6.625,-10.0,3,1,3,0,1,"103,70","80,41",124.55,0.004370909237896097,1.9099998474121094,1
2023-01-17,80.25,84.38,40.09999847412109,19.36,102.38999938964844,0.004370909237896097,0.004370909237896097,0.011061665245766085,0.02683492062115916,0.021929319975102127,1.9099998474121094,-4.1299999999999955,2,39,-3.868668401431603,5.45,3.5,0,2,0,0,0,"127,41","88,91",169.51,0.00901245304108138,-0.8499984741210866,0
2023-01-18,79.53,83.78,39.25,20.34,102.36000061035156,-0.00901245304108138,0.00901245304108138,0.015135732168241343,0.022828539148140668,0.02129916857792684,-0.8499984741210866,-4.25,3,132,-6.5339166262577955,-5.0,-5.0,0,0,0,0,0,"76,78","65,61",100.33,0.009759837231327074,-0.22999954223632812,0
2023-01-19,80.31,85.08,39.02000045776367,20.52,102.05999755859376,0.009759837231327074,0.009759837231327074,0.010668859234920672,0.01061043138756598,0.021267687082546182,-0.22999954223632812,-4.769999999999996,1,26,-2.66578686238141,-7.0,-7.0,0,0,0,0,0,"115,06","120,74",110.78,0.011882798564742555,-1.2099990844726562,0
2023-01-20,81.27,86.96,37.810001373291016,19.85,102.01000213623048,0.011882798564742555,0.011882798564742555,0.010750405296773244,0.010627482580346816,0.02127503014136318,-1.2099990844726562,-5.689999999999998,1,30,2.59740259740259,3.5,3.5,0,1,0,0,0,"152,37","123,77",168.93,0.0042973852125463945,-0.5100021362304688,0
2023-01-23,81.62,87.54,37.29999923706055,19.81,102.13999938964844,0.0042973852125463945,0.0042973852125463945,0.008132142634431171,0.010475876844113182,0.02039607484889234,-0.5100021362304688,-5.920000000000002,1,12,-6.5366489929594,-5.0,-5.0,0,0,0,0,0,"87,71","80,71",78.54,0.021799228342584402,0.9599990844726562,0
2023-01-24,79.86,85.25,38.2599983215332,19.2,101.91999816894533,-0.021799228342584402,0.021799228342584402,0.014200412805313329,0.014468016049243542,0.02101956945036856,0.9599990844726562,-5.390000000000001,2,36,-4.1035914813387855,-5.4,-5.8,1,0,0,0,0,"89,98","67,28",121.59,0.0010022551578146885,0.2800025939941406,0
2023-01-25,79.78,85.08,38.540000915527344,19.08,101.63999938964844,-0.0010022551578146885,0.0010022551578146885,0.013501515029550992,0.01467264905507196,0.020333656130249605,0.2800025939941406,-5.299999999999997,4,110,-3.4649991763470758,1.25,-9.0,1,3,1,0,1,"110,61","116,08",106.5,0.01072195784579792,-0.4200019836425781,0
2023-01-26,80.64,86.29,38.119998931884766,18.73,101.83999633789062,0.01072195784579792,0.01072195784579792,0.013670009087122974,0.012043340871028195,0.020465211197347975,-0.4200019836425781,-5.650000000000006,8,230,-3.3877473476798614,0.5625,-5.0,1,4,0,0,0,"71,49","83,15",59.45,0.011348877808654397,0.479999542236321,0
2023-01-27,79.73,85.36,38.59999847412109,18.51,101.93000030517578,-0.011348877808654397,0.011348877808654397,0.012896090755531877,0.012659200390439669,0.02057320516654005,0.479999542236321,-5.6299999999999955,2,42,-11.36082695589055,-1.85,-7.2,1,1,0,0,1,"120,77","172,00",86.08,0.022321789192895503,1.5800018310546946,1
2023-01-30,77.97,84.9,40.18000030517578,19.94,102.27999877929688,-0.022321789192895503,0.022321789192895503,0.014138728076223113,0.012968739829044482,0.021163301146506133,1.5800018310546946,-6.930000000000007,0,0,0.0,0.0,0.0,0,0,0,0,0,"155,17","94,16",213.18,0.012490603380142556,-1.6300010681152344,0
2023-01-31,78.95,83.42,38.54999923706055,19.4,102.0999984741211,0.012490603380142556,0.012490603380142556,0.014771352290764794,0.013677716617677249,0.020749088033421476,-1.6300010681152344,-4.469999999999999,0,0,0.0,0.0,0.0,0,0,0,0,0,"148,32","153,34",146.18,0.03361769338456743,-0.55999755859375,1
2023-02-01,76.34,81.61,37.9900016784668,17.87,101.22000122070312,-0.03361769338456743,0.03361769338456743,0.020246289458269714,0.016969685187901647,0.019951165362188796,-0.55999755859375,-5.269999999999996,1,40,-2.62519011020352,3.5,3.5,0,1,0,0,0,"108,70","114,07",123.69,0.006175697967100173,0.5,0
2023-02-02,75.87,80.57,38.4900016784668,18.73,101.75,-0.006175697967100173,0.006175697967100173,0.01737678469033383,0.016257481006139256,0.015542416737564941,0.5,-4.699999999999989,5,142,-4.613922605582901,-3.2399999999999998,-9.2,3,2,1,0,1,"130,60","118,36",167.84,0.033097413729513595,0.9899978637695312,1
2023-02-03,73.4,78.85,39.47999954223633,18.33,102.91999816894533,-0.033097413729513595,0.033097413729513595,0.01968133150693318,0.017058842760065737,0.017248256850700076,0.9899978637695312,-5.449999999999989,10,206,-4.004700513295266,-3.62,-9.5,3,3,1,0,1,"116,33","99,40",128.97,0.009626540342797498,-0.5600013732910156,0
2023-02-06,74.11,80.48,38.91999816894531,19.43,103.62000274658205,0.009626540342797498,0.009626540342797498,0.02234289520009436,0.01763505950568995,0.01738095102678446,-0.5600013732910156,-6.3700000000000045,9,195,-5.056789469746501,-4.111111111111111,-10.0,3,3,2,0,1,"112,53","126,21",128.66,0.04046030450624416,-1.6099967956542969,1
2023-02-07,77.17,82.92,37.310001373291016,18.66,103.43000030517578,0.04046030450624416,0.04046030450624416,0.031182646410776463,0.023033957703101366,0.019427305166290952,-1.6099967956542969,-5.75,1,12,-3.7284089689947506,3.8,3.8,0,1,0,0,0,"138,02","125,09",166.94,0.016705605669870234,-0.29000091552734375,0
2023-02-08,78.47,84.17,37.02000045776367,19.63,103.41000366210938,0.016705605669870234,0.016705605669870234,0.027344556220694836,0.023905216411700025,0.01970333517080488,-0.29000091552734375,-5.700000000000003,2,34,-5.434975462273106,3.5,3.5,0,2,0,0,0,"134,98","67,28",187.06,0.005494870384471273,-1.2700004577636719,0
2023-02-09,78.04,83.46,35.75,20.71,103.22000122070312,-0.005494870384471273,0.005494870384471273,0.027273459166277526,0.02351918923215644,0.01856743860774839,-1.2700004577636719,-5.4199999999999875,0,0,0.0,0.0,0.0,0,0,0,0,0,"169,59","169,06",188.02,0.021549826198298386,0.1399993896484375,0
2023-02-10,79.74,85.46,35.88999938964844,20.53,103.62999725341795,0.021549826198298386,0.021549826198298386,0.016812449576232378,0.024543330418662565,0.019028191434608602,0.1399993896484375,-5.719999999999999,3,54,-1.8547496669373313,-3.8333333333333335,-10.0,1,1,1,0,1,"147,88","153,32",167.24,0.005003763254789607,1.8800010681152344,1
2023-02-13,80.14,85.98,37.77000045776367,20.34,103.3499984741211,0.005003763254789607,0.005003763254789607,0.017406329551840932,0.02326847413086226,0.01852620524819783,1.8800010681152344,-5.840000000000003,2,40,-4.8616332388253,-9.2,-9.2,2,0,0,0,1,"110,42","142,46",86.42,0.013315106905582361,-1.1000022888183594,0
2023-02-14,79.08,84.96,36.66999816894531,18.91,103.2300033569336,-0.013315106905582361,0.013315106905582361,0.014632521472777806,0.023497420120911952,0.018735046367925758,-1.1000022888183594,-5.8799999999999955,2,30,-5.218617771509171,-7.0,-7.0,0,0,0,0,0,"82,67","35,32",127.66,0.00647005111468599,-0.9699974060058594,0
2023-02-15,78.57,84.11,35.70000076293945,18.23,103.91999816894533,-0.00647005111468599,0.00647005111468599,0.013587268840849265,0.02054328385233042,0.01868447894098161,-0.9699974060058594,-5.540000000000006,2,120,-3.86230120328828,7.4,7.4,0,2,0,0,0,"119,27","86,48",144.26,0.001528468008688467,-0.6700019836425781,0
2023-02-16,78.45,83.84,35.029998779296875,20.17,103.86000061035156,-0.001528468008688467,0.001528468008688467,0.013279976095018258,0.02036749712438695,0.01852464487373574,-0.6700019836425781,-5.390000000000001,5,127,-4.245300250480697,-3.7,-7.0,2,1,0,0,0,"134,75","123,14",149.4,0.02765748787749983,1.0100021362304688,0
2023-02-17,76.31,81.97,36.040000915527344,20.02,103.86000061035156,-0.02765748787749983,0.02765748787749983,0.012498385350977598,0.01933238689476735,0.019157240586671443,1.0100021362304688,-5.659999999999997,5,118,-3.730727098147522,-6.88,-10.0,3,0,1,0,1,"106,10","58,76",156.84,0.0003932105693234996,1.0099983215332031,0
2023-02-21,76.28,82.14,37.04999923706055,22.87,104.18000030517578,-0.0003932105693234996,0.0003932105693234996,0.011171546354951031,0.019261444323546473,0.01908987939979438,1.0099983215332031,-5.859999999999999,0,0,0.0,0.0,0.0,0,0,0,0,0,"174,98","132,34",220.76,0.031021591575409513,1.3100013732910156,1
2023-02-22,73.95,79.55,38.36000061035156,22.29,104.58999633789062,-0.031021591575409513,0.031021591575409513,0.01476422603887887,0.01688511426779426,0.01966097499852288,1.3100013732910156,-5.599999999999994,0,0,0.0,0.0,0.0,0,0,0,0,0,"150,31","149,85",173.06,0.017559596008482406,-1.6700019836425852,0
2023-02-23,75.26,82.08,36.68999862670898,21.14,104.5999984741211,0.017559596008482406,0.017559596008482406,0.020418115087489256,0.017004681254818414,0.02023200576343634,-1.6700019836425852,-6.819999999999993,2,28,-1.3426700672019511,-1.85,-7.2,1,1,0,0,1,"127,87","145,69",121.52,0.01228143531962699,0.5600013732910227,0
2023-02-24,76.19,82.31,37.25,21.67,105.20999908447266,0.01228143531962699,0.01228143531962699,0.022448330464871085,0.01776378256268662,0.020290254684357932,0.5600013732910227,-6.1200000000000045,2,74,-4.866679447456521,-8.25,-10.0,1,0,1,0,1,"110,97","88,51",147.65,0.008170841452289811,0.2999992370605469,0
2023-02-27,75.57,81.24,37.54999923706055,20.95,104.66999816894533,-0.008170841452289811,0.008170841452289811,0.0191666245091494,0.01567516120089463,0.02023245814065502,0.2999992370605469,-5.670000000000002,3,72,-1.9591541380876514,-2.3333333333333335,-7.0,0,1,0,0,0,"125,63","92,28",142.95,0.01718638562940847,-2.1300010681152344,0
2023-02-28,76.88,83.21,35.41999816894531,20.7,104.87000274658205,0.01718638562940847,0.01718638562940847,0.02104381925749224,0.016989405835595116,0.02014221847761346,-2.1300010681152344,-6.329999999999998,2,26,-0.5710059963869246,7.0,7.0,0,2,0,0,0,"146,95","146,50",162.93,0.008934989840743236,1.2100028991699219,0
2023-03-01,77.57,83.68,36.630001068115234,20.58,104.4800033569336,0.008934989840743236,0.008934989840743236,0.010539626017358552,0.01711270111751223,0.020035036895696336,1.2100028991699219,-6.110000000000014,7,123,0.7219774861361612,3.5,3.5,0,7,0,0,0,"92,77","97,93",108.91,0.006168892458660851,-1.0200004577636719,0
2023-03-02,78.05,84.15,35.61000061035156,19.59,105.02999877929688,0.006168892458660851,0.006168892458660851,0.009563640576052966,0.017206439666637298,0.018532430011379667,-1.0200004577636719,-6.1000000000000085,6,230,-5.019090245901667,-4.866666666666666,-10.0,3,2,2,0,1,"121,40","149,85",115.37,0.01991567061073006,-0.4099998474121094,0
2023-03-03,79.62,85.74,35.20000076293945,18.49,104.5199966430664,0.01991567061073006,0.01991567061073006,0.0110548604631667,0.018382799360720976,0.018907288807508613,-0.4099998474121094,-6.11999999999999,4,82,-0.8431731188592746,-1.375,-7.0,1,2,0,0,0,"154,63","213,44",128.58,0.009624472767698171,-2.170001983642578,0
2023-03-06,80.39,85.86,33.029998779296875,18.61,104.3499984741211,0.009624472767698171,0.009624472767698171,0.0058720862576748115,0.015346595599175535,0.017001628712510968,-2.170001983642578,-5.469999999999999,0,0,0.0,0.0,0.0,0,0,0,0,0,"106,86","53,26",133.28,0.037257223476991806,0.7299995422363281,1
2023-03-07,77.45,83.03,33.7599983215332,19.59,105.62000274658205,-0.037257223476991806,0.037257223476991806,0.022272973653150306,0.020428005895691725,0.019336440128834387,0.7299995422363281,-5.579999999999998,7,132,-1.9944059342988676,3.4,-7.0,0,5,0,0,0,"161,43","90,12",204.04,0.011557819718178803,-0.3699989318847656,0
2023-03-08,76.56,82.1,33.38999938964844,19.11,105.66000366210938,-0.011557819718178803,0.011557819718178803,0.022442426663444284,0.017732068753920176,0.017312331902009384,-0.3699989318847656,-5.539999999999992,0,0,0.0,0.0,0.0,0,0,0,0,0,"125,93","54,58",173.01,0.012618463959211575,1.470001220703125,1
2023-03-09,75.6,81.0,34.86000061035156,22.61,105.30999755859376,-0.012618463959211575,0.012618463959211575,0.02217395212791717,0.017635190893984628,0.017027070584890325,1.470001220703125,-5.400000000000006,1,20,-10.9539103518714,3.5,3.5,0,1,0,0,0,"147,48","79,17",198.1,0.01248783891820555,1.8999977111816406,1
2023-03-10,76.55,82.3,36.7599983215332,24.8,104.58000183105467,0.01248783891820555,0.01248783891820555,0.02012619465293682,0.017650690119134567,0.017297838182492725,1.8999977111816406,-5.75,20,376,0.25876853944627404,1.78,-7.0,2,16,0,0,0,"113,44","67,86",141.5,0.024731803430170726,1.3700027465820312,1
2023-03-13,74.68,79.67,38.130001068115234,26.52,103.5999984741211,-0.024731803430170726,0.024731803430170726,0.018458357091498054,0.019255613925806728,0.017223053125524235,1.3700027465820312,-4.989999999999995,6,262,-4.429431444425308,-0.25,-9.0,1,4,0,0,1,"144,30","87,56",177.37,0.048000438591475195,9.279998779296875,1
2023-03-14,71.18,76.77,47.40999984741211,23.73,103.5999984741211,-0.048000438591475195,0.048000438591475195,0.022017542351203477,0.023012778115829618,0.019771163794044703,9.279998779296875,-5.589999999999989,4,90,-6.684984058190064,-4.975,-9.0,3,1,1,0,1,"117,31","122,52",148.64,0.05486364210363997,2.3699989318847727,1
2023-03-15,67.38,74.3,49.77999877929688,26.14,104.6500015258789,-0.05486364210363997,0.05486364210363997,0.027285907331141588,0.02647119809484203,0.022572549372759744,2.3699989318847727,-6.920000000000002,9,196,-5.666386572397679,3.2,-7.0,0,8,0,0,0,"101,75","101,44",122.21,0.011362920164135027,-1.1299972534179759,0
2023-03-16,68.15,73.12,48.650001525878906,22.99,104.41999816894533,0.011362920164135027,0.011362920164135027,0.031851904622122944,0.026959186197387387,0.022984846507910724,-1.1299972534179759,-4.969999999999999,10,243,-2.904436449798087,3.31,-7.2,2,8,0,0,1,"112,81","163,58",119.39,0.02285644171745365,2.829998016357422,1
2023-03-17,66.61,71.03,51.47999954223633,25.51,103.70999908447266,-0.02285644171745365,0.02285644171745365,0.02601962604935629,0.024321248553198185,0.02320576717570634,2.829998016357422,-4.420000000000002,2,39,-8.947131791592529,-8.5,-10.0,2,0,1,0,1,"85,23","90,63",103.94,0.014161375514511305,-0.3400001525878906,0
2023-03-20,67.56,72.42,51.13999938964844,24.15,103.27999877929688,0.014161375514511305,0.014161375514511305,0.032242371185328945,0.02492533343522073,0.023242425947085543,-0.3400001525878906,-4.859999999999999,6,81,-5.354491072498281,-6.8999999999999995,-7.5,3,0,0,0,1,"94,07","80,38",111.74,0.026870775573159467,-3.020000457763672,0
2023-03-21,69.4,74.78,48.119998931884766,21.38,103.26000213623048,0.026870775573159467,0.026870775573159467,0.033376129162754356,0.027374324034992906,0.024366453419441422,-3.020000457763672,-5.3799999999999955,9,243,-3.4887978164403046,-0.5111111111111111,-7.2,2,5,0,0,1,"129,90","141,28",157.12,0.018700138103390346,-1.1499977111816406,0
2023-03-22,70.71,76.08,46.970001220703125,22.26,102.3499984741211,0.018700138103390346,0.018700138103390346,0.019094602924978013,0.028930714672312403,0.02407716732314113,-1.1499977111816406,-5.3700000000000045,0,0,0.0,0.0,0.0,0,0,0,0,0,"114,43","48,03",170.28,0.013382887665004234,-0.06999969482421875,0
2023-03-23,69.77,74.31,46.900001525878906,22.61,102.52999877929688,-0.013382887665004234,0.013382887665004234,0.021583634306899205,0.028945430296549984,0.023729563020827037,-0.06999969482421875,-4.540000000000006,0,0,0.0,0.0,0.0,0,0,0,0,0,"100,57","75,20",125.44,0.00791427974394696,1.4599990844726562,1
2023-03-24,69.22,73.63,48.36000061035156,21.74,103.12000274658205,-0.00791427974394696,0.00791427974394696,0.017453968676854868,0.028043901365733117,0.023437698058529594,1.4599990844726562,-4.409999999999997,4,230,-1.692668988633715,1.375,-5.0,0,3,0,0,0,"72,62","55,69",83.61,0.05138719347499268,-2.950000762939453,1
2023-03-27,72.87,76.8,45.40999984741211,20.6,102.86000061035156,0.05138719347499268,0.05138719347499268,0.02650094028425487,0.03343327624209704,0.026561857503030317,-2.950000762939453,-3.9299999999999926,6,179,-4.162057956747331,-5.916666666666667,-9.5,4,1,2,0,1,"120,95","53,59",167.62,0.0034248954637037658,-1.0999984741210938,0
2023-03-28,73.12,78.07,44.310001373291016,19.97,102.43000030517578,0.0034248954637037658,0.0034248954637037658,0.025973658497027284,0.029355359181647354,0.02621965394010977,-1.0999984741210938,-4.949999999999989,11,383,-4.124486436909367,-6.2727272727272725,-10.0,6,1,1,0,1,"76,76","47,09",98.2,0.0023276521770999366,-0.9799995422363281,0
2023-03-29,72.95,77.51,43.33000183105469,19.12,102.63999938964844,-0.0023276521770999366,0.0023276521770999366,0.02600480666634521,0.021583148472420047,0.026081553431749532,-0.9799995422363281,-4.560000000000002,11,233,-2.6143780574087643,1.5545454545454547,-7.2,2,9,0,0,1,"79,96","79,71",75.99,0.018605819536788252,-1.3100013732910156,0
2023-03-30,74.32,78.45,42.02000045776367,19.02,102.13999938964844,0.018605819536788252,0.018605819536788252,0.02381366765436864,0.021830789495550985,0.02645896463182132,-1.3100013732910156,-4.13000000000001,11,242,-5.237356639374508,-1.6363636363636365,-9.0,5,6,0,0,1,"129,30","110,49",133.12,0.01813383023803986,-1.6800003051757812,0
2023-03-31,75.68,79.19,40.34000015258789,18.7,102.51000213623048,0.01813383023803986,0.01813383023803986,0.020860347090334984,0.018906589995404028,0.02638258686219386,-1.6800003051757812,-3.509999999999991,9,154,-4.891404255043673,-1.1,-7.2,2,5,0,0,1,"90,45","45,08",122.21,0.06050025144129778,-0.8499984741210938,1
2023-04-03,80.4,85.81,39.4900016784668,18.55,102.08999633789062,0.06050025144129778,0.06050025144129778,0.024588624504039674,0.02421895995113784,0.029842755684276502,-0.8499984741210938,-5.409999999999997,2,64,-3.756753265054525,-7.25,-9.5,2,0,1,0,1,"84,60","64,88",97.41,0.003724399090982494,-0.07000350952148438,0
2023-04-04,80.7,85.7,39.41999816894531,19.0,101.58999633789062,0.003724399090982494,0.003724399090982494,0.024539479347470795,0.0243190924476992,0.028527454269048732,-0.07000350952148438,-5.0,7,153,-1.6355387427129022,-5.614285714285714,-7.2,4,1,0,0,1,"119,43","75,20",146.35,0.00012392341548803274,-0.279998779296875,0
2023-04-05,80.69,85.89,39.13999938964844,19.08,101.8499984741211,-0.00012392341548803274,0.00012392341548803274,0.024059420854786503,0.02473319484568216,0.02835433000606267,-0.279998779296875,-5.200000000000003,10,295,-1.7305939705192044,3.07,-7.2,1,8,0,0,1,"117,88","105,77",147.04,0.00012392341548787944,-4.380001068115234,0
2023-04-06,80.7,86.56,34.7599983215332,18.4,101.81999969482422,0.00012392341548787944,0.00012392341548787944,0.02572175254146815,0.023455854826148082,0.02813605618235145,-4.380001068115234,-5.859999999999999,8,258,-0.09897903457925794,2.7750000000000004,-7.2,2,6,0,0,1,"173,69","123,68",226.96,0.011340391955713465,-0.4499969482421875,0
2023-04-10,79.79,,34.310001373291016,18.97,102.58000183105467,-0.011340391955713465,0.011340391955713465,0.028475594004979315,0.02384233500933824,0.028229268857877514,-0.4499969482421875,,3,106,-5.900173516124493,7.400000000000001,7.4,0,3,0,0,0,"142,78","56,94",201.84,0.02169551407091767,-0.0800018310546875,0
2023-04-11,81.54,87.32,34.22999954223633,19.1,102.1999969482422,0.02169551407091767,0.02169551407091767,0.011974505205292725,0.020281057467518206,0.027814932697110537,-0.0800018310546875,-5.779999999999987,5,196,-5.0117202812852035,1.3,-7.5,0,4,0,0,1,"92,75","52,84",110.18,0.02087454437572209,-0.48999786376953125,0
2023-04-12,83.26,88.31,33.7400016784668,19.09,101.5,0.02087454437572209,0.02087454437572209,0.014491538251714392,0.020284457727126778,0.02511968469642008,-0.48999786376953125,-5.049999999999997,5,220,-2.9199232667993593,2.1,-7.0,0,4,0,0,0,"119,43","112,79",114.99,0.013299676146526643,-0.9600028991699219,0
2023-04-13,82.16,86.51,32.779998779296875,17.8,101.01000213623048,-0.013299676146526643,0.013299676146526643,0.016931881212746216,0.021467125204386116,0.02104870919290593,-0.9600028991699219,-4.3500000000000085,10,184,-3.1195174088780973,-2.9899999999999998,-7.2,1,3,0,0,1,"126,19","75,48",167.89,0.005098954837641379,-0.2700004577636719,0
2023-04-14,82.58,87.31,32.5099983215332,17.07,101.5500030517578,0.005098954837641379,0.005098954837641379,0.016821568641211752,0.021422455198884627,0.021072635914543076,-0.2700004577636719,-4.730000000000004,11,202,-2.539069329038876,-1.3272727272727274,-7.2,3,6,0,0,1,"119,80","47,77",169.35,0.02018293695033353,0.4200019836425781,0
2023-04-17,80.93,85.63,32.93000030517578,16.95,102.0999984741211,-0.02018293695033353,0.02018293695033353,0.019212123865022586,0.023260870944227293,0.020863332198281473,0.4200019836425781,-4.699999999999989,8,262,-6.246228577103142,-1.1875,-7.0,0,4,0,0,0,"91,62","98,37",93.77,0.000988997484494833,0.7599983215332031,0
2023-04-18,80.85,85.48,33.689998626708984,16.83,101.75,-0.000988997484494833,0.000988997484494833,0.016066368674453217,0.013568930435395445,0.020968991968589586,0.7599983215332031,-4.63000000000001,15,526,-4.372601387085604,-3.493333333333333,-10.0,6,5,4,0,1,"106,86","146,48",88.85,0.020871844345131115,0.75,0
2023-04-19,79.18,85.34,34.439998626708984,16.46,101.97000122070312,-0.020871844345131115,0.020871844345131115,0.011639820816234369,0.015076709116774268,0.021534868703108966,0.75,-6.159999999999997,3,54,-4.175404225712398,-0.6666666666666666,-9.0,1,2,1,0,1,"158,03","169,66",151.62,0.024417959732492237,1.970001220703125,1
2023-04-20,77.27,83.29,36.40999984741211,17.17,101.83999633789062,-0.024417959732492237,0.024417959732492237,0.013352160875702521,0.016635224972449316,0.02239983485532229,1.970001220703125,-6.02000000000001,3,45,-2.22002678564779,-2.5666666666666664,-5.6,0,1,0,0,0,"95,67","107,30",79.55,0.007606560236817152,-1.2400016784667969,0
2023-04-21,77.86,83.36,35.16999816894531,16.77,101.81999969482422,0.007606560236817152,0.007606560236817152,0.014188666784581581,0.01702166826313695,0.022009344721374658,-1.2400016784667969,-5.5,14,272,-3.462446890042935,-2.807142857142857,-9.2,2,4,0,0,1,"140,05","97,13",162.03,0.009968133656601486,-0.8899993896484375,0
2023-04-24,78.64,84.23,34.279998779296875,16.89,101.3499984741211,0.009968133656601486,0.009968133656601486,0.016010051902713908,0.01727448158973121,0.02179856090564671,-0.8899993896484375,-5.590000000000003,2,85,-2.2955835765043378,-7.5,-10.0,1,0,1,0,1,"159,47","86,71",204.93,0.02042591407278635,2.3600006103515625,1
2023-04-25,77.05,82.13,36.63999938964844,18.76,101.86000061035156,-0.02042591407278635,0.02042591407278635,0.01690266557013794,0.01609854816528433,0.019819387243580802,2.3600006103515625,-5.079999999999998,7,192,-7.996854453083422,-7.014285714285713,-10.0,6,1,3,0,1,"180,23","173,48",165.37,0.03593992302892261,2.6100006103515625,1
2023-04-26,74.33,79.19,39.25,18.84,101.47000122070312,-0.03593992302892261,0.03593992302892261,0.020391653309920446,0.015712797000091667,0.021625265498730478,2.6100006103515625,-4.859999999999999,6,150,-4.0557289911578405,-2.25,-7.0,1,2,0,0,0,"105,35","116,69",97.33,0.005902096274621998,-1.4900016784667969,0
2023-04-27,74.77,80.11,37.7599983215332,17.03,101.5,0.005902096274621998,0.005902096274621998,0.020522039001156372,0.016595891418134896,0.02164049948219502,-1.4900016784667969,-5.340000000000003,6,404,-2.3059948944430055,3.5500000000000003,3.5,0,6,0,0,0,"117,88","164,53",88.22,0.026527454560827557,-2.1299972534179688,0
2023-04-28,76.78,81.32,35.630001068115234,15.78,101.66999816894533,0.026527454560827557,0.026527454560827557,0.025038862045209068,0.019761174104471816,0.0220439560773371,-2.1299972534179688,-4.539999999999992,4,102,-5.128455329210156,-3.875,-9.0,2,1,0,0,1,"117,88","117,52",107.83,0.014826749338286642,0.30999755859375,0
2023-05-01,75.65,,35.939998626708984,16.08,102.1500015258789,-0.014826749338286642,0.014826749338286642,0.024324650711932305,0.019442678655936522,0.02197701411938423,0.30999755859375,,2,40,-2.84660900573535,7.0,7.0,0,2,0,0,0,"104,61","111,24",127.58,0.053487232339881605,3.5400009155273438,1
2023-05-02,71.71,76.71,39.47999954223633,17.78,101.95999908447266,-0.053487232339881605,0.053487232339881605,0.031934259075254004,0.024216794068049656,0.020161480589028644,3.5400009155273438,-5.0,3,70,-3.5881371873865295,-4.3999999999999995,-9.5,2,1,1,0,1,"77,04","89,60",53.38,0.04404617046417967,3.75,1
2023-05-03,68.62,72.91,43.22999954223633,18.34,101.33999633789062,-0.04404617046417967,0.04404617046417967,0.03347216019595892,0.026189015895863966,0.02175085549214323,3.75,-4.289999999999992,10,272,-7.051827447406502,-5.8,-10.0,6,2,5,0,1,"149,53","160,53",133.9,0.0014583639743846178,0.5200004577636719,0
2023-05-04,68.52,73.0,43.75,20.09,101.4000015258789,-0.0014583639743846178,0.0014583639743846178,0.03241399557802051,0.026211199251641573,0.021727109492205493,0.5200004577636719,-4.480000000000004,7,202,-5.588338775730195,-6.142857142857143,-10.0,5,2,5,0,1,"118,08","136,31",103.36,0.04005111953902046,-6.400001525878913,1
2023-05-05,71.32,75.85,37.34999847412109,17.19,101.20999908447266,0.04005111953902046,0.04005111953902046,0.03721113708999141,0.03055786551248393,0.02422092600159526,-6.400001525878913,-4.530000000000001,10,223,-5.908570237584749,-2.7,-10.0,3,4,2,0,1,"69,74","23,17",106.31,0.02506188628792019,-1.809997558593743,0
2023-05-08,73.13,,35.540000915527344,16.98,101.37000274658205,0.02506188628792019,0.02506188628792019,0.041248370311254834,0.03192848320205666,0.02516204563533662,-1.809997558593743,,4,95,-4.2347621499014165,-5.05,-10.0,2,1,1,0,1,"51,76","58,97",49.19,0.007492712664191804,-0.4099998474121094,0
2023-05-09,73.68,77.76,35.130001068115234,17.71,101.63999938964844,0.007492712664191804,0.007492712664191804,0.031951636054891264,0.03187029617133575,0.024581776296317998,-0.4099998474121094,-4.079999999999998,7,295,-4.458856982147465,-1.4714285714285713,-9.2,4,3,0,0,1,"116,35","150,11",102.44,0.015731122571730455,-1.0,0
2023-05-10,72.53,76.7,34.130001068115234,16.94,101.4800033569336,-0.015731122571730455,0.015731122571730455,0.021930198095078766,0.03025292072920001,0.023901871963895392,-1.0,-4.170000000000002,12,352,-5.079855158570348,-3.8499999999999996,-10.0,6,4,1,0,1,"118,52","70,89",147.83,0.024000035711638435,1.6100006103515625,1
2023-05-11,70.81,75.32,35.7400016784668,16.93,102.05999755859376,-0.024000035711638435,0.024000035711638435,0.026905639062572654,0.030808187505153378,0.02417094268647134,1.6100006103515625,-4.509999999999991,6,184,-2.9989433695560055,-7.283333333333334,-10.0,5,1,3,0,1,"137,28","71,40",178.67,0.011219318137163065,1.5799980163574219,1
2023-05-12,70.02,74.54,37.31999969482422,17.03,102.68000030517578,-0.011219318137163065,0.011219318137163065,0.019785728801334702,0.028696061796713683,0.024000453232261902,1.5799980163574219,-4.52000000000001,4,94,-3.171429764463397,-3.825,-7.2,1,1,0,0,1,"146,22","100,53",184.47,0.014884391312284187,-2.1599998474121094,0
2023-05-15,71.07,75.46,35.15999984741211,17.12,102.43000030517578,0.014884391312284187,0.014884391312284187,0.01630752400143641,0.02957526797904074,0.024360975674388143,-2.1599998474121094,-4.390000000000001,6,95,-0.4477500771055138,4.8,3.5,0,6,0,0,0,"135,87","116,10",150.64,0.003100340702114334,0.8199996948242188,0
2023-05-16,70.85,75.15,35.97999954223633,17.99,102.55999755859376,-0.003100340702114334,0.003100340702114334,0.014779195394577244,0.024486881440376848,0.02434042151380782,0.8199996948242188,-4.300000000000011,19,661,-2.2094569258690986,-0.5052631578947367,-10.0,4,12,1,0,1,"137,53","143,06",119.33,0.026876226047324484,0.45999908447264914,0
2023-05-17,72.78,76.98,36.43999862670898,16.87,102.87999725341795,0.026876226047324484,0.026876226047324484,0.020328524094367324,0.020674388872763245,0.025193765657427356,0.45999908447264914,-4.200000000000003,10,256,-1.2992752944719381,2.65,-5.0,1,9,0,0,0,"89,38","11,14",139.35,0.013278203386077098,-0.4199981689453054,0
2023-05-18,71.82,75.75,36.02000045776367,16.05,103.58000183105467,-0.013278203386077098,0.013278203386077098,0.017432410918886893,0.02146372293520228,0.02484430323103769,-0.4199981689453054,-3.930000000000007,7,177,-2.000511257413452,1.9714285714285715,-7.2,1,6,0,0,1,"125,22","102,14",151.45,0.0034869970474306227,-0.17000198364257812,0
2023-05-19,71.57,75.42,35.849998474121094,16.81,103.1999969482422,-0.0034869970474306227,0.0034869970474306227,0.016171577727245364,0.01755725888659222,0.024703029134756065,-0.17000198364257812,-3.8500000000000085,12,290,-0.4753184049996616,2.2416666666666667,-7.2,1,9,0,0,1,"160,85","140,31",158.83,0.0033477503717202523,-0.3299980163574219,0
2023-05-22,71.81,75.77,35.52000045776367,17.21,103.1999969482422,0.0033477503717202523,0.0033477503717202523,0.015084441229576348,0.015367611649745786,0.02454688092287605,-0.3299980163574219,-3.9599999999999937,5,96,-3.985601555551107,-0.05999999999999996,-5.8,0,3,0,0,0,"78,25","39,00",108.45,0.014653289559964675,-0.4099998474121094,0
2023-05-23,72.87,76.66,35.11000061035156,18.53,103.48999786376952,0.014653289559964675,0.014653289559964675,0.0156418512471383,0.016003499782883252,0.024605443863828833,-0.4099998474121094,-3.789999999999992,2,160,-0.78635933366376,-0.75,-5.0,0,1,0,0,0,"183,69","146,50",213.84,0.02037560303301811,0.75,0
2023-05-24,74.37,77.99,35.86000061035156,20.03,103.88999938964844,0.02037560303301811,0.02037560303301811,0.013566046498093572,0.01640515778133082,0.023821881570642318,0.75,-3.6199999999999903,3,115,-1.4815128770247985,2.5333333333333337,-7.2,1,2,0,0,1,"115,22","80,41",153.29,0.0368408660485338,0.8800010681152344,1
2023-05-25,71.68,75.66,36.7400016784668,19.14,104.20999908447266,-0.0368408660485338,0.0368408660485338,0.022415054283078554,0.019006608370420116,0.025147485982220354,0.8800010681152344,-3.9799999999999898,6,210,-1.218131513973332,-2.483333333333333,-9.2,2,3,0,0,1,"106,29","117,73",137.48,0.009303684410817711,-0.7900009155273438,0
2023-05-26,72.35,76.33,35.95000076293945,17.95,104.20999908447266,0.009303684410817711,0.009303684410817711,0.022701325384705043,0.0186181007019073,0.02439893428925032,-0.7900009155273438,-3.980000000000004,5,79,-5.795197374160983,-5.0,-10.0,1,1,1,0,1,"61,34","55,60",64.92,0.04090838387713997,3.729999542236328,1
2023-05-30,69.45,73.38,39.68000030517578,17.46,104.16999816894533,-0.04090838387713997,0.04090838387713997,0.02968102556480935,0.022670687371307344,0.025726806446136903,3.729999542236328,-3.9299999999999926,6,96,-2.082605940968436,-1.7833333333333332,-9.5,3,3,2,0,1,"111,29","65,26",141.54,0.019483023947125852,1.0,0
2023-05-31,68.11,71.98,40.68000030517578,17.94,104.31999969482422,-0.019483023947125852,0.019483023947125852,0.027383279808355285,0.02331719992463517,0.02331383592518669,1.0,-3.8700000000000045,12,318,-6.232108889119145,-3.6333333333333333,-9.0,6,4,0,0,1,"219,58","137,60",281.71,0.02865608525900645,-0.18000030517578125,1
2023-06-01,70.09,74.18,40.5,15.65,103.55999755859376,0.02865608525900645,0.02865608525900645,0.030064170202497804,0.0235838670708559,0.02214598760925987,-0.18000030517578125,-4.090000000000003,8,206,1.0740390162754359,2.6,-7.2,1,7,0,0,1,"182,40","140,78",225.06,0.023547087238307347,-0.9000015258789134,0
2023-06-02,71.76,76.0,39.59999847412109,14.6,104.0199966430664,0.023547087238307347,0.023547087238307347,0.02964384561602999,0.024778371867616118,0.022695378212388154,-0.9000015258789134,-4.239999999999995,8,166,-0.9185232594432408,0.55,-5.8,0,5,0,0,0,"129,57","123,56",159.27,0.005281457724852161,-2.1499977111816335,0
2023-06-05,72.14,76.61,37.45000076293945,14.73,104.0,0.005281457724852161,0.005281457724852161,0.02938930314688286,0.02479968898370366,0.02091400941844593,-2.1499977111816335,-4.469999999999999,5,96,-2.9586125173107027,-1.1199999999999999,-10.0,2,3,2,0,1,"107,09","42,70",142.47,0.0059784675809094814,-1.3800010681152344,0
2023-06-06,71.71,76.22,36.06999969482422,13.96,104.12999725341795,-0.0059784675809094814,0.0059784675809094814,0.020085842961243647,0.02486821791096251,0.02013830302890007,-1.3800010681152344,-4.510000000000005,7,161,-3.301648942490404,1.9142857142857144,-6.5,1,5,0,0,0,"133,47","133,06",131.17,0.011232177992166728,-1.9399986267089844,0
2023-06-07,72.52,76.85,34.130001068115234,13.94,104.0999984741211,0.011232177992166728,0.011232177992166728,0.013948246802519798,0.02466480488125704,0.020238223538659228,-1.9399986267089844,-4.329999999999998,8,150,-2.970228804688489,0.125,-10.0,2,6,2,0,1,"142,29","158,88",123.05,0.017246602724096383,1.0499992370605469,0
2023-06-08,71.28,75.88,35.18000030517578,13.65,103.33999633789062,-0.017246602724096383,0.017246602724096383,0.015692517927837605,0.023990004746147122,0.020299838586074922,1.0499992370605469,-4.599999999999994,4,90,-4.3763347039267915,1.375,-5.0,1,3,0,0,0,"78,74","78,49",84.18,0.01583743509862631,-1.4799995422363281,0
2023-06-09,70.16,74.74,33.70000076293945,13.83,103.55999755859376,-0.01583743509862631,0.01583743509862631,0.012613257350506623,0.021621510312843085,0.01988819668663572,-1.4799995422363281,-4.579999999999998,4,112,-4.754956119322091,4.300000000000001,-5.0,0,3,0,0,0,"96,33","53,35",124.6,0.04489241110891942,2.6499977111816335,1
2023-06-12,67.08,71.8,36.34999847412109,15.01,103.62999725341795,-0.04489241110891942,0.04489241110891942,0.02041924820286725,0.024966943003394797,0.02214423491157038,2.6499977111816335,-4.719999999999999,10,215,-3.7355933545501374,-2.2,-7.2,3,4,0,0,1,"65,73","65,52",54.65,0.03385682795644938,-3.9699974060058523,1
2023-06-13,69.39,74.24,32.380001068115234,14.61,103.33999633789062,0.03385682795644938,0.03385682795644938,0.030082087991553676,0.02506620297210252,0.023288917524517838,-3.9699974060058523,-4.849999999999994,4,134,-3.458735207477645,-2.2,-5.8,2,1,0,0,0,"77,17","59,18",108.6,0.017004987920957886,1.279998779296875,0
2023-06-14,68.22,73.39,33.65999984741211,13.88,103.01000213623048,-0.017004987920957886,0.017004987920957886,0.02851231787369015,0.024864580931727425,0.023554781613364984,1.279998779296875,-5.170000000000002,5,126,-5.176541242861699,-1.14,-7.0,2,2,0,0,0,"72,13","77,44",73.82,0.03443400053775583,-0.5900001525878906,1
2023-06-15,70.61,75.75,33.06999969482422,14.5,102.12000274658205,0.03443400053775583,0.03443400053775583,0.03489079349803507,0.025654872622104294,0.024095018927762335,-0.5900001525878906,-5.140000000000001,7,159,-3.050492131006591,2.2714285714285714,-9.0,1,6,1,0,1,"158,32","133,55",182.28,0.016851964593970637,-0.07999801635742188,0
2023-06-16,71.81,76.76,32.9900016784668,13.54,102.3000030517578,0.016851964593970637,0.016851964593970637,0.03468574067020322,0.025074313830240398,0.024262075381645112,-0.07999801635742188,-4.950000000000003,9,220,-2.5544801947966893,1.3444444444444446,-9.2,2,7,0,0,1,"111,43","90,89",117.93,0.012189292776750403,1.7599983215332031,1
2023-06-20,70.94,75.79,34.75,13.88,102.54000091552734,-0.012189292776750403,0.012189292776750403,0.024635721868007655,0.02527864060517118,0.02440538095383384,1.7599983215332031,-4.8500000000000085,3,80,-4.562795888807934,-5.166666666666667,-9.5,2,1,2,0,1,"142,78","102,49",180.47,0.022441529984721174,-1.4900016784667969,0
2023-06-21,72.55,76.92,33.2599983215332,13.2,102.06999969482422,0.022441529984721174,0.022441529984721174,0.022441136374201434,0.02631759508187188,0.024929266072391505,-1.4900016784667969,-4.3700000000000045,7,267,-6.1912574118226615,-4.6000000000000005,-9.0,4,2,3,0,1,"127,87","72,85",162.03,0.046986141122998655,1.6700019836425781,1
2023-06-22,69.22,73.93,34.93000030517578,12.91,102.38999938964844,-0.046986141122998655,0.046986141122998655,0.032738491071911915,0.030021733077372,0.026827028426454833,1.6700019836425781,-4.710000000000008,11,194,-4.774703676993577,2.590909090909091,-6.5,0,10,0,0,0,"154,50","98,58",185.0,0.0044885328380816145,0.43000030517578125,0
2023-06-23,68.91,73.56,35.36000061035156,13.44,102.9000015258789,-0.0044885328380816145,0.0044885328380816145,0.0275918930083912,0.02969661421615391,0.026278268266935342,0.43000030517578125,-4.650000000000006,6,98,-3.868339596726865,-5.833333333333333,-7.5,0,0,0,0,1,"46,41","46,27",38.59,0.0026086971315870218,1.30999755859375,0
2023-06-26,69.09,73.86,36.66999816894531,14.25,102.69000244140624,0.0026086971315870218,0.0026086971315870218,0.02543937221284197,0.029408434730453396,0.025123852087204964,1.30999755859375,-4.769999999999996,5,174,-4.9400057673415905,1.5,-5.0,2,3,0,0,0,"169,51","140,83",211.43,0.020619287202735592,2.6300010681152344,1
2023-06-27,67.68,71.88,39.29999923706055,13.74,102.48999786376952,-0.020619287202735592,0.020619287202735592,0.026080665135166905,0.026266200981565728,0.025315541678963622,2.6300010681152344,-4.199999999999989,14,455,-7.432916587965976,-1.9142857142857144,-9.0,7,6,7,0,1,"118,31","94,35",167.24,0.027111411281747554,-2.4399986267089844,0
2023-06-28,69.54,73.64,36.86000061035156,13.43,102.91000366210938,0.027111411281747554,0.027111411281747554,0.02754870519845898,0.025397783962612407,0.02456003898359958,-2.4399986267089844,-4.099999999999994,3,82,-3.7577911220042743,-2.1999999999999997,-7.0,1,1,0,0,0,"82,54","109,71",82.36,0.004447959123255319,-1.44000244140625,0
2023-06-29,69.85,73.86,35.41999816894531,13.54,103.33999633789062,0.004447959123255319,0.004447959123255319,0.017251830175557974,0.024677371033403006,0.024136865343639527,-1.44000244140625,-4.010000000000005,7,129,-0.8960075622043557,2.5714285714285716,-10.0,1,6,1,0,1,"120,90","72,31",160.85,0.0115295562280284,-2.1399993896484375,0
2023-06-30,70.66,74.51,33.279998779296875,13.59,102.91000366210938,0.0115295562280284,0.0115295562280284,0.017276568969247195,0.022320115613338767,0.023406560146276626,-2.1399993896484375,-3.8500000000000085,9,192,-3.6622075975758395,-2.4000000000000004,-7.2,3,4,0,0,1,"102,67","86,20",125.82,0.013535862432691902,0.6000022888183594,0
2023-07-03,69.71,74.52,33.880001068115234,13.57,102.98999786376952,-0.013535862432691902,0.013535862432691902,0.019236396044495053,0.02184510878160436,0.022941007266634117,0.6000022888183594,-4.810000000000002,1,24,-4.72900435108028,-7.2,-7.2,1,0,0,0,1,"45,38","38,78",53.9,0.029262106221153907,0.029998779296875,1
2023-07-05,71.78,76.74,33.90999984741211,14.18,103.37000274658205,0.029262106221153907,0.029262106221153907,0.017574051943266958,0.023750565719407243,0.023917219218670696,0.029998779296875,-4.959999999999994,4,114,-5.031220512719682,-6.45,-10.0,3,0,1,0,1,"89,85","95,55",109.58,0.0002786679689205254,1.220001220703125,0
2023-07-06,71.76,76.72,35.130001068115234,15.44,103.16999816894533,-0.0002786679689205254,0.0002786679689205254,0.015770033483559404,0.022546566304543464,0.023879298249933335,1.220001220703125,-4.959999999999994,10,185,-0.5767262691917405,1.2,-9.0,1,8,0,0,1,"172,66","140,26",202.07,0.029520919046254677,-0.5800018310546875,1
2023-07-07,73.91,78.77,34.54999923706055,14.83,102.2699966430664,0.029520919046254677,0.029520919046254677,0.018745515869152306,0.017704721779006588,0.0246678151768867,-0.5800018310546875,-4.859999999999999,3,84,-8.336607209546797,1.5666666666666667,-5.8,0,2,0,0,0,"120,56","171,70",85.93,0.011703998600086923,3.7999992370605398,1
2023-07-10,73.05,77.83,38.34999847412109,15.07,101.97000122070312,-0.011703998600086923,0.011703998600086923,0.021370136817156424,0.01834045816949214,0.02448307708878764,3.7999992370605398,-4.780000000000001,0,0,0.0,0.0,0.0,0,0,0,0,0,"138,30","105,05",164.28,0.024609138045885406,-5.919998168945305,0
2023-07-11,74.87,79.54,32.43000030517578,14.84,101.7300033569336,0.024609138045885406,0.024609138045885406,0.019043129937121973,0.01920948977897675,0.02466915875645884,-5.919998168945305,-4.670000000000002,3,95,-5.323147730964633,-8.666666666666666,-10.0,2,0,1,0,1,"141,35","134,79",122.65,0.011949159700688071,0.2599983215332031,0
2023-07-12,75.77,80.35,32.689998626708984,13.54,100.5199966430664,0.011949159700688071,0.011949159700688071,0.017114691379730464,0.016361426141891202,0.02195612660806651,0.2599983215332031,-4.579999999999998,5,166,-5.716160855723443,-2.7600000000000002,-9.2,1,2,0,0,1,"203,19","110,49",255.99,0.014283149193415995,-2.6499977111816406,0
2023-07-13,76.86,81.31,30.040000915527344,13.61,99.7699966430664,0.014283149193415995,0.014283149193415995,0.01595363912979827,0.015461356545336511,0.021071763627979943,-2.6499977111816406,-4.450000000000003,1,14,-0.82303988916885,3.5,3.5,0,1,0,0,0,"80,51","57,33",95.64,0.018647946811495807,-0.04000091552734375,0
2023-07-14,75.44,79.9,30.0,13.34,99.91000366210938,-0.018647946811495807,0.018647946811495807,0.01839270244372866,0.017914627907932454,0.021165518931209836,-0.04000091552734375,-4.460000000000008,5,114,-0.2760699046772121,-7.44,-10.0,2,0,1,0,1,"151,37","104,47",193.64,0.016977882576735343,1.3400001525878906,1
2023-07-17,74.17,77.8,31.34000015258789,13.48,99.83999633789062,-0.016977882576735343,0.016977882576735343,0.01963473871339384,0.019440504823097296,0.02051853653552569,1.3400001525878906,-3.6299999999999955,12,296,-3.255958575460254,-0.7333333333333334,-7.2,3,6,0,0,1,"110,85","91,01",119.29,0.02121069312935604,-0.6800003051757812,0
2023-07-18,75.76,79.54,30.65999984741211,13.3,99.94000244140624,0.02121069312935604,0.02121069312935604,0.018739994495179074,0.01888690691457242,0.02070178183512959,-0.6800003051757812,-3.780000000000001,10,216,-4.357195924585326,-6.87,-7.2,8,0,0,0,1,"151,43","138,39",167.89,0.00476317386391244,0.39999961853027344,0
2023-07-19,75.4,79.38,31.059999465942383,13.76,100.27999877929688,-0.00476317386391244,0.00476317386391244,0.018081700529374654,0.017724573082799816,0.020486579477943828,0.39999961853027344,-3.9799999999999898,6,117,-0.5803791168572463,-7.2,-7.2,6,0,0,0,1,"188,83","139,84",260.2,0.003310165220454624,-0.9099998474121023,0
2023-07-20,75.65,79.62,30.14999961853028,13.99,100.87999725341795,0.003310165220454624,0.003310165220454624,0.016349108038497703,0.017643761467563912,0.019973644005245823,-0.9099998474121023,-3.969999999999999,6,159,-5.88751750458061,-3.1999999999999997,-10.0,2,2,2,0,1,"127,64","145,43",141.52,0.01846689896364655,-0.5,0
2023-07-21,77.06,81.06,29.64999961853028,13.6,101.06999969482422,0.01846689896364655,0.01846689896364655,0.015988503030299556,0.016247229727687548,0.01658350708449292,-0.5,-4.0,3,78,-0.47980806563143846,-7.133333333333333,-9.2,3,0,0,0,1,"112,39","106,15",127.89,0.022455553167546712,0.4600009918212784,0
2023-07-24,78.81,82.53,30.11000061035156,13.91,101.3499984741211,0.022455553167546712,0.022455553167546712,0.01216964411448262,0.016128632435825428,0.016833475363460516,0.4600009918212784,-3.719999999999999,5,127,-5.0263553067179965,-5.5600000000000005,-7.0,0,0,0,0,0,"143,43","163,42",159.02,0.011982233288024655,0.5199985504150426,0
2023-07-25,79.76,83.46,30.6299991607666,13.86,101.3499984741211,0.011982233288024655,0.011982233288024655,0.011102276235077873,0.015110265520733655,0.01684370629515725,0.5199985504150426,-3.6999999999999886,3,145,-7.156731470823009,-1.5333333333333332,-7.0,1,1,0,0,0,"61,72","54,70",68.43,0.008182836620277944,-0.6599998474121129,0
2023-07-26,79.11,82.98,29.96999931335449,13.19,100.88999938964844,-0.008182836620277944,0.008182836620277944,0.012301964017503438,0.01561079909582995,0.015970311982221708,-0.6599998474121129,-3.8700000000000045,6,117,-5.17325129525644,-5.083333333333333,-7.5,0,1,0,0,1,"84,08","55,88",93.22,0.013310091021555358,-0.8499984741210902,0
2023-07-27,80.17,84.28,29.1200008392334,14.41,101.7699966430664,0.013310091021555358,0.013310091021555358,0.011826118025932303,0.01554464486951815,0.015379309656799756,-0.8499984741210902,-4.109999999999999,6,107,-4.53428724074645,-7.866666666666667,-10.0,3,0,2,0,1,"132,50","60,04",190.31,0.004728729568122975,0.28999900817871094,0
2023-07-28,80.55,84.49,29.40999984741211,13.33,101.62000274658205,0.004728729568122975,0.004728729568122975,0.011422744683546204,0.01332317130464211,0.01537687748703632,0.28999900817871094,-3.9399999999999977,3,100,-4.247354496346242,-7.3999999999999995,-10.0,3,0,1,0,1,"130,33","97,45",162.56,0.015399133985718023,-0.9300003051757812,0
2023-07-31,81.8,85.22,28.479999542236328,13.63,101.86000061035156,0.015399133985718023,0.015399133985718023,0.00961589046893851,0.010631289083245619,0.015459319307796898,-0.9300003051757812,-3.4200000000000017,3,210,-5.298636091456813,-1.0,-10.0,1,2,1,0,1,"154,40","111,94",175.07,0.005270588900135362,-0.12999916076660156,0
2023-08-01,81.37,85.34,28.350000381469727,13.93,102.3000030517578,-0.005270588900135362,0.005270588900135362,0.01062443382067044,0.010768135426170063,0.014975352894074846,-0.12999916076660156,-3.969999999999999,1,12,-7.92366469346939,-9.0,-9.0,1,0,1,0,1,"116,91","103,60",140.43,0.023249633048279778,0.3899993896484375,0
2023-08-02,79.5,84.01,28.739999771118164,16.09,102.58999633789062,-0.023249633048279778,0.023249633048279778,0.015812498689616726,0.014108224000310945,0.015592718928087062,0.3899993896484375,-4.510000000000005,1,40,-3.16938434503348,3.5,3.5,0,1,0,0,0,"132,76","138,65",147.19,0.02558192404596829,-0.1999988555908203,0
2023-08-03,81.56,86.19,28.540000915527344,15.92,102.54000091552734,0.02558192404596829,0.02558192404596829,0.01886237895593701,0.015453858139418044,0.016183608624132165,-0.1999988555908203,-4.6299999999999955,6,121,-5.24892841948661,-3.5999999999999996,-10.0,4,2,2,0,1,"88,73","106,15",88.54,0.014605907171087998,-0.48000144958496094,0
2023-08-04,82.76,87.38,28.059999465942383,17.1,102.0199966430664,0.014605907171087998,0.014605907171087998,0.01953652678861278,0.015196114074855448,0.015386133884182387,-0.48000144958496094,-4.61999999999999,4,110,-2.0923880085142277,-6.3,-7.2,3,0,0,0,1,"119,37","95,20",119.11,0.009957580758617305,-0.3299999237060547,0
2023-08-07,81.94,86.47,27.729999542236328,15.77,102.0500030517578,-0.009957580758617305,0.009957580758617305,0.01958737145127882,0.01502124771257224,0.01528706904962139,-0.3299999237060547,-4.530000000000001,0,0,0.0,0.0,0.0,0,0,0,0,0,"117,57","96,52",115.01,0.012130182699510189,-0.5900001525878871,0
2023-08-08,82.94,88.0,27.13999938964844,15.99,102.52999877929688,0.012130182699510189,0.012130182699510189,0.019884434929018143,0.015030168647133406,0.014720649293943358,-0.5900001525878871,-5.060000000000002,2,42,-5.856317528454151,1.0,-5.0,1,1,0,0,0,"108,30","88,91",127.13,0.01685735417374211,1.4200000762939418,1
2023-08-09,84.35,89.31,28.559999465942383,15.96,102.48999786376952,0.01685735417374211,0.01685735417374211,0.013199273005726564,0.01487680254194648,0.01488056648797001,1.4200000762939418,-4.960000000000008,7,256,-0.21203408530026435,0.42857142857142855,-10.0,1,5,1,0,1,"105,72","93,68",97.68,0.018425981946368526,-1.289999008178711,0
2023-08-10,82.81,87.44,27.270000457763672,15.85,102.5199966430664,-0.018425981946368526,0.018425981946368526,0.016101602199267716,0.01653479713963756,0.015627382563002282,-1.289999008178711,-4.6299999999999955,5,85,-8.033009420397317,-8.4,-10.0,4,0,3,0,1,"131,01","124,38",145.25,0.004337878834987336,0.7700004577636719,0
2023-08-11,83.17,87.93,28.040000915527344,14.84,102.83999633789062,0.004337878834987336,0.004337878834987336,0.014865351979357384,0.016531348505160443,0.014713671990243024,0.7700004577636719,-4.760000000000005,8,152,-6.045212154236137,-4.625,-10.0,4,2,1,0,1,"142,36","76,42",200.33,0.008088412539960853,-0.4900016784667969,0
2023-08-14,82.5,87.4,27.549999237060547,14.82,103.19000244140624,-0.008088412539960853,0.008088412539960853,0.014541235684571649,0.016272173368064118,0.014141870569207876,-0.4900016784667969,-4.900000000000006,4,82,-2.9855177337454544,-1.75,-7.0,0,2,0,0,0,"114,97","143,27",119.5,0.017608672140472743,0.75,0
2023-08-15,81.06,86.28,28.299999237060547,16.46,103.20999908447266,-0.017608672140472743,0.017608672140472743,0.015106745465996826,0.017227699648635724,0.014505661114873192,0.75,-5.219999999999999,4,66,-3.5446669430961233,-5.2,-5.8,3,0,0,0,0,"114,64","72,18",140.48,0.020691252947072386,0.24000167846679688,0
2023-08-16,79.4,84.49,28.540000915527344,16.78,103.41999816894533,-0.020691252947072386,0.020691252947072386,0.010373882193677455,0.016865559192669615,0.01538681796340116,0.24000167846679688,-5.089999999999989,4,81,-1.5237806055573397,-0.3999999999999997,-9.2,2,2,0,0,1,"100,02","105,58",127.21,0.01288887266288751,0.7599983215332031,0
2023-08-17,80.43,85.24,29.299999237060547,17.89,103.44000244140624,0.01288887266288751,0.01288887266288751,0.014304512493222808,0.015101160355504198,0.015558707243527863,0.7599983215332031,-4.809999999999988,8,176,-0.6239654900891088,-4.35,-9.2,6,2,0,0,1,"116,03","69,40",154.37,0.010143580293869152,-0.8699989318847656,0
2023-08-18,81.25,85.92,28.43000030517578,17.3,103.37999725341795,0.010143580293869152,0.010143580293869152,0.015520401818531628,0.014634519481394919,0.015232915953458897,-0.8699989318847656,-4.670000000000002,5,131,-2.6765042143602513,-3.12,-10.0,1,2,1,0,1,"77,42","33,08",110.36,0.006668337873566026,0.4699993133544993,0
2023-08-21,80.71,85.44,28.89999961853028,17.13,103.33000183105467,-0.006668337873566026,0.006668337873566026,0.015455090752365378,0.01446784746389729,0.01461937864659311,0.4699993133544993,-4.730000000000004,7,160,-3.6904561684648565,-4.057142857142857,-7.2,2,2,0,0,1,"97,22","83,08",103.94,0.005715721326155652,-0.34000015258789773,0
2023-08-22,80.25,84.7,28.559999465942383,16.97,103.55999755859376,-0.005715721326155652,0.005715721326155652,0.013730509862622116,0.013677089095957554,0.014466648026716917,-0.34000015258789773,-4.450000000000003,13,289,-3.912101727511764,3.8923076923076922,-7.0,0,12,0,0,0,"81,10","62,19",83.0,0.016838799477181633,-0.09000015258789418,0
2023-08-23,78.91,83.94,28.46999931335449,15.98,103.36000061035156,-0.016838799477181633,0.016838799477181633,0.012470288721691975,0.012234738748007859,0.014858164029034731,-0.09000015258789418,-5.030000000000001,4,118,-4.5619121365423805,-0.75,-5.0,0,2,0,0,0,"126,71","96,24",130.45,0.007700599815374987,0.4099998474121129,0
2023-08-24,79.52,84.07,28.8799991607666,17.2,103.9800033569336,0.007700599815374987,0.007700599815374987,0.01114650126286989,0.012234184586292518,0.014642553662672817,0.4099998474121129,-4.549999999999997,6,122,-2.2744535883772414,1.9166666666666667,-5.0,0,4,0,0,0,"61,57","49,11",71.68,0.011875881809722807,-0.06999969482421875,0
2023-08-25,80.47,85.42,28.809999465942383,15.68,104.08000183105467,0.011875881809722807,0.011875881809722807,0.011644812754367026,0.01301594409726012,0.01486008985600909,-0.06999969482421875,-4.950000000000003,3,84,-5.459543717860741,3.5,3.5,0,3,0,0,0,"40,26","11,47",66.95,0.002234360413176469,-0.14999961853027344,0
2023-08-28,80.65,,28.65999984741211,15.08,104.05999755859376,0.002234360413176469,0.002234360413176469,0.011417444977106412,0.01300334214526987,0.014424957315898535,-0.14999961853027344,,4,112,-5.098163795551059,-7.8,-9.5,3,0,2,0,1,"75,44","68,37",79.84,0.006057253207083306,-1.0300006866455078,0
2023-08-29,81.14,86.37,27.6299991607666,14.45,103.5500030517578,0.006057253207083306,0.006057253207083306,0.011194134445661714,0.012017328968149681,0.01445872918390154,-1.0300006866455078,-5.230000000000004,6,178,-4.722498649859931,-5.833333333333333,-10.0,5,0,1,0,1,"115,63","40,69",169.68,0.006143280163342922,-1.0,0
2023-08-30,81.64,86.62,26.6299991607666,13.88,103.16000366210938,0.006143280163342922,0.006143280163342922,0.0034786365458631787,0.00961511756833002,0.013444543754522075,-1.0,-4.980000000000004,14,278,-5.314593265377996,-1.2,-9.0,4,8,2,0,1,"163,30","116,28",213.38,0.02312591709975865,-0.06999969482421875,0
2023-08-31,83.55,87.29,26.559999465942383,13.57,103.62000274658205,0.02312591709975865,0.02312591709975865,0.00816195239531325,0.01122150102548226,0.013220706859063696,-0.06999969482421875,-3.740000000000009,4,150,-2.1343209730028443,-5.25,-10.0,3,1,2,0,1,"117,42","110,90",102.78,0.023305011675386983,0.9200000762939453,0
2023-09-01,85.52,89.98,27.479999542236328,13.09,104.23999786376952,0.023305011675386983,0.023305011675386983,0.010203241075515389,0.012719312522953614,0.013814545539396796,0.9200000762939453,-4.460000000000008,2,42,-3.3437638552531244,-7.2,-7.2,2,0,0,0,1,"73,49","45,08",84.61,0.014164871690430281,1.1700000762939524,0
2023-09-05,86.74,91.25,28.64999961853028,14.01,104.80999755859376,0.014164871690430281,0.014164871690430281,0.008560726670218977,0.01227187257759291,0.013801701910756267,1.1700000762939524,-4.510000000000005,7,160,-0.1478801422753861,1.9714285714285715,-7.2,1,6,0,0,1,"121,79","24,28",182.28,0.009294920324640727,-0.3199996948242294,0
2023-09-06,87.55,91.79,28.32999992370605,14.45,104.86000061035156,0.009294920324640727,0.009294920324640727,0.007849789419259076,0.011403082084734395,0.013715617983375995,-0.3199996948242294,-4.240000000000009,9,246,-6.669405337433507,-3.577777777777778,-10.0,3,3,1,0,1,"76,63","47,01",88.22,0.007797310460031618,-0.7399997711181605,0
2023-09-07,86.87,91.16,27.59000015258789,14.4,105.05999755859376,-0.007797310460031618,0.007797310460031618,0.012793069157421498,0.00932090953640187,0.013482627991875863,-0.7399997711181605,-4.289999999999992,3,142,-0.6292522206529283,0.0,-7.0,0,2,0,0,0,"80,34","61,61",92.5,0.00734032427591053,-0.43000030517578125,0
2023-09-08,87.51,91.85,27.15999984741211,13.84,105.08999633789062,0.00734032427591053,0.00734032427591053,0.011357357983741136,0.009329803946314908,0.012688912733783392,-0.43000030517578125,-4.339999999999989,1,30,-6.75707199730854,7.4,7.4,0,1,0,0,0,"80,14","95,88",88.85,0.0024026097021833392,-2.789999008178711,0
2023-09-11,87.3,91.97,24.3700008392334,13.8,104.56999969482422,-0.0024026097021833392,0.0024026097021833392,0.008980763636876977,0.010006514783245704,0.012734238163840594,-2.789999008178711,-4.670000000000002,5,101,-2.601003760848706,0.8,-10.0,1,4,1,0,1,"93,50","39,95",122.18,0.01782416490482747,-0.1400012969970703,0
2023-09-12,88.87,93.58,24.229999542236328,14.23,104.70999908447266,0.01782416490482747,0.01782416490482747,0.01008517201172657,0.010195693371033591,0.012925248401846261,-0.1400012969970703,-4.709999999999994,2,28,-1.319007297191016,-10.0,-10.0,2,0,2,0,1,"164,97","65,78",230.46,0.0031556433264428095,0.8299999237060547,0
2023-09-13,88.59,93.04,25.059999465942383,13.48,104.7699966430664,-0.0031556433264428095,0.0031556433264428095,0.01024963094975566,0.010950304629784278,0.012044065576187651,0.8299999237060547,-4.450000000000003,1,30,1.06548280917213,-7.2,-7.2,1,0,0,0,1,"134,78","31,01",198.29,0.017234088144377435,1.5,1
2023-09-14,90.13,95.2,26.559999465942383,12.82,105.41000366210938,0.017234088144377435,0.017234088144377435,0.01015977027950095,0.011211631053000892,0.010800125918735123,1.5,-5.070000000000007,7,103,-4.909009981752107,-6.214285714285714,-8.0,5,1,5,0,1,"119,94","102,49",123.48,0.007736554945803839,0.6000003814697266,0
2023-09-15,90.83,95.55,27.15999984741211,13.79,105.31999969482422,0.007736554945803839,0.007736554945803839,0.010161045027260444,0.010204435016611009,0.010696589848228511,0.6000003814697266,-4.719999999999999,5,106,-3.027749311793823,-2.9,-9.5,2,2,1,0,1,"106,68","85,09",133.07,0.007021422154150889,0.75,0
2023-09-18,91.47,95.95,27.90999984741211,14.0,105.1999969482422,0.007021422154150889,0.007021422154150889,0.008636916586587188,0.008749070876463306,0.010656874716331423,0.75,-4.480000000000004,7,174,-6.87033423031282,4.357142857142857,-10.0,1,6,1,0,1,"114,69","94,16",168.3,0.0033948452907895848,2.4099998474121094,1
2023-09-19,91.16,96.11,30.31999969482422,14.11,105.1999969482422,-0.0033948452907895848,0.0033948452907895848,0.008634187002290865,0.008851737129080363,0.010476913561263491,2.4099998474121094,-4.950000000000003,2,48,-2.50558608231525,3.5,3.5,0,2,0,0,0,"207,42","97,31",314.51,0.02173516479151977,0.05999946594238281,0
2023-09-20,89.2,94.56,30.3799991607666,15.14,105.16000366210938,-0.02173516479151977,0.02173516479151977,0.01483823817471351,0.012034026479329288,0.011937354270291585,0.05999946594238281,-5.359999999999999,4,78,-5.864652210940738,-1.675,-10.0,2,2,1,0,1,"190,11","206,76",258.68,0.004027752144590463,0.970001220703125,0
2023-09-21,89.56,93.7,31.350000381469727,17.54,105.36000061035156,0.004027752144590463,0.004027752144590463,0.012260401930889422,0.011550106120804942,0.010755131228415045,0.970001220703125,-4.140000000000001,12,341,-2.014862242758738,-3.016666666666667,-10.0,6,5,3,0,1,"162,91","108,27",225.78,0.004900878599711029,-0.7399997711181676,0
2023-09-22,90.0,93.99,30.61000061035156,17.2,105.58000183105467,0.004900878599711029,0.004900878599711029,0.011796501682042083,0.011474931188081692,0.010754573718335015,-0.7399997711181676,-3.989999999999995,1,18,-4.95364111232512,-5.0,-5.0,1,0,0,0,0,"131,63","109,35",164.18,0.0035618915663605745,0.3499984741210973,0
2023-09-25,89.68,94.01,30.959999084472656,16.9,106.0,-0.0035618915663605745,0.0035618915663605745,0.010709265353106567,0.011539072067652353,0.010878302563755823,0.3499984741210973,-4.329999999999998,9,252,-6.730880388783827,-2.6333333333333333,-9.0,4,4,3,0,1,"109,96","41,11",171.44,0.019325873412430746,0.3400001525878906,0
2023-09-26,91.43,94.46,31.299999237060547,18.94,106.2300033569336,0.019325873412430746,0.019325873412430746,0.014975696495398805,0.011765468719792069,0.01127898268640673,0.3400001525878906,-3.029999999999987,7,155,2.48315285724067,4.614285714285714,3.5,0,7,0,0,0,"81,25","24,92",114.34,0.024204315044703915,1.1800003051757812,0
2023-09-27,93.67,97.1,32.47999954223633,18.22,106.66999816894533,0.024204315044703915,0.024204315044703915,0.01155513753081916,0.013297748816686028,0.011969528479335167,1.1800003051757812,-3.4299999999999926,7,118,-0.7848282870598872,-3.242857142857143,-9.5,4,3,3,0,1,"101,47","47,60",138.97,0.02180099293532512,-0.8599987030029297,0
2023-09-28,91.65,96.64,31.6200008392334,17.34,106.22000122070312,-0.02180099293532512,0.02180099293532512,0.018472269867308887,0.015102163710006012,0.013614827458327672,-0.8599987030029297,-4.989999999999995,4,176,-4.04609992806065,-1.875,-7.5,0,2,0,0,1,"64,38","58,35",68.13,0.00964813974717821,0.6200008392333984,0
2023-09-29,90.77,95.86,32.2400016784668,17.52,106.16999816894533,-0.00964813974717821,0.00964813974717821,0.019531256892817137,0.015325489590858816,0.013388006457625024,0.6200008392333984,-5.090000000000003,2,46,-0.2998862004740281,-6.15,-6.5,0,0,0,0,0,"86,41","91,89",76.65,0.02182957826812304,-0.24000167846679688,0
2023-10-02,88.81,91.21,32.0,17.61,106.9000015258789,-0.02182957826812304,0.02182957826812304,0.022277970580187174,0.016512671460537583,0.013786296812700926,-0.24000167846679688,-2.3999999999999915,1,12,-1.16266320793889,-5.8,-5.8,0,0,0,0,0,"63,46","37,96",84.43,0.005054202930711136,1.25,0
2023-10-03,89.26,94.46,33.25,19.78,107.0,0.005054202930711136,0.005054202930711136,0.019627151352439032,0.016702513227750605,0.013506958505525121,1.25,-5.199999999999989,3,60,-3.225505976333126,-6.5,-6.5,0,0,0,0,0,"107,05","83,00",148.36,0.05693437440807177,2.0999984741210938,1
2023-10-04,84.32,89.83,35.349998474121094,18.58,106.8000030517578,-0.05693437440807177,0.05693437440807177,0.022914461736608913,0.02358835471055133,0.01862624306489434,2.0999984741210938,-5.510000000000005,8,140,-0.140711620472178,1.375,-5.0,2,6,0,0,0,"61,24","66,60",64.81,0.02424797711002804,1.2400016784667969,0
2023-10-05,82.3,88.28,36.59000015258789,18.49,106.33000183105467,-0.02424797711002804,0.02424797711002804,0.02296108083754913,0.02399378313333884,0.019253977234058507,1.2400016784667969,-5.980000000000004,1,15,-5.63788619707094,-7.2,-7.2,1,0,0,0,1,"54,30","36,09",70.24,0.006419206927148632,-0.9099998474121094,0
2023-10-06,82.83,87.86,35.68000030517578,17.45,106.04000091552734,0.006419206927148632,0.006419206927148632,0.025965885933443764,0.024092283061331262,0.019229777774987356,-0.9099998474121094,-5.030000000000001,7,137,-4.994306470755729,-0.5857142857142855,-5.8,0,3,0,0,0,"161,31","91,89",220.36,0.036277093167960586,3.8600006103515625,1
2023-10-10,85.89,90.7,39.540000915527344,17.03,105.83000183105467,0.036277093167960586,0.036277093167960586,0.03531546530204632,0.02794846496226621,0.021118644807320036,3.8600006103515625,-4.810000000000002,3,106,-3.481358378070561,-5.3999999999999995,-10.0,2,1,2,0,1,"259,08","282,88",297.51,0.025828430282703686,-0.6000022888183665,0
2023-10-11,83.7,87.58,38.93999862670898,16.09,105.81999969482422,-0.025828430282703686,0.025828430282703686,0.03544911278477769,0.027345163375280694,0.021345523077159458,-0.6000022888183665,-3.8799999999999955,5,138,-4.451245445471511,-7.660000000000001,-9.5,5,0,1,0,1,"265,93","265,11",278.82,0.009965862634478549,-0.4199981689453054,0
2023-10-12,82.87,88.4,38.52000045776367,16.69,106.56999969482422,-0.009965862634478549,0.009965862634478549,0.02574610550432677,0.024771957221769492,0.021402434244173443,-0.4199981689453054,-5.530000000000001,10,326,-1.7473223396832271,-3.7700000000000005,-10.0,4,4,3,0,1,"218,01","229,42",221.57,0.05630665073954313,5.720001220703125,1
2023-10-13,87.67,94.33,44.2400016784668,19.32,106.6500015258789,0.05630665073954313,0.05630665073954313,0.03352249977838641,0.03252629206108359,0.024879821376223667,5.720001220703125,-6.659999999999997,3,104,0.9629966949318268,-4.033333333333333,-10.0,1,1,1,0,1,"287,31","292,05",318.55,0.011702749438879102,-3.5400009155273438,0
2023-10-16,86.65,90.99,40.70000076293945,17.21,106.23999786376952,-0.011702749438879102,0.011702749438879102,0.03529619259995008,0.03256930881790732,0.024884486261045436,-3.5400009155273438,-4.339999999999989,6,148,-3.59877225156212,-3.0,-10.0,3,2,1,0,1,"290,34","381,55",296.3,0.00011540015014821466,0.6699981689453125,0
2023-10-17,86.66,92.52,41.369998931884766,17.88,106.25,0.00011540015014821466,0.00011540015014821466,0.03185083065079128,0.03201742640829077,0.024795275113482323,0.6699981689453125,-5.859999999999999,6,122,-2.543628357517722,-3.3333333333333335,-10.0,3,2,1,0,1,"274,52","267,60",324.66,0.019313782453942097,3.0300025939941406,1
2023-10-18,88.35,91.99,44.400001525878906,19.22,106.56999969482422,0.019313782453942097,0.019313782453942097,0.028262582625613573,0.032699091824865696,0.025277085237691406,3.0300025939941406,-3.6400000000000006,7,240,-4.498469366943582,-4.7,-10.0,4,1,2,0,1,"333,01","349,46",359.49,0.01125504283973175,1.2999992370605469,0
2023-10-19,89.35,93.12,45.70000076293945,21.4,106.25,0.01125504283973175,0.01125504283973175,0.025852680496384072,0.026210684285994476,0.024966106491544494,1.2999992370605469,-3.7700000000000102,9,160,-3.1911160936656993,-4.433333333333334,-9.0,6,3,0,0,1,"338,85","431,00",330.35,0.0025774654264629953,-1.9099998474121094,0
2023-10-20,89.12,93.72,43.790000915527344,21.71,106.16000366210938,-0.0025774654264629953,0.0025774654264629953,0.012139716420073146,0.024275251059141974,0.024954877067170415,-1.9099998474121094,-4.599999999999994,5,132,-7.634576856233306,-5.34,-9.0,2,1,0,0,1,"298,63","363,87",331.09,0.04158436614083168,-2.049999237060547,1
2023-10-23,85.49,91.88,41.7400016784668,20.37,105.54000091552734,-0.04158436614083168,0.04158436614083168,0.023448268385920425,0.02891663846828158,0.02656320648976878,-2.049999237060547,-6.390000000000001,3,75,-4.975328145259134,-7.833333333333333,-10.0,1,0,1,0,1,"312,77","467,72",307.37,0.010701577993799772,-0.6599998474121094,0
2023-10-24,84.58,88.0,41.08000183105469,18.97,106.2699966430664,-0.010701577993799772,0.010701577993799772,0.023622443903912018,0.02666736501406831,0.02662513402139995,-0.6599998474121094,-3.4200000000000017,6,125,-5.2127209814146775,-7.733333333333333,-10.0,4,0,2,0,1,"250,01","286,62",249.46,0.01746308661704048,3.829998016357422,1
2023-10-25,86.07,90.14,44.90999984741211,20.19,106.52999877929688,0.01746308661704048,0.01746308661704048,0.023158944579193392,0.025785107028937663,0.026546332264293745,3.829998016357422,-4.070000000000007,4,82,-4.5475863768053175,-2.3,-9.2,1,2,0,0,1,"208,09","224,27",224.48,0.026727911173345744,-0.9799995422363281,0
2023-10-26,83.8,88.45,43.93000030517578,20.68,106.5999984741211,-0.026727911173345744,0.026727911173345744,0.0226234455521156,0.02721196158062273,0.026238360488722173,-0.9799995422363281,-4.650000000000006,3,50,-5.544903959133589,0.6666666666666666,-5.0,0,2,0,0,0,"168,44","223,89",155.62,0.02637929691149214,2.7099990844726562,1
2023-10-27,86.04,90.73,46.63999938964844,21.27,106.55999755859376,0.02637929691149214,0.02637929691149214,0.028773185124760493,0.02151763779367779,0.026873543927234282,2.7099990844726562,-4.689999999999998,5,92,-4.490410391374263,-5.0,-9.5,3,1,1,0,1,"251,86","283,84",236.75,0.03561031612559016,-2.6300010681152344,1
2023-10-30,83.03,90.73,44.0099983215332,19.75,106.12000274658205,-0.03561031612559016,0.03561031612559016,0.02705239561487935,0.023924243528238288,0.027814116971131658,-2.6300010681152344,-7.700000000000003,3,72,-4.361546696406081,-7.5,-9.0,1,0,0,0,1,"205,43","192,00",213.53,0.016882650332295173,-2.0199966430664062,0
2023-10-31,81.64,86.82,41.9900016784668,18.14,106.66000366210938,-0.016882650332295173,0.016882650332295173,0.02746815821656668,0.024180716819029148,0.02767312695457099,-2.0199966430664062,-5.179999999999993,4,100,-1.8705629490752103,-3.925,-9.2,1,1,0,0,1,"172,08","208,31",173.75,0.007253089759958929,-1.470001220703125,0
2023-11-01,81.05,86.92,40.52000045776367,16.87,106.87999725341795,-0.007253089759958929,0.007253089759958929,0.02394629650434155,0.022495193145474313,0.02759302289310594,-1.470001220703125,-5.8700000000000045,7,230,-4.812267134482538,-5.142857142857143,-9.0,4,1,0,0,1,"251,73","262,36",247.38,0.02425617123589342,-0.7299995422363281,0
2023-11-02,83.04,89.02,39.790000915527344,15.66,106.12000274658205,0.02425617123589342,0.02425617123589342,0.026801839458537452,0.024090868914954027,0.025409024386220502,-0.7299995422363281,-5.97999999999999,9,170,-2.59416579065407,-0.12222222222222218,-10.0,3,5,1,0,1,"219,58","287,71",198.24,0.022530332543223525,-1.2600021362304616,0
2023-11-03,81.19,87.55,38.52999877929688,14.91,105.0199966430664,-0.022530332543223525,0.022530332543223525,0.022519071956192193,0.024477258502497382,0.02532824851486614,-1.2600021362304616,-6.359999999999999,2,49,-1.3380229618130888,4.75,3.5,0,2,0,0,0,"174,92","261,57",109.09,0.004301610516752412,-2.2199974060058665,0
2023-11-06,81.54,87.31,36.310001373291016,14.89,105.22000122070312,0.004301610516752412,0.004301610516752412,0.018618074109184028,0.021924506963989666,0.02530142623393087,-2.2199974060058665,-5.769999999999996,3,76,-3.1114918968100334,3.5,3.5,0,3,0,0,0,"182,90","229,61",146.46,0.04489782275174739,2.4099998474121094,1
2023-11-07,77.96,83.43,38.720001220703125,14.81,105.54000091552734,-0.04489782275174739,0.04489782275174739,0.02625561181007346,0.02535738530517569,0.025552817037053564,2.4099998474121094,-5.470000000000013,5,112,-3.093927072951234,-3.2399999999999998,-7.0,1,1,0,0,0,"140,21","174,73",106.88,0.027438168844818842,1.7199974060058523,1
2023-11-08,75.85,81.46,40.43999862670898,14.45,105.58999633789062,-0.027438168844818842,0.027438168844818842,0.027403396775188923,0.024270114921618548,0.02562482828038327,1.7199974060058523,-5.609999999999999,5,117,-0.9772443470218314,0.8,-5.0,1,3,0,0,0,"132,50","204,15",120.2,0.006439341522542471,0.7900009155273509,0
2023-11-09,76.34,81.74,41.22999954223633,15.29,105.91000366210938,0.006439341522542471,0.006439341522542471,0.02191367614062554,0.024396978373326078,0.025717345534417707,0.7900009155273509,-5.3999999999999915,5,156,-2.0861940753233292,-2.04,-7.2,3,2,0,0,1,"201,48","259,94",177.39,0.03247708113239747,-1.8299980163574219,1
2023-11-13,78.86,84.09,39.400001525878906,14.76,105.66000366210938,0.03247708113239747,0.03247708113239747,0.03047058527498192,0.025442297968327247,0.023200046609443494,-1.8299980163574219,-5.230000000000004,2,42,-8.625819204827271,-1.75,-7.0,1,1,0,0,0,"131,05","159,68",84.75,0.0005070994023476216,-1.1100006103515625,0
2023-11-14,78.9,84.2,38.290000915527344,14.16,104.11000061035156,0.0005070994023476216,0.0005070994023476216,0.030201426022199492,0.02370408225462639,0.02318320519365352,-1.1100006103515625,-5.299999999999997,11,236,-2.838211353154867,-3.3272727272727276,-10.0,5,4,2,0,1,"148,23","141,35",160.77,0.02242964904265866,1.2199974060058594,0
2023-11-15,77.15,82.4,39.5099983215332,14.18,104.38999938964844,-0.02242964904265866,0.02242964904265866,0.02413818898853097,0.024072431386729553,0.02348368226207566,1.2199974060058594,-5.25,2,48,-2.97122634251423,-1.75,-7.0,0,1,0,0,0,"130,60","94,69",148.09,0.04846617259037897,3.020000457763679,1
2023-11-16,73.5,77.73,42.52999877929688,14.32,104.37000274658205,-0.04846617259037897,0.04846617259037897,0.03062042203149852,0.02763970972299601,0.024534127705047603,3.020000457763679,-4.230000000000004,15,316,-9.106469502926602,-7.466666666666667,-9.0,3,0,0,0,1,"170,86","219,79",155.83,0.03961310083734281,-2.099998474121101,1
2023-11-17,76.47,81.22,40.43000030517578,13.8,103.81999969482422,0.03961310083734281,0.03961310083734281,0.03699897213208192,0.030061339272428298,0.02651782424336782,-2.099998474121101,-4.75,8,302,-4.720745417504279,-5.375,-10.0,4,2,4,0,1,"149,48","178,83",119.33,0.021091549789506513,-1.4300003051757812,0
2023-11-20,78.1,83.25,39.0,13.41,103.47000122070312,0.021091549789506513,0.021091549789506513,0.03481239424920477,0.0309106329011468,0.027279587937865883,-1.4300003051757812,-5.150000000000006,2,40,-0.021695848603040347,3.65,3.5,0,2,0,0,0,"204,90","217,89",227.18,0.003195911956389569,-0.4799995422363281,0
2023-11-21,78.35,82.42,38.52000045776367,13.35,103.58999633789062,0.003195911956389569,0.003195911956389569,0.03488028596359374,0.0308800764799378,0.026067831223856353,-0.4799995422363281,-4.070000000000007,13,214,-4.438760195919531,-2.869230769230769,-10.0,5,6,5,0,1,"96,48","141,07",85.58,0.019981328648403338,4.239997863769531,1
2023-11-22,76.8,81.76,42.7599983215332,12.85,103.91999816894533,-0.019981328648403338,0.019981328648403338,0.034526632957741,0.028091991912173847,0.02626844896062393,4.239997863769531,-4.960000000000008,4,92,-2.3985410592984637,-3.25,-10.0,2,2,2,0,1,"191,44","127,24",231.55,0.025985766061359303,0.6200027465820312,0
2023-11-24,74.83,79.82,43.380001068115234,12.46,103.4000015258789,-0.025985766061359303,0.025985766061359303,0.02754295173934346,0.027946358795489394,0.026124454626285678,0.6200027465820312,-4.989999999999995,1,16,-2.63929618768329,3.5,3.5,0,1,0,0,0,"152,79","231,53",111.81,0.00495680564769635,0.5200004577636719,0
2023-11-27,74.46,79.49,43.900001525878906,12.69,103.1999969482422,-0.00495680564769635,0.00495680564769635,0.018789962799025492,0.027825348578369904,0.025709320854940803,0.5200004577636719,-5.030000000000001,4,208,-4.71018585989517,-1.75,-7.0,0,2,0,0,0,"166,35","173,05",180.43,0.02165478174386077,-0.7600021362304688,0
2023-11-28,76.09,81.66,43.13999938964844,12.69,102.75,0.02165478174386077,0.02165478174386077,0.01898857853493562,0.026492632114813234,0.02541707939336762,-0.7600021362304688,-5.569999999999993,1,12,0.571572154521863,-7.2,-7.2,1,0,0,0,1,"184,38","215,51",169.18,0.01913498018601975,-0.23999786376953125,0
2023-11-29,77.56,82.98,42.900001525878906,12.98,102.7699966430664,0.01913498018601975,0.01913498018601975,0.021872473233153597,0.027449231912595413,0.025021596837051064,-0.23999786376953125,-5.420000000000002,10,289,-5.560337888660711,-3.9,-10.0,1,3,1,0,1,"88,78","143,82",55.37,0.024802211169567944,-3.5,0
2023-11-30,75.66,81.72,39.400001525878906,12.92,103.5,-0.024802211169567944,0.024802211169567944,0.022941916592248868,0.027657654152551007,0.025307107124857873,-3.5,-6.060000000000002,14,276,-5.512201743297446,-4.392857142857143,-10.0,7,5,6,0,1,"178,90","230,13",163.16,0.02624682000959218,-3.700000762939453,0
2023-12-01,73.7,78.72,35.70000076293945,12.63,103.2699966430664,-0.02624682000959218,0.02624682000959218,0.023007533623709234,0.024179266587619302,0.025795051685685536,-3.700000762939453,-5.019999999999996,10,204,-5.394716721684911,-2.55,-10.0,4,5,4,0,1,"94,81","106,34",88.7,0.013248845028841518,2.3800010681152344,1
2023-12-04,72.73,78.16,38.08000183105469,13.08,103.63999938964844,-0.013248845028841518,0.013248845028841518,0.0234740701936472,0.020048156842666743,0.024923685899115172,2.3800010681152344,-5.429999999999993,2,50,-2.67929074337163,-9.2,-9.2,2,0,0,0,1,"194,86","259,01",151.23,0.010782520833072547,-1.720001220703125,0
2023-12-05,71.95,77.27,36.36000061035156,12.85,104.0500030517578,-0.010782520833072547,0.010782520833072547,0.018275731332370676,0.01784970829594174,0.02466629653576253,-1.720001220703125,-5.319999999999993,9,155,-6.881285412083304,-3.888888888888889,-10.0,3,3,2,0,1,"89,69","59,61",109.38,0.042154825824681996,3.3600006103515625,1
2023-12-06,68.98,74.33,39.720001220703125,12.97,104.1500015258789,-0.042154825824681996,0.042154825824681996,0.012490493723852034,0.020234004118440563,0.025802308418160554,3.3600006103515625,-5.349999999999994,13,291,-2.837613355831824,-3.6769230769230767,-9.2,6,5,2,0,1,"131,24","177,94",113.5,0.00028989708856440533,-1.9000015258789062,0
2023-12-07,69.0,74.21,37.81999969482422,13.06,103.54000091552734,0.00028989708856440533,0.00028989708856440533,0.01627676931582577,0.020441948171493626,0.024373716811567116,-1.9000015258789062,-5.209999999999994,14,276,-0.9567107458661268,-0.5,-9.0,3,9,3,0,1,"194,16","175,97",215.27,0.02674070822490522,-1.5799980163574219,0
2023-12-08,70.87,75.94,36.2400016784668,12.35,104.01000213623048,0.02674070822490522,0.02674070822490522,0.024886449718019645,0.022735283281537958,0.024883300975054624,-1.5799980163574219,-5.069999999999993,2,110,-5.024772914946325,-5.0,-5.0,0,0,0,0,0,"153,52","188,37",137.48,0.0011281907838870445,-0.94000244140625,0
2023-12-11,70.95,75.75,35.29999923706055,12.63,104.0999984741211,0.0011281907838870445,0.0011281907838870445,0.024934509787574045,0.02283079888621741,0.024801022552655424,-0.94000244140625,-4.799999999999997,4,96,-5.484914989309474,3.325,-5.0,0,3,0,0,0,"153,77","140,53",149.18,0.038504972175862795,1.0800018310546875,1
2023-12-12,68.27,74.11,36.380001068115234,12.07,103.87000274658205,-0.038504972175862795,0.038504972175862795,0.029260953135287454,0.02300243788024272,0.024433509023210048,1.0800018310546875,-5.840000000000003,5,119,-3.5749391311586733,-3.7,-7.0,0,1,0,0,0,"167,42","166,91",178.99,0.011939571070514647,0.21999740600585227,0
2023-12-13,69.09,74.14,36.59999847412109,12.19,102.87000274658205,0.011939571070514647,0.011939571070514647,0.024192461580150065,0.022053406300990206,0.02475517224609423,0.21999740600585227,-5.049999999999997,4,140,-4.7250026354024515,-1.05,-7.5,1,2,0,0,1,"192,79","244,62",194.32,0.030223255493329715,-2.6199989318847585,1
2023-12-14,71.21,77.05,33.97999954223633,12.48,101.95999908447266,0.030223255493329715,0.030223255493329715,0.027641375088321794,0.025045156927610997,0.025766533955716195,-2.6199989318847585,-5.840000000000003,4,82,-2.8911173611472543,-3.55,-7.2,3,1,0,0,1,"148,68","213,44",118.69,0.00224940345092372,1.1500015258789062,0
2023-12-15,71.05,76.84,35.130001068115234,12.28,102.5500030517578,-0.00224940345092372,0.00224940345092372,0.025217440057987706,0.02402508605355733,0.02354608315428992,1.1500015258789062,-5.790000000000006,7,191,-5.903911535770829,-5.642857142857143,-10.0,2,1,1,0,1,"169,26","204,89",211.11,0.015502021211258502,1.9599990844726562,1
2023-12-18,72.16,78.89,37.09000015258789,12.56,102.51000213623048,0.015502021211258502,0.015502021211258502,0.026109438313043826,0.024466593212690933,0.02187795092965086,1.9599990844726562,-6.730000000000004,6,140,-6.336938699568203,3.5,3.5,0,6,0,0,0,"144,02","237,22",83.31,0.014719297318610233,-2.049999237060547,0
2023-12-19,73.23,79.82,35.040000915527344,12.53,102.16999816894533,0.014719297318610233,0.014719297318610233,0.011556949467483556,0.024637411473486845,0.021554162924767716,-2.049999237060547,-6.589999999999989,10,283,-2.247683191057128,-4.35,-9.5,3,3,3,0,1,"187,76","240,66",156.13,0.008701618467668051,-0.060001373291015625,0
2023-12-20,73.87,81.1,34.97999954223633,13.67,102.41000366210938,0.008701618467668051,0.008701618467668051,0.011791495355489337,0.019217213254788097,0.021675227123507595,-0.060001373291015625,-7.22999999999999,9,294,-7.913632573864988,-5.988888888888889,-9.0,6,1,0,0,1,"143,77","229,33",95.64,0.003797644602138784,0.45999908447265625,0
2023-12-21,73.59,80.73,35.439998626708984,13.65,101.83999633789062,-0.003797644602138784,0.003797644602138784,0.009165228376535647,0.01941468553138122,0.02130462659776109,0.45999908447265625,-7.140000000000001,2,54,-2.758738842769107,-3.25,-10.0,1,1,1,0,1,"114,02","143,58",99.8,0.004084973000748776,-2.1199989318847656,0
2023-12-22,73.29,80.23,33.31999969482422,13.03,101.6999969482422,-0.004084973000748776,0.004084973000748776,0.009631943761016644,0.01824530520699262,0.020564156886846673,-2.1199989318847656,-6.939999999999998,0,0,0.0,0.0,0.0,0,0,0,0,0,"89,37","71,27",138.72,0.034201684009007506,1.2099990844726562,1
2023-12-26,75.84,,34.529998779296875,12.99,101.47000122070312,0.034201684009007506,0.034201684009007506,0.01579894782733639,0.020637118012798092,0.021986540412829537,1.2099990844726562,,1,30,-10.8196721311476,-9.2,-9.2,1,0,0,0,1,"139,57","222,63",92.85,0.020380325777388537,0.8800010681152344,0
2023-12-27,74.31,80.97,35.40999984741211,12.43,100.98999786376952,-0.020380325777388537,0.020380325777388537,0.020304384488627973,0.016637598288362556,0.021908931376326473,0.8800010681152344,-6.659999999999997,1,21,-7.05882352941176,-9.2,-9.2,1,0,0,0,1,"180,18","234,90",138.3,0.03130167394864881,1.0400009155273438,1
2023-12-28,72.02,79.04,36.45000076293945,12.47,101.2300033569336,-0.03130167394864881,0.03130167394864881,0.02483626930244856,0.020749040618573057,0.02234547937358193,1.0400009155273438,-7.02000000000001,2,54,-3.716866207348835,-7.5,-10.0,2,0,1,0,1,"122,69","143,89",96.02,0.0018066852249489244,-0.22999954223632812,0
2023-12-29,71.89,77.69,36.220001220703125,12.45,101.33000183105467,-0.0018066852249489244,0.0018066852249489244,0.024877745790942846,0.018642832388731025,0.021787464312056363,-0.22999954223632812,-5.799999999999997,4,154,-3.415040377270267,-5.225,-10.0,3,1,1,0,1,"221,28","213,92",301.1,0.01782378249553976,2.829998016357422,1
2024-01-02,70.62,76.24,39.04999923706055,13.2,102.1999969482422,-0.01782378249553976,0.01782378249553976,0.02554611978517084,0.019567466163389727,0.021383066235252993,2.829998016357422,-5.61999999999999,3,46,-6.1278343228500844,-1.0,-10.0,1,2,1,0,1,"131,12","192,64",91.82,0.032735007277288355,-0.8299980163574219,1
2024-01-03,72.97,77.18,38.220001220703125,14.04,102.45999908447266,0.032735007277288355,0.032735007277288355,0.024950152402103506,0.021777828919150907,0.022564644364289416,-0.8299980163574219,-4.210000000000008,9,312,-8.589833834293753,-3.3333333333333335,-9.5,1,3,1,0,1,"149,39","259,01",108.02,0.008118379641932448,-0.6399993896484375,0
2024-01-04,72.38,75.79,37.58000183105469,14.13,102.41999816894533,-0.008118379641932448,0.008118379641932448,0.023977769181161398,0.02138676675956866,0.022504400849422495,-0.6399993896484375,-3.410000000000011,9,176,-6.0752600432325865,-7.722222222222222,-10.0,7,1,7,0,1,"180,69","240,17",155.81,0.022135075068573446,-1.5100021362304688,0
2024-01-05,74.0,78.31,36.06999969482422,13.35,102.41000366210938,0.022135075068573446,0.022135075068573446,0.02122079990416893,0.022470002912513852,0.02063527645324777,-1.5100021362304688,-4.310000000000002,0,0,0.0,0.0,0.0,0,0,0,0,0,"167,49","197,89",165.06,0.04054050261128865,0.720001220703125,1
2024-01-08,71.06,75.47,36.790000915527344,13.08,102.20999908447266,-0.04054050261128865,0.04054050261128865,0.0298399878441561,0.02592968433979169,0.02286965084000869,0.720001220703125,-4.409999999999997,7,238,-9.294344582401818,-6.5,-10.0,2,1,2,0,1,"106,63","141,73",106.4,0.019095987614353622,-0.7000007629394531,0
2024-01-09,72.43,77.97,36.09000015258789,12.76,102.56999969482422,0.019095987614353622,0.019095987614353622,0.02961228074111393,0.026889828600038235,0.022485733658553872,-0.7000007629394531,-5.539999999999992,9,216,-3.248750277163582,-5.199999999999999,-10.0,5,2,3,0,1,"241,27","299,03",206.05,0.011944586456728759,0.259998321533196,0
2024-01-10,71.57,78.46,36.34999847412109,12.69,102.36000061035156,-0.011944586456728759,0.011944586456728759,0.025649921314755422,0.02394112613109663,0.022673744886738453,0.259998321533196,-6.890000000000001,3,76,-1.8009368364314604,-8.0,-10.0,1,0,1,0,1,"118,10","129,50",108.02,0.008071293469373983,0.43000030517579546,0
2024-01-11,72.15,80.21,36.77999877929688,12.44,102.29000091552734,0.008071293469373983,0.008071293469373983,0.025999728889756726,0.02370464048617453,0.020776247591968153,0.43000030517579546,-8.059999999999988,3,140,-2.702313969537194,-7.0,-7.0,0,0,0,0,0,"165,31","190,16",148.03,0.01088990016065416,3.8600006103515554,1
2024-01-12,72.94,79.89,40.63999938964844,12.7,102.4000015258789,0.01088990016065416,0.01088990016065416,0.023942457264815822,0.021773805773097895,0.02075316151476919,3.8600006103515554,-6.950000000000003,3,84,-3.93060901364472,-3.8333333333333335,-7.5,0,1,0,0,1,"210,59","238,32",189.31,0.004259125762457344,-2.299999237060547,0
2024-01-16,72.63,80.15,38.34000015258789,13.84,103.36000061035156,-0.004259125762457344,0.004259125762457344,0.012386392967093776,0.021826049881626446,0.019755628155493837,-2.299999237060547,-7.52000000000001,5,146,-6.4905802047329715,-3.44,-9.2,1,2,0,0,1,"193,39","286,08",145.25,0.002200523512089904,-1.279998779296875,0
2024-01-17,72.79,78.88,37.060001373291016,14.79,103.4499969482422,0.002200523512089904,0.002200523512089904,0.009280018087599136,0.020799125381143042,0.019742311142069677,-1.279998779296875,-6.089999999999989,6,150,-4.322372344462904,1.4666666666666668,-6.5,0,4,0,0,0,"176,20","234,21",175.82,0.02080151137541635,-1.0800018310546875,0
2024-01-18,74.32,81.04,35.97999954223633,14.13,103.54000091552734,0.02080151137541635,0.02080151137541635,0.009422064030164207,0.019184912479578417,0.019978385882360585,-1.0800018310546875,-6.720000000000013,14,216,-6.172749346728023,-8.742857142857142,-10.0,12,0,5,0,1,"167,49","160,79",206.33,0.008512989726675108,-0.18999862670898438,0
2024-01-19,73.69,80.71,35.790000915527344,13.3,103.29000091552734,-0.008512989726675108,0.008512989726675108,0.01180610959888646,0.01920804782285469,0.019842710825138308,-0.18999862670898438,-7.019999999999996,7,116,-6.488685745848636,-4.942857142857142,-9.2,4,2,0,0,1,"207,41","212,68",246.38,0.02108168038638339,-0.0800018310546875,0
2024-01-22,75.26,81.7,35.709999084472656,13.19,103.33000183105467,0.02108168038638339,0.02108168038638339,0.013932967355101541,0.019086602667284302,0.02030586350629236,-0.0800018310546875,-6.439999999999998,3,60,-2.660928694017325,-5.5,-10.0,2,1,2,0,1,"186,62","239,21",121.93,0.00720099124470415,-0.7199974060058594,0
2024-01-23,74.72,82.04,34.9900016784668,12.55,103.62000274658205,-0.00720099124470415,0.00720099124470415,0.014537359898347545,0.012750932103243144,0.02036176927297607,-0.7199974060058594,-7.320000000000007,6,184,-7.404719395515725,-5.283333333333333,-10.0,3,1,1,0,1,"169,07","249,71",124.97,0.010119926579762252,-1.0,0
2024-01-24,75.48,82.15,33.9900016784668,13.14,103.23999786376952,0.010119926579762252,0.010119926579762252,0.014495671838289002,0.011940300280239784,0.020431428211585567,-1.0,-6.670000000000002,7,112,-3.441301728344519,-1.342857142857143,-9.0,3,4,1,0,1,"159,14","235,04",107.83,0.03168659384241718,1.1099967956542969,1
2024-01-25,77.91,82.33,35.099998474121094,13.45,103.56999969482422,0.03168659384241718,0.03168659384241718,0.017536634916448534,0.013309160299415927,0.020226085281318536,1.1099967956542969,-4.420000000000002,13,243,-4.191270836368008,-4.407692307692307,-10.0,3,3,1,0,1,"202,29","252,09",210.27,0.006907164836274951,-0.31999969482421875,0
2024-01-26,78.45,83.34,34.779998779296875,13.26,103.47000122070312,0.006907164836274951,0.006907164836274951,0.014721094141577658,0.013318296588907845,0.019593817338915666,-0.31999969482421875,-4.890000000000001,3,38,-4.505526927592605,-3.5666666666666664,-7.2,1,1,0,0,1,"141,32","191,61",112.81,0.015414563401186843,1.5400009155273438,1
2024-01-29,77.25,83.99,36.31999969482422,13.6,103.61000061035156,-0.015414563401186843,0.015414563401186843,0.01807901148328562,0.015226551985138536,0.018429804757699574,1.5400009155273438,-6.739999999999995,6,174,-4.823347409789056,-7.166666666666667,-10.0,4,1,4,0,1,"140,53","200,14",144.68,0.013500687218902524,-0.13000106811524148,0
2024-01-30,78.3,84.14,36.18999862670898,13.31,103.4000015258789,0.013500687218902524,0.013500687218902524,0.016852262190195078,0.014964034885836234,0.01851525070527917,-0.13000106811524148,-5.840000000000003,8,218,-2.0244875245594662,-5.35,-10.0,6,2,5,0,1,"206,28","254,03",171.53,0.026136822264539,1.0600013732910227,0
2024-01-31,76.28,82.98,37.25,14.35,103.2699966430664,-0.026136822264539,0.026136822264539,0.0230896553131444,0.01837665423209487,0.019120763884715487,1.0600013732910227,-6.700000000000003,7,226,-7.877367759167391,-0.7857142857142855,-9.2,3,4,0,0,1,"205,61","250,52",170.97,0.025492617878975065,-1.8699989318847656,0
2024-02-01,74.36,82.2,35.380001068115234,13.88,103.0500030517578,-0.025492617878975065,0.025492617878975065,0.018477061221743356,0.019651915369428695,0.01892388974894396,-1.8699989318847656,-7.840000000000003,3,34,-3.9018285279152747,0.0,-7.0,0,2,0,0,0,"147,50","159,30",143.09,0.022301712984019895,-0.5300025939941406,0
2024-02-02,72.72,79.54,34.849998474121094,13.85,103.91999816894533,-0.022301712984019895,0.022301712984019895,0.016581292715464425,0.020771632293750314,0.01953717380434908,-0.5300025939941406,-6.820000000000007,5,121,-1.8178859909435579,-7.4799999999999995,-9.2,2,0,0,0,1,"171,52","245,81",169.37,0.006715573789327909,-0.4199981689453125,0
2024-02-05,73.21,79.3,34.43000030517578,13.67,104.4499969482422,0.006715573789327909,0.006715573789327909,0.01923982202398263,0.019508110822221744,0.01892199725329477,-0.4199981689453125,-6.090000000000003,3,60,-6.52779517025991,-6.033333333333334,-6.5,0,0,0,0,0,"125,88","145,30",121.2,0.00843312941252297,-1.4200019836425781,0
2024-02-06,73.83,80.46,33.0099983215332,13.06,104.18000030517578,0.00843312941252297,0.00843312941252297,0.017716621895753897,0.0197379247780341,0.016484483691440177,-1.4200019836425781,-6.6299999999999955,5,90,-2.943775621132714,1.8,-5.0,1,4,0,0,0,"118,75","162,00",62.37,0.005807295677859955,-1.7999992370605469,0
2024-02-07,74.26,81.18,31.209999084472656,12.83,104.04000091552734,0.005807295677859955,0.005807295677859955,0.016978825354794922,0.019508937040432123,0.01601657205550136,-1.7999992370605469,-6.920000000000002,2,50,-5.53975619233343,-1.5,-6.5,0,1,0,0,0,"100,38","144,55",74.2,0.031938048821868896,0.4300003051757848,1
2024-02-08,76.67,83.01,31.63999938964844,12.79,104.1500015258789,0.031938048821868896,0.031938048821868896,0.01923647877064497,0.019556753694839835,0.017084414530729695,0.4300003051757848,-6.340000000000003,5,132,-3.982407900486611,-3.78,-9.5,3,2,2,0,1,"116,23","162,22",77.32,0.007665859667332292,0.7999992370605433,0
2024-02-09,77.26,83.58,32.439998626708984,12.93,104.08000183105467,0.007665859667332292,0.007665859667332292,0.011127052361020079,0.019594877234385747,0.017078871786017195,0.7999992370605433,-6.319999999999993,9,252,-1.3762228805541774,-1.911111111111111,-10.0,4,5,3,0,1,"194,53","277,04",175.62,0.0010349289410157962,0.25,0
2024-02-12,77.34,83.88,32.689998626708984,13.93,104.16999816894533,0.0010349289410157962,0.0010349289410157962,0.012066183206774946,0.018980467026718916,0.016994010014724628,0.25,-6.539999999999992,6,130,-2.8802086174929045,-7.566666666666666,-10.0,4,0,2,0,1,"156,39","184,25",189.15,0.012080856348724479,-0.31999969482421875,0
2024-02-13,78.28,84.72,32.369998931884766,15.85,104.95999908447266,0.012080856348724479,0.012080856348724479,0.011984005164527247,0.018874235058952072,0.017023015940339906,-0.31999969482421875,-6.439999999999998,2,32,-2.280142043961585,-6.5,-7.2,1,0,0,0,1,"187,86","262,19",135.38,0.015318572056704683,0.3899993896484375,0
2024-02-14,77.09,84.41,32.7599983215332,14.38,104.72000122070312,-0.015318572056704683,0.015318572056704683,0.017180747973087645,0.01746903669229809,0.01754931618227326,0.3899993896484375,-7.319999999999993,4,142,-8.728985201885514,-4.5,-10.0,3,1,2,0,1,"135,81","153,05",137.48,0.017742815668210902,-0.7399978637695312,0
2024-02-15,78.47,84.33,32.02000045776367,14.01,104.3000030517578,0.017742815668210902,0.017742815668210902,0.012723473162936934,0.015395423194200666,0.017397494832280248,-0.7399978637695312,-5.859999999999999,6,148,-0.10300132751993167,-2.2666666666666666,-7.2,2,2,0,0,1,"214,81","247,96",216.22,0.014925650216675792,-1.1800003051757812,0
2024-02-16,79.65,84.88,30.84000015258789,14.24,104.27999877929688,0.014925650216675792,0.014925650216675792,0.013542782573122162,0.012108028895796742,0.017390654436678525,-1.1800003051757812,-5.22999999999999,7,131,-0.9853145297194384,-2.2714285714285714,-9.2,4,3,0,0,1,"160,93","133,70",167.28,0.011744783612059648,0.9699993133544922,0
2024-02-20,78.72,84.78,31.809999465942383,15.42,104.08000183105467,-0.011744783612059648,0.011744783612059648,0.015760469073200705,0.013801267159021299,0.017230929701788644,0.9699993133544922,-6.060000000000002,4,62,-2.1162389960156323,-6.449999999999999,-9.2,1,0,0,0,1,"170,21","221,90",141.54,0.0021572243630002884,-0.7600002288818359,0
2024-02-21,78.89,84.77,31.049999237060547,15.34,104.01000213623048,0.0021572243630002884,0.0021572243630002884,0.015023181949124468,0.013884261758170029,0.017087315419040672,-0.7600002288818359,-5.8799999999999955,9,200,-5.123489947382177,-6.0,-10.0,4,1,4,0,1,"193,75","236,77",197.49,0.009462002088997229,-0.5,0
2024-02-22,79.64,85.84,30.549999237060547,14.54,103.95999908447266,0.009462002088997229,0.009462002088997229,0.01180992594336356,0.013908310985252949,0.0170729372066385,-0.5,-6.200000000000003,1,12,0.0,-9.2,-9.2,1,0,0,0,1,"219,58","125,09",302.58,0.02594905200682251,0.7600002288818359,0
2024-02-23,77.6,84.18,31.309999465942383,13.75,103.94000244140624,-0.02594905200682251,0.02594905200682251,0.016608668819981943,0.014410506013179685,0.016781327789373336,0.7600002288818359,-6.5800000000000125,8,300,-3.140276096118811,-6.4375,-9.2,6,1,0,0,1,"167,07","149,32",191.62,0.011913290197610376,0.39999961853027344,0
2024-02-26,78.53,84.01,31.709999084472656,13.74,103.83000183105467,0.011913290197610376,0.011913290197610376,0.015868949516068084,0.014682109181255593,0.01692958584923083,0.39999961853027344,-5.480000000000004,6,114,-4.7056317360805995,-6.933333333333334,-7.5,0,0,0,0,1,"200,97","276,35",149.83,0.016042787068979804,-0.3599987030029297,0
2024-02-27,79.8,83.8,31.350000381469727,13.43,103.83000183105467,0.016042787068979804,0.016042787068979804,0.016805497267769393,0.015365605978454034,0.016878333070152362,-0.3599987030029297,-4.0,8,177,-1.9318439768521303,1.4874999999999998,-7.2,2,6,0,0,1,"166,86","98,58",215.84,0.004521484718845896,-0.1400012969970703,0
2024-02-28,79.44,84.08,31.209999084472656,13.84,103.9800033569336,-0.004521484718845896,0.004521484718845896,0.01712432800288833,0.015187058856144143,0.01669092034679159,-0.1400012969970703,-4.640000000000001,9,281,-3.094862164781793,-0.5888888888888889,-7.0,0,5,0,0,0,"177,46","188,71",157.4,0.002773227543146533,0.29000091552734375,0
2024-02-29,79.22,84.57,31.5,13.4,104.16000366210938,-0.002773227543146533,0.002773227543146533,0.016546853844674747,0.014127224658970382,0.015486230454271744,0.29000091552734375,-5.349999999999994,7,115,-4.736592124302549,-1.1428571428571428,-7.0,3,3,0,0,0,"153,25","141,03",166.64,0.02098503187067561,-0.42000007629394887,0
2024-03-01,80.9,84.82,31.07999992370605,13.11,103.86000061035156,0.02098503187067561,0.02098503187067561,0.011411827235556355,0.014541303941905313,0.014623995261675963,-0.42000007629394887,-3.9199999999999875,1,18,-4.18945123921004,-7.0,-7.0,1,0,0,0,0,"155,18","130,90",188.6,0.015320720672171433,-0.6100006103515625,0
2024-03-04,79.67,86.58,30.46999931335449,13.49,103.83000183105467,-0.015320720672171433,0.015320720672171433,0.015157987188799705,0.014936897636522787,0.014028989050465124,-0.6100006103515625,-6.909999999999997,1,27,-5.96835192757501,-10.0,-10.0,1,0,1,0,1,"170,75","177,03",159.02,0.007053814358969693,-0.27999877929687145,0
2024-03-05,79.11,85.82,30.190000534057617,14.46,103.8000030517578,-0.007053814358969693,0.007053814358969693,0.013582192727124113,0.014595960191282481,0.014253897107179178,-0.27999877929687145,-6.709999999999994,4,76,-4.223095227083865,-4.475,-10.0,1,1,1,0,1,"83,46","102,40",85.41,0.012186845973660087,-0.6200008392333984,0
2024-03-06,80.08,86.59,29.56999969482422,14.5,103.37000274658205,0.012186845973660087,0.012186845973660087,0.014732490133691399,0.015060143872796744,0.014341513289510078,-0.6200008392333984,-6.510000000000005,7,124,-4.8177749897494895,-7.142857142857143,-10.0,4,0,1,0,1,"108,02","95,72",99.8,0.0033773251190475574,0.0,0
2024-03-07,79.81,84.88,29.56999969482422,14.44,102.81999969482422,-0.0033773251190475574,0.0033773251190475574,0.01477977121582108,0.014851519238639053,0.014429501896439642,0.0,-5.069999999999993,2,64,-8.585629683345415,-7.1,-9.2,1,0,0,0,1,"122,23","146,23",91.48,0.010707414762691443,0.0699996948242223,0
2024-03-08,78.96,84.29,29.63999938964844,14.74,102.73999786376952,-0.010707414762691443,0.010707414762691443,0.010502676899837011,0.01245736395935345,0.01311297258075473,0.0699996948242223,-5.3300000000000125,1,32,-11.4042723248736,-10.0,-10.0,1,0,1,0,1,"183,72","177,61",194.44,0.0011404677153264184,-0.5299987792968821,0
2024-03-11,78.87,83.44,29.11000061035156,15.22,102.87000274658205,-0.0011404677153264184,0.0011404677153264184,0.008735857586043455,0.011946019743176786,0.013041687112655725,-0.5299987792968821,-4.569999999999993,3,73,-6.386330496258517,-3.133333333333333,-9.2,2,1,0,0,1,"155,81","202,60",157.72,0.004574922199735305,0.25,0
2024-03-12,78.51,83.66,29.36000061035156,13.84,102.95999908447266,-0.004574922199735305,0.004574922199735305,0.008444116772565118,0.010662660491592405,0.013101791445857125,0.25,-5.1499999999999915,10,248,1.0191190789118012,3.85,3.5,0,10,0,0,0,"199,55","172,41",232.31,0.02714075373871873,0.15999984741211293,0
2024-03-13,80.67,83.95,29.520000457763672,13.75,102.79000091552734,0.02714075373871873,0.02714075373871873,0.014782837998316901,0.01391386588716673,0.014175967854912428,0.15999984741211293,-3.280000000000001,1,32,-4.58891013384322,-9.5,-9.5,1,0,1,0,1,"149,75","179,15",129.51,0.01830180667141973,1.9899997711181676,1
2024-03-14,82.16,86.16,31.51000022888184,14.4,103.36000061035156,0.01830180667141973,0.01830180667141973,0.016124722532760614,0.014758982666438103,0.01406913795421403,1.9899997711181676,-4.0,5,170,-3.9329835218507965,-3.56,-10.0,2,2,2,0,1,"187,15","248,77",155.62,0.002681293501577796,-1.7399997711181676,0
2024-03-15,81.94,85.39,29.770000457763672,14.41,103.43000030517578,-0.002681293501577796,0.002681293501577796,0.0143746056909863,0.013514336040666366,0.013693041224238938,-1.7399997711181676,-3.450000000000003,11,347,-4.307656884057405,0.8,-9.5,2,7,2,0,1,"138,02","183,47",105.21,0.0210127281978879,0.03999900817871094,0
2024-03-18,83.68,86.47,29.809999465942383,14.33,103.58000183105467,0.0210127281978879,0.0210127281978879,0.014494176318737242,0.013440044382159974,0.01405451031124413,0.03999900817871094,-2.789999999999992,2,32,-7.16332378223496,3.5,3.5,0,2,0,0,0,"147,65","128,00",149.47,0.008448910853262218,-0.5900001525878942,0
2024-03-19,84.39,87.36,29.21999931335449,13.82,103.80999755859376,0.008448910853262218,0.008448910853262218,0.011709560064933476,0.012784753679616253,0.013700631689293573,-0.5900001525878942,-2.969999999999999,11,321,-3.298358930021988,-3.4909090909090907,-9.2,6,4,2,0,1,"183,30","221,90",152.42,0.019141630019160586,-0.3999996185302699,0
2024-03-20,82.79,85.77,28.81999969482422,13.04,103.41000366210938,-0.019141630019160586,0.019141630019160586,0.01648396315039332,0.014890746504829204,0.014606491441625622,-0.3999996185302699,-2.9799999999999898,4,92,-7.567593805726372,-9.0,-9.0,4,0,4,0,1,"116,03","138,80",115.78,0.009709992542628252,-1.289999008178711,0
2024-03-21,81.99,84.92,27.530000686645508,12.92,104.0,-0.009709992542628252,0.009709992542628252,0.015651965475958984,0.015335608642013231,0.014747932424577215,-1.289999008178711,-2.930000000000007,5,190,-7.414377195381923,-5.3,-9.0,4,1,2,0,1,"130,51","148,70",103.36,0.010914327486719085,-0.6100006103515625,0
2024-03-22,81.1,84.87,26.920000076293945,13.06,104.43000030517578,-0.010914327486719085,0.010914327486719085,0.016366822961057605,0.015355826837308044,0.013617468670269361,-0.6100006103515625,-3.7700000000000102,4,140,0.6645964397512686,-1.75,-7.0,0,2,0,0,0,"125,00","135,95",122.84,0.016023827653925026,0.5699996948242188,0
2024-03-25,82.41,86.18,27.489999771118164,13.19,104.2300033569336,0.016023827653925026,0.016023827653925026,0.014672927305886565,0.01583390811503516,0.013801471116681823,0.5699996948242188,-3.7700000000000102,3,77,-7.963285981969028,-7.333333333333333,-10.0,2,0,1,0,1,"187,99","245,58",140.15,0.0,-0.23999977111816406,0
2024-03-26,82.41,85.91,27.25,13.24,104.29000091552734,0.0,0.0,0.01345208048015808,0.015610600854474873,0.013428680983872423,-0.23999977111816406,-3.5,3,63,-8.083556190956868,-7.666666666666667,-9.0,2,0,1,0,1,"165,63","203,22",158.91,0.003159944292014945,-0.6499996185302734,0
2024-03-27,82.15,84.94,26.600000381469727,12.78,104.3499984741211,-0.003159944292014945,0.003159944292014945,0.010817924070989979,0.013616042630610985,0.01339938497478617,-0.6499996185302734,-2.789999999999992,10,181,-3.1443053880398644,2.45,-5.8,0,8,0,0,0,"126,74","149,32",105.39,0.021793650469155,-0.3299999237060547,0
2024-03-28,83.96,86.17,26.270000457763672,13.01,104.5500030517578,0.021793650469155,0.021793650469155,0.013675581124475502,0.014121146178327833,0.014078751270884609,-0.3299999237060547,-2.210000000000008,4,100,-5.718455992071849,-7.275,-7.5,3,0,0,0,1,"99,63","111,73",82.84,0.006884300186211768,1.3799991607666087,1
2024-04-01,84.54,,27.64999961853028,13.65,105.0199966430664,0.006884300186211768,0.006884300186211768,0.010535182672042377,0.014080144200552933,0.013465425037114257,1.3799991607666087,,4,204,-1.6454213305347527,1.175,-5.8,0,3,0,0,0,"123,22","144,52",132.6,0.016540936690214374,1.3900012969970632,1
2024-04-02,85.95,87.63,29.040000915527344,14.61,104.81999969482422,0.016540936690214374,0.016540936690214374,0.01063195285668826,0.013508268384586132,0.013164804260840433,1.3900012969970632,-1.6799999999999926,10,201,-3.253013268730753,-6.13,-9.5,5,1,1,0,1,"197,96","249,98",197.53,0.0031364374901303115,0.039999008178707385,0
2024-04-03,86.22,90.6,29.07999992370605,14.33,104.25,0.0031364374901303115,0.0031364374901303115,0.010090309459768543,0.013359678922000573,0.012917760347590184,0.039999008178707385,-4.3799999999999955,6,108,-0.42888627594775386,3.85,-10.0,1,5,1,0,1,"181,87","194,26",162.03,0.013249804991014764,3.0899982452392614,1
2024-04-04,87.37,90.32,32.16999816894531,16.35,104.12000274658205,0.013249804991014764,0.013249804991014764,0.007455124825433998,0.011409468051576261,0.012954039417783633,3.0899982452392614,-2.9499999999999886,5,117,-2.9158936155732307,-1.2799999999999998,-7.2,1,2,0,0,1,"160,98","172,83",123.57,0.0036558934812610314,0.19000244140625,0
2024-04-05,87.69,92.81,32.36000061035156,16.03,104.3000030517578,0.0036558934812610314,0.0036558934812610314,0.005955539541414047,0.010159090924311494,0.012827897280515288,0.19000244140625,-5.1200000000000045,2,70,-4.526890831315321,-8.5,-10.0,1,0,1,0,1,"142,05","158,60",170.09,0.005144926457835942,-1.7900009155273438,0
2024-04-08,87.24,91.73,30.56999969482422,15.19,104.13999938964844,-0.005144926457835942,0.005144926457835942,0.008677003762663865,0.009161091175203853,0.012532993576662016,-1.7900009155273438,-4.490000000000009,4,114,-6.776156982317545,-7.75,-10.0,3,0,1,0,1,"126,33","153,92",81.7,0.013850636933898824,-1.6100006103515625,0
2024-04-09,86.04,92.13,28.959999084472656,14.98,104.1500015258789,-0.013850636933898824,0.013850636933898824,0.01020847048384242,0.010735230773939945,0.013166249638557535,-1.6100006103515625,-6.089999999999989,5,147,-6.987924804812325,-7.040000000000001,-10.0,3,0,1,0,1,"171,76","159,00",173.43,0.010865902769962951,1.1200008392333949,0
2024-04-10,86.98,91.57,30.07999992370605,15.8,105.25,0.010865902769962951,0.010865902769962951,0.011290453667957296,0.010800162592958013,0.013067671425456184,1.1200008392333949,-4.589999999999989,4,119,-4.061101582524233,-2.0,-10.0,2,2,1,0,1,"208,52","261,34",168.44,0.013775757584618437,1.1900005340576207,0
2024-04-11,85.79,91.49,31.270000457763672,14.91,105.27999877929688,-0.013775757584618437,0.013775757584618437,0.010873204200872556,0.012169627075387882,0.012634868836775148,1.1900005340576207,-5.699999999999989,6,226,-5.020328788401765,-4.45,-10.0,3,2,2,0,1,"123,34","117,11",136.75,0.007779429654611709,0.9199981689453125,0
2024-04-12,86.46,93.12,32.189998626708984,17.31,106.04000091552734,0.007779429654611709,0.007779429654611709,0.011691455929500827,0.010647555272612191,0.012178358395601677,0.9199981689453125,-6.660000000000011,10,299,-4.281517532321751,0.23000000000000007,-10.0,2,7,1,0,1,"161,33","160,83",160.98,0.002895699017652052,3.4000015258789062,1
2024-04-15,86.21,90.84,35.59000015258789,19.23,106.20999908447266,-0.002895699017652052,0.002895699017652052,0.011622957790110367,0.010693467828786954,0.012183299708766557,3.4000015258789062,-4.63000000000001,6,127,-6.026180515791192,-6.583333333333333,-10.0,3,1,1,0,1,"230,79","230,08",237.07,0.0006962172478948414,-1.9799995422363281,0
2024-04-16,86.15,91.29,33.61000061035156,18.4,106.26000213623048,-0.0006962172478948414,0.0006962172478948414,0.009706984273683533,0.00939124292631771,0.011392260006527334,-1.9799995422363281,-5.140000000000001,9,181,-6.583958572429971,-5.077777777777778,-9.0,2,2,0,0,1,"340,54","283,94",453.08,0.030285705954169403,-0.6100006103515625,1
2024-04-17,83.58,89.54,33.0,18.21,105.9499969482422,-0.030285705954169403,0.030285705954169403,0.014649218571926591,0.013354058594164959,0.013277183420980115,-0.6100006103515625,-5.960000000000008,6,168,-1.9673892556916388,-4.133333333333334,-9.0,4,1,0,0,1,"227,50","221,26",267.61,0.0009576251629595449,-1.6000003814697195,0
2024-04-18,83.5,88.34,31.39999961853028,18.0,106.1500015258789,-0.0009576251629595449,0.0009576251629595449,0.014501093868365154,0.012118801973871541,0.012533971480938495,-1.6000003814697195,-4.840000000000003,12,209,-7.346399624877811,-7.1499999999999995,-10.0,4,0,1,0,1,"155,67","136,56",196.75,0.0034670367683853564,0.4600009918212784,0
2024-04-19,83.79,87.96,31.86000061035156,18.71,106.1500015258789,0.0034670367683853564,0.0034670367683853564,0.013622024802476894,0.012104765948667311,0.012317532940064189,0.4600009918212784,-4.1699999999999875,6,109,-5.962172283585195,-5.416666666666667,-9.0,1,1,0,0,1,"208,12","184,43",269.2,0.0003579738717301667,-2.159999847412106,0
2024-04-22,83.82,87.3,29.700000762939453,16.94,106.08000183105467,0.0003579738717301667,0.0003579738717301667,0.013898640153812099,0.01219939853980783,0.011993164151155615,-2.159999847412106,-3.480000000000004,3,60,-2.907577229871525,3.5,3.5,0,3,0,0,0,"162,91","81,21",248.36,0.0041669207265594005,-0.8400001525878942,0
2024-04-23,84.17,88.29,28.86000061035156,15.69,105.69000244140624,0.0041669207265594005,0.0041669207265594005,0.014487298148824813,0.011909831958886374,0.011529296725737433,-0.8400001525878942,-4.1200000000000045,1,30,-3.54609929078014,3.5,3.5,0,1,0,0,0,"148,32","110,90",164.45,0.0009509093786781545,0.1800003051757848,0
2024-04-24,84.09,89.02,29.040000915527344,15.97,105.86000061035156,-0.0009509093786781545,0.0009509093786781545,0.0024459890024652662,0.01102289356026664,0.01153584216412647,0.1800003051757848,-4.929999999999993,12,320,-8.108615036078557,-6.416666666666667,-9.0,4,1,0,0,1,"139,23","150,37",154.37,0.009821982990248635,-0.7000007629394531,0
2024-04-25,84.92,88.1,28.34000015258789,15.37,105.5999984741211,0.009821982990248635,0.009821982990248635,0.004183751567541763,0.011075640443096649,0.0116535478269124,-0.7000007629394531,-3.1799999999999926,6,112,-4.771058465129623,-3.6166666666666667,-7.2,1,1,0,0,1,"172,40","171,87",143.36,0.0054022444947604935,-0.5300006866455078,0
2024-04-26,85.38,89.95,27.809999465942383,15.03,105.94000244140624,0.0054022444947604935,0.0054022444947604935,0.004283008216928292,0.010889760120219553,0.010700329499883374,-0.5300006866455078,-4.570000000000007,2,36,-9.3081785674596,-9.75,-10.0,2,0,2,0,1,"150,83","138,80",154.37,0.013204624778945387,0.030000686645507812,0
2024-04-29,84.26,88.44,27.84000015258789,14.67,105.58000183105467,-0.013204624778945387,0.013204624778945387,0.008843116490783337,0.011531189068232688,0.01104041897124328,0.030000686645507812,-4.179999999999993,2,34,-8.786106592797905,-7.5,-10.0,1,0,1,0,1,"191,11","197,58",188.34,0.009180392344961475,0.030000686645507812,0
2024-04-30,83.49,88.23,27.8700008392334,15.65,106.22000122070312,-0.009180392344961475,0.009180392344961475,0.009644190104128486,0.011711769462562863,0.010475512042859613,0.030000686645507812,-4.740000000000009,9,239,-5.965558316098397,-2.611111111111111,-9.2,3,3,0,0,1,"167,80","123,92",196.38,0.03398828893000589,0.8299999237060547,1
2024-05-01,80.7,83.55,28.700000762939453,15.39,105.76000213623048,-0.03398828893000589,0.03398828893000589,0.01732665407383788,0.01268364602138534,0.012677454035678649,0.8299999237060547,-2.8499999999999943,7,140,-5.8644449016725355,-7.357142857142857,-9.0,3,0,0,0,1,"130,76","111,73",124.26,0.0013640029394832078,-1.0500011444091726,0
2024-05-02,80.59,84.81,27.64999961853028,14.68,105.3000030517578,-0.0013640029394832078,0.0013640029394832078,0.014975800963009047,0.012675220132135448,0.012079939379383378,-1.0500011444091726,-4.219999999999999,5,104,-4.188164811447262,0.1,-5.0,1,3,0,0,0,"137,77","214,98",59.77,0.01173253598036238,0.4400005340576101,0
2024-05-03,79.65,83.6,28.09000015258789,13.49,105.02999877929688,-0.01173253598036238,0.01173253598036238,0.012125866319191825,0.012651957135118694,0.012054081407218146,0.4400005340576101,-3.9499999999999886,3,78,-3.9204209473543754,-1.8333333333333333,-7.5,0,1,0,0,1,"110,42","127,46",115.98,0.005633817718255844,0.4899997711181605,0
2024-05-06,80.1,,28.57999992370605,13.49,105.0500030517578,0.005633817718255844,0.005633817718255844,0.014983561086073778,0.013008303339535931,0.012277133108563725,0.4899997711181605,,4,72,-4.072880608420592,-1.75,-10.0,2,2,2,0,1,"93,62","172,30",23.95,0.001624289730514977,-0.75,0
2024-05-07,79.97,82.69,27.82999992370605,13.23,105.41000366210938,-0.001624289730514977,0.001624289730514977,0.015475776365889692,0.01270295488795079,0.012077715806286618,-0.75,-2.719999999999999,6,123,-3.1176837774288257,-6.3999999999999995,-10.0,4,1,2,0,1,"176,27","133,31",252.71,0.007474807445305861,0.07999992370605824,0
2024-05-08,80.57,82.44,27.90999984741211,13.0,105.5500030517578,0.007474807445305861,0.007474807445305861,0.007570403392299136,0.013276596973588628,0.011885359382691685,0.07999992370605824,-1.8700000000000045,4,100,-4.3941722617840435,-6.8,-9.2,1,0,0,0,1,"163,58","198,03",126.31,0.0035928924235202574,0.04000091552734375,0
2024-05-09,80.86,83.27,27.950000762939453,12.69,105.2300033569336,0.0035928924235202574,0.0035928924235202574,0.007722934178533226,0.01267410673702908,0.01175403103947261,0.04000091552734375,-2.4099999999999966,4,63,0.7292678860602324,-0.19999999999999973,-10.0,1,2,1,0,1,"145,40","126,04",136.67,0.013070454324707251,-0.07000160217285156,0
2024-05-10,79.81,83.39,27.8799991607666,12.55,105.30999755859376,-0.013070454324707251,0.013070454324707251,0.008264248147522295,0.012347867224921143,0.011675824732309707,-0.07000160217285156,-3.5799999999999983,4,96,-3.518524287349537,-1.0499999999999998,-10.0,2,2,1,0,1,"185,28","223,89",186.75,0.011213673448363328,0.1600017547607422,0
2024-05-13,80.71,83.18,28.040000915527344,13.6,105.22000122070312,0.011213673448363328,0.011213673448363328,0.009440495209325949,0.013306030931791984,0.012162284452046002,0.1600017547607422,-2.470000000000013,3,134,-4.338203316242146,-8.4,-9.0,3,0,0,0,1,"177,11","235,42",152.72,0.013597165764109687,-0.03000068664550426,0
2024-05-14,79.62,81.0,28.01000022888184,13.42,105.01000213623048,-0.013597165764109687,0.013597165764109687,0.011687599790382865,0.013556805813778118,0.01235767554265837,-0.03000068664550426,-1.3799999999999955,4,54,-4.238043398410726,-8.9,-10.0,3,0,3,0,1,"154,67","167,05",150.05,0.007632192193393503,0.05999946594237926,0
2024-05-15,80.23,79.98,28.06999969482422,12.45,104.3499984741211,0.007632192193393503,0.007632192193393503,0.011715894589388194,0.009303389253365706,0.010929331037598725,0.05999946594237926,0.25,5,264,-0.7315604923413637,0.9600000000000002,-9.2,1,4,0,0,1,"129,21","81,97",166.05,0.0076980762575510776,-0.9899997711181676,0
2024-05-16,80.85,81.65,27.07999992370605,12.42,104.45999908447266,0.0076980762575510776,0.0076980762575510776,0.012236971048452103,0.009653736468087454,0.01114393909958733,-0.9899997711181676,-0.8000000000000114,3,52,-3.037082062253064,-8.333333333333334,-10.0,3,0,2,0,1,"124,90","129,93",144.5,0.009968699868313871,0.9799995422363317,0
2024-05-17,81.66,82.24,28.059999465942383,11.99,104.4499969482422,0.009968699868313871,0.009968699868313871,0.010277296504167399,0.009063969374630814,0.011391986541498448,0.9799995422363317,-0.5799999999999983,3,78,-3.937988454528213,0.16666666666666666,-10.0,1,2,1,0,1,"181,66","170,44",204.37,0.0033118705524795384,-0.17000007629394176,0
2024-05-20,81.39,81.91,27.88999938964844,12.15,104.56999969482422,-0.0033118705524795384,0.0033118705524795384,0.009983222480489001,0.00916039332669681,0.01139364347336606,-0.17000007629394176,-0.519999999999996,7,208,-5.849702675075452,-4.428571428571429,-10.0,5,2,1,0,1,"135,08","115,42",149.76,0.009009625893727983,-0.5100002288818395,0
2024-05-21,80.66,81.22,27.3799991607666,11.86,104.66000366210938,-0.009009625893727983,0.009009625893727983,0.00829675543310061,0.009729076870816658,0.011431378329909687,-0.5100002288818395,-0.5600000000000023,5,162,-0.24030511495062748,-1.7,-6.5,0,2,0,0,0,"165,28","151,04",171.8,0.01889800311820085,0.3299999237060547,0
2024-05-22,79.15,79.9,27.709999084472656,12.29,104.94000244140624,-0.01889800311820085,0.01889800311820085,0.01194964915560503,0.011199794854546153,0.012023070257552348,0.3299999237060547,-0.75,0,0,0.0,0.0,0.0,0,0,0,0,0,"140,05","121,41",172.16,0.021454021683210138,0.9500007629394531,0
2024-05-23,77.47,79.25,28.65999984741211,12.77,105.11000061035156,-0.021454021683210138,0.021454021683210138,0.012690410127311237,0.01258074036902299,0.012294779641667086,0.9500007629394531,-1.7800000000000011,1,16,-8.03769947666737,3.5,3.5,0,1,0,0,0,"101,83","83,60",139.47,0.01295305061329662,-1.1000003814697266,0
2024-05-24,78.48,78.92,27.559999465942383,11.93,104.72000122070312,0.01295305061329662,0.01295305061329662,0.013800269709763054,0.013235504654395295,0.012726159782649982,-1.1000003814697266,-0.4399999999999977,4,100,-2.4486097490462373,-2.875,-5.0,0,1,0,0,0,"116,64","81,40",126.09,0.03037000880733839,-0.029998779296875,1
2024-05-28,80.9,81.34,27.530000686645508,12.92,104.61000061035156,0.03037000880733839,0.03037000880733839,0.0222565100881548,0.01633294597497176,0.014685081238181203,-0.029998779296875,-0.4399999999999977,1,18,-5.32976180094481,-7.2,-7.2,1,0,0,0,1,"143,46","104,01",162.67,0.008191680410766032,-0.7600002288818359,0
2024-05-29,80.24,81.5,26.770000457763672,14.28,105.0999984741211,-0.008191680410766032,0.008191680410766032,0.02218772815569281,0.01590821896017444,0.014661405051290597,-0.7600002288818359,-1.2600000000000051,6,171,-2.741831867002647,-2.283333333333333,-9.2,2,3,0,0,1,"135,44","112,52",168.93,0.01608074852845391,2.469999313354492,1
2024-05-30,78.96,81.42,29.239999771118164,14.47,104.72000122070312,-0.01608074852845391,0.01608074852845391,0.021650247370791825,0.016527889108905448,0.013063877962390615,2.469999313354492,-2.460000000000008,5,229,-4.276069470654819,-2.6599999999999997,-10.0,3,2,1,0,1,"93,58","111,94",83.0,0.01261725780371746,1.1000003814697266,0
2024-05-31,77.97,79.41,30.34000015258789,12.92,104.66999816894533,-0.01261725780371746,0.01261725780371746,0.019790973915016635,0.016507146069825875,0.013316209397745148,1.1000003814697266,-1.4399999999999977,4,79,-1.150678221977472,1.125,-9.5,1,3,1,0,1,"156,50","195,02",108.45,0.03537535215621736,0.5,1
2024-06-03,75.26,76.45,30.84000015258789,13.11,104.13999938964844,-0.03537535215621736,0.03537535215621736,0.02401876121664289,0.018468791119256332,0.015177512256482752,0.5,-1.1899999999999977,4,56,-2.1432396553422595,-8.5,-9.0,4,0,0,0,1,"111,11","83,08",127.04,0.013241683484086221,-0.25,0
2024-06-04,74.27,75.33,30.59000015258789,13.16,104.11000061035156,-0.013241683484086221,0.013241683484086221,0.01059914032831505,0.01844600063309471,0.01521003371504725,-0.25,-1.0600000000000023,7,129,-2.2516060042201076,-3.0714285714285716,-9.0,2,3,0,0,1,"110,21","109,88",122.2,0.010847110037102934,-1.4099998474121094,0
2024-06-05,75.08,75.41,29.18000030517578,12.63,104.2699966430664,0.010847110037102934,0.010847110037102934,0.016421068710607938,0.01950188059090133,0.015554736775874723,-1.4099998474121094,-0.3299999999999983,12,304,-2.429986209448082,-4.25,-10.0,5,3,1,0,1,"119,32","135,95",113.39,0.018997932853743973,-1.470001220703125,0
2024-06-06,76.52,77.62,27.709999084472656,12.58,104.0999984741211,0.018997932853743973,0.018997932853743973,0.021607158275494486,0.02061937601186646,0.016170415389164892,-1.470001220703125,-1.1000000000000085,11,336,-2.61884179789425,-3.727272727272727,-9.0,4,3,0,0,1,"122,01","145,96",111.6,0.00013067624977765164,-1.289999008178711,0
2024-06-07,76.53,78.12,26.420000076293945,12.22,104.88999938964844,0.00013067624977765164,0.00013067624977765164,0.021423446913694893,0.019622721830710864,0.01611932002649769,-1.289999008178711,-1.5900000000000034,0,0,0.0,0.0,0.0,0,0,0,0,0,"122,69","166,79",92.74,0.028595456883912653,-0.7299995422363281,1
2024-06-10,78.75,79.59,25.690000534057617,12.74,105.1500015258789,0.028595456883912653,0.028595456883912653,0.016284103308535337,0.021419366570733622,0.01736025771527641,-0.7299995422363281,-0.8400000000000034,2,40,-10.377358490566,-10.0,-10.0,2,0,2,0,1,"107,29","120,33",144.97,0.0016494325886375631,-0.14999961853027344,0
2024-06-11,78.88,80.15,25.540000915527344,12.85,105.2300033569336,0.0016494325886375631,0.0016494325886375631,0.011976171832754694,0.018698566106052198,0.017146128813281123,-0.14999961853027344,-1.2700000000000102,3,43,-0.024930020459109744,-1.8666666666666665,-5.8,0,1,0,0,0,"121,79","133,55",131.65,0.008583743691391655,-0.7400016784667969,0
2024-06-12,79.56,80.52,24.799999237060547,12.04,104.6500015258789,0.008583743691391655,0.008583743691391655,0.01207509400347984,0.01888562054022978,0.01701527865509889,-0.7400016784667969,-0.9599999999999937,10,186,-2.09024116528879,0.7300000000000001,-9.5,1,7,1,0,1,"117,68","140,78",88.07,0.0006282591147153709,-0.34999847412109375,0
2024-06-13,79.61,81.44,24.450000762939453,11.94,105.1999969482422,0.0006282591147153709,0.0006282591147153709,0.012052780876446564,0.01811177071865385,0.016920927626994067,-0.34999847412109375,-1.8299999999999983,7,197,-1.109971448492473,-1.0999999999999999,-9.2,2,4,0,0,1,"133,47","157,26",110.99,0.002515408193367242,0.2599983215332031,0
2024-06-14,79.41,81.49,24.709999084472656,12.66,105.5500030517578,-0.002515408193367242,0.002515408193367242,0.012528854463133352,0.017552112438158345,0.016817856686336577,0.2599983215332031,-2.0799999999999983,5,114,-3.5079825107999247,-3.46,-5.8,0,1,0,0,0,"90,14","67,40",121.8,0.02389064727156425,-0.5399990081787109,0
2024-06-17,81.33,82.45,24.170000076293945,12.75,105.31999969482422,0.02389064727156425,0.02389064727156425,0.01055989657096561,0.013012284508216185,0.017562942909166795,-0.5399990081787109,-1.1200000000000045,2,50,-5.0,-5.0,-5.0,0,0,0,0,0,"120,95","133,97",111.74,0.016341827085900464,-0.4400005340576172,0
2024-06-18,82.67,84.79,23.729999542236328,12.3,105.26000213623048,0.016341827085900464,0.016341827085900464,0.010928786304203839,0.010899208686925383,0.017925891567684347,-0.4400005340576172,-2.1200000000000045,6,182,-2.843948671572438,1.8166666666666667,-7.2,2,4,0,0,1,"142,94","148,70",165.37,0.008071846729723196,0.5,0
2024-06-20,83.34,85.92,24.229999542236328,13.28,105.58999633789062,0.008071846729723196,0.008071846729723196,0.010940569747829502,0.010930757666927696,0.017841631010887923,0.5,-2.5799999999999983,0,0,0.0,0.0,0.0,0,0,0,0,0,"177,01","151,25",231.29,0.01975223259769144,0.5100002288818359,0
2024-06-21,81.71,86.42,24.739999771118164,13.2,105.8000030517578,-0.01975223259769144,0.01975223259769144,0.017057764185203217,0.01399726179810736,0.017894315403290968,0.5100002288818359,-4.710000000000008,8,212,-2.779234034356728,-4.0625,-9.0,5,2,1,0,1,"128,30","46,51",184.28,0.01119641731647698,0.6800003051757812,0
2024-06-24,82.63,86.75,25.420000076293945,13.33,105.47000122070312,0.01119641731647698,0.01119641731647698,0.016601918260735114,0.01386911626389075,0.017155288447781816,0.6800003051757812,-4.1200000000000045,4,204,-3.5943234042973957,-2.875,-5.0,3,1,0,0,0,"212,61","232,47",205.3,0.008019484048153688,0.3299999237060547,0
2024-06-25,81.97,86.81,25.75,12.84,105.61000061035156,-0.008019484048153688,0.008019484048153688,0.014997871323399175,0.012495856840101334,0.017170274115964633,0.3299999237060547,-4.840000000000003,4,106,-0.6904549922339425,0.3250000000000002,-9.2,1,3,0,0,1,"109,99","103,20",150.64,0.002680313495469437,0.48999977111816406,0
2024-06-26,82.19,85.76,26.239999771118164,12.55,106.0500030517578,0.002680313495469437,0.002680313495469437,0.012702161016668819,0.012478481941047406,0.015842207359967612,0.48999977111816406,-3.5700000000000074,3,390,0.8695389025456393,0.6666666666666666,-5.0,0,2,0,0,0,"128,58","109,88",183.29,0.010288779257170061,0.04000091552734375,0
2024-06-27,83.04,87.0,26.280000686645508,12.24,105.91000366210938,0.010288779257170061,0.010288779257170061,0.013136444454062346,0.012557789958231024,0.01582964969611108,0.04000091552734375,-3.9599999999999937,5,106,1.0237508900130112,-5.46,-9.2,4,1,0,0,1,"120,68","72,18",170.59,0.002532104807405847,0.26000022888183594,0
2024-06-28,82.83,87.26,26.540000915527344,12.44,105.87000274658205,-0.002532104807405847,0.002532104807405847,0.008247101441628829,0.012698908522949894,0.015309352066337968,0.26000022888183594,-4.430000000000007,3,56,-1.7325603661332158,-7.133333333333333,-7.2,2,0,0,0,1,"121,46","143,10",128.54,0.022325287047835936,0.75,0
2024-07-01,84.7,86.57,27.290000915527344,12.22,105.9000015258789,0.022325287047835936,0.022325287047835936,0.011829455177761303,0.013681926224054036,0.01549894194497125,0.75,-1.8699999999999903,1,12,-2.6683608640406598,7.0,7.0,0,1,0,0,0,"71,45","90,65",54.01,0.007227947813202063,-1.470001220703125,0
2024-07-02,84.09,88.28,25.81999969482422,12.03,105.72000122070312,-0.007227947813202063,0.007227947813202063,0.011615893338928929,0.012783562202869563,0.012757462656951513,-1.470001220703125,-4.189999999999998,3,92,1.6130787387686054,-4.566666666666666,-10.0,2,1,1,0,1,"79,60","97,67",91.65,0.01299640220994237,-1.1999988555908203,0
2024-07-03,85.19,88.25,24.6200008392334,12.09,105.4000015258789,0.01299640220994237,0.01299640220994237,0.011987370553632281,0.01244470573624307,0.012053312043127568,-1.1999988555908203,-3.0600000000000023,1,32,-2.24942714281124,3.5,3.5,0,1,0,0,0,"107,82","131,38",99.62,0.00884283307462929,-0.8400001525878906,0
2024-07-05,84.44,88.66,23.780000686645508,12.48,104.87999725341795,-0.00884283307462929,0.00884283307462929,0.013677277824828808,0.012822926560071278,0.012506032530444595,-0.8400001525878906,-4.219999999999999,3,108,-3.1831634844049086,-3.5,-7.0,1,1,0,0,0,"73,11","56,07",74.83,0.00963891558668548,0.029998779296875,0
2024-07-08,83.63,87.15,23.809999465942383,12.37,105.01000213623048,-0.00963891558668548,0.00963891558668548,0.01476646920544354,0.011283491988304802,0.012563618535619051,0.029998779296875,-3.5200000000000102,5,64,-2.643797940790085,3.5,3.5,0,5,0,0,0,"89,18","88,91",127.13,0.01021582107284803,0.3800010681152344,0
2024-07-09,82.78,86.48,24.190000534057617,12.51,105.12000274658205,-0.01021582107284803,0.01021582107284803,0.009892777979758205,0.011442966440845422,0.012957355001788153,0.3800010681152344,-3.700000000000003,5,100,-1.805673928363516,1.4,-7.0,1,4,0,0,0,"90,05","89,77",96.27,0.007341911778307535,-0.1800003051757777,0
2024-07-10,83.39,86.55,24.01000022888184,12.85,105.0500030517578,0.007341911778307535,0.007341911778307535,0.011003432399750114,0.011249175312506072,0.011631250778899118,-0.1800003051757777,-3.1599999999999966,2,42,-2.4022544660574936,-7.5,-10.0,1,0,1,0,1,"124,67","177,55",88.85,0.006335565989147796,0.0,0
2024-07-11,83.92,86.49,24.01000022888184,12.92,104.44000244140624,0.006335565989147796,0.006335565989147796,0.009005412582041695,0.011342931676968836,0.011652708077030725,0.0,-2.569999999999993,5,138,-4.094231326105564,-2.48,-7.2,2,2,0,0,1,"127,85","139,05",125.64,0.005137099882132727,0.11000061035155895,0
2024-07-12,83.49,87.35,24.1200008392334,12.46,104.08999633789062,-0.005137099882132727,0.005137099882132727,0.008545490201676364,0.01115028223358637,0.01171639501779178,0.11000061035155895,-3.8599999999999994,3,75,-4.531207000306759,-7.066666666666666,-10.0,1,0,1,0,1,"86,32","64,54",98.7,0.0032391606511138213,-0.2900009155273473,0
2024-07-15,83.22,86.42,23.82999992370605,13.12,104.19000244140624,-0.0032391606511138213,0.0032391606511138213,0.0075904109885503186,0.011174146788323621,0.011779109207053865,-0.2900009155273473,-3.200000000000003,17,467,-4.404812244636829,-2.0058823529411764,-10.0,4,8,4,0,1,"67,88","121,81",22.58,0.01574454226359751,0.5799999237060582,0
2024-07-16,81.92,86.6,24.40999984741211,13.19,104.2699966430664,-0.01574454226359751,0.01574454226359751,0.009447261844609346,0.009213882919154846,0.012413240479778456,0.5799999237060582,-4.679999999999993,11,224,-3.6818188511960175,-7.290909090909091,-10.0,9,0,7,0,1,"68,24","49,47",92.85,0.026976587698202076,0.8700008392333984,0
2024-07-17,84.16,85.76,25.280000686645508,14.48,103.75,0.026976587698202076,0.026976587698202076,0.01609155105961039,0.013126971977362407,0.012720841284330488,0.8700008392333984,-1.6000000000000085,5,134,-4.289146195562218,-6.3,-10.0,4,1,3,0,1,"105,26","86,42",113.27,0.00011881423408496278,0.39999961853027344,0
2024-07-18,84.17,86.26,25.68000030517578,15.93,104.16999816894533,0.00011881423408496278,0.00011881423408496278,0.015896173444187228,0.012326683047347646,0.012247161302638455,0.39999961853027344,-2.0900000000000034,8,172,-5.983256532913188,-6.025,-10.0,5,1,4,0,1,"133,52","126,77",126.89,0.03309480774444467,1.1499996185302699,1
2024-07-19,81.43,85.19,26.82999992370605,16.52,104.4000015258789,-0.03309480774444467,0.03309480774444467,0.022116556743676703,0.015872244861390807,0.01427044820262896,1.1499996185302699,-3.759999999999991,1,30,-2.83796601880678,-8.0,-8.0,1,0,1,0,1,"143,77","126,13",162.59,0.0022129342691931874,0.0,0
2024-07-22,81.25,83.44,26.82999992370605,14.91,104.30999755859376,-0.0022129342691931874,0.0022129342691931874,0.022141691145522866,0.015732966592146316,0.013590433590611403,0.0,-2.1899999999999977,10,212,0.2231435383698998,-5.4799999999999995,-8.0,7,2,7,0,1,"130,04","136,46",136.59,0.03774979548328508,-0.09000015258788707,1
2024-07-23,78.24,82.2,26.739999771118164,14.72,104.4499969482422,-0.03774979548328508,0.03774979548328508,0.0266010209215741,0.019188013827810553,0.01566351038091183,-0.09000015258788707,-3.960000000000008,5,104,-3.561344319217403,-1.5,-10.0,2,3,2,0,1,"36,47","36,36",30.32,0.00687813181619805,0.1100006103515625,0
2024-07-24,78.78,83.01,26.850000381469727,18.04,104.38999938964844,0.00687813181619805,0.00687813181619805,0.020613908547378396,0.019153678053998598,0.01575268391630605,0.1100006103515625,-4.230000000000004,2,56,-5.992636824279827,-8.0,-8.0,2,0,2,0,1,"78,87","84,68",70.63,0.008216973102281025,-0.3600006103515625,0
2024-07-25,79.43,82.58,26.489999771118164,18.46,104.36000061035156,0.008216973102281025,0.008216973102281025,0.022181687621289962,0.01929362176412608,0.015887057141293712,-0.3600006103515625,-3.1499999999999915,5,123,-4.232457923726878,-7.6,-10.0,2,0,1,0,1,"91,54","114,07",85.63,0.010758916514727086,3.280000686645508,1
2024-07-26,78.58,81.35,29.770000457763672,16.39,104.31999969482422,-0.010758916514727086,0.010758916514727086,0.018752837626814605,0.01936368958992063,0.01574705394643402,3.280000686645508,-2.769999999999996,8,216,-3.429682099602889,-8.6125,-10.0,6,0,3,0,1,"95,77","89,86",103.06,0.016811432184821222,1.0499992370605469,0
2024-07-29,77.27,80.94,30.81999969482422,16.6,104.55999755859376,-0.016811432184821222,0.016811432184821222,0.018932393048219514,0.019617910127845663,0.01605682814216648,1.0499992370605469,-3.6700000000000017,4,144,-2.8226551696911697,-1.6749999999999998,-9.2,2,2,1,0,1,"124,38","65,26",174.2,0.014338097560795683,0.6700000762939453,0
2024-07-30,76.17,79.26,31.489999771118164,17.69,104.5500030517578,-0.014338097560795683,0.014338097560795683,0.01198953572704381,0.019556529901512465,0.015015450755729999,0.6700000762939453,-3.0900000000000034,8,200,-3.793449216839889,-5.075,-10.0,4,2,4,0,1,"107,07","93,40",111.29,0.041026778591920506,2.1999988555908203,1
2024-07-31,79.36,81.39,33.689998626708984,16.36,104.0999984741211,0.041026778591920506,0.041026778591920506,0.02420698992941494,0.022564333006019798,0.018224553619868036,2.1999988555908203,-2.030000000000001,12,341,-6.217539811430856,-7.458333333333333,-10.0,10,2,10,0,1,"112,86","101,27",168.93,0.020624537552540338,-0.2700004577636719,0
2024-08-01,77.74,81.37,33.41999816894531,18.59,104.41999816894533,-0.020624537552540338,0.020624537552540338,0.025593086550004463,0.022903272524180382,0.018232211358312853,-0.2700004577636719,-3.6300000000000097,6,142,-4.280425295771246,-3.8166666666666664,-10.0,4,2,1,0,1,"133,20","161,65",144.47,0.03601515411077909,5.410003662109375,1
2024-08-02,74.99,78.35,38.83000183105469,23.39,103.20999908447266,-0.03601515411077909,0.03601515411077909,0.029396086128236045,0.023275156104062625,0.01953292878691398,5.410003662109375,-3.3599999999999994,10,210,-0.6581633048748058,-4.0,-10.0,5,4,5,0,1,"191,22","246,70",187.06,0.0070927028687271946,4.799999237060547,1
2024-08-05,74.46,77.51,43.630001068115234,38.57,102.69000244140624,-0.0070927028687271946,0.0070927028687271946,0.029099396772824835,0.023185762708050523,0.019515802650137675,4.799999237060547,-3.0500000000000114,3,70,-4.883180863356287,-7.133333333333333,-7.2,2,0,0,0,1,"187,00","119,84",211.03,0.001878438765144406,-3.210002899169922,0
2024-08-06,74.6,76.62,40.41999816894531,27.71,102.97000122070312,0.001878438765144406,0.001878438765144406,0.02903764858279986,0.02095317378456613,0.019559328784096337,-3.210002899169922,-2.0200000000000102,6,143,-5.897306815289383,-6.083333333333333,-10.0,3,1,3,0,1,"131,50","124,85",166.62,0.02750041096772877,-2.4099998474121094,0
2024-08-07,76.68,78.26,38.0099983215332,27.85,103.1999969482422,0.02750041096772877,0.02750041096772877,0.023961099914225962,0.023128257621706665,0.020724472269473247,-2.4099998474121094,-1.5799999999999983,6,139,-4.235555815494714,-0.38333333333333314,-10.0,3,3,2,0,1,"172,72","221,39",153.88,0.01244184012336572,-3.2399978637695312,0
2024-08-08,77.64,80.76,34.77000045776367,23.79,103.20999908447266,0.01244184012336572,0.01244184012336572,0.023778493018957497,0.023387014886693824,0.020931707151265553,-3.2399978637695312,-3.1200000000000045,3,88,-7.070515267412096,-4.333333333333333,-10.0,2,1,2,0,1,"174,67","199,01",134.87,0.008209384227066022,-1.4000015258789062,0
2024-08-09,78.28,81.07,33.369998931884766,20.37,103.13999938964844,0.008209384227066022,0.008209384227066022,0.012879997818825775,0.02339207500561907,0.021101882238382365,-1.4000015258789062,-2.789999999999992,14,289,-3.30001213071177,-6.492857142857143,-10.0,3,1,1,0,1,"151,34","201,16",111.86,0.03969719252017871,1.7999992370605469,1
2024-08-12,81.45,83.06,35.16999816894531,20.71,103.13999938964844,0.03969719252017871,0.03969719252017871,0.015392085061721414,0.02569447160603746,0.023181613464772936,1.7999992370605469,-1.6099999999999994,6,276,-5.505868756295376,-7.6000000000000005,-10.0,4,0,1,0,1,"118,31","170,36",98.38,0.02034052516013659,-1.9099998474121094,0
2024-08-13,79.81,82.51,33.2599983215332,18.12,102.55999755859376,-0.02034052516013659,0.02034052516013659,0.022674853087247253,0.026267114402010447,0.023356804981730615,-1.9099998474121094,-2.700000000000003,2,85,-3.659433827251326,-7.0,-7.0,1,0,0,0,0,"151,60","181,37",126.06,0.01693242374853566,-1.7499980926513636,0
2024-08-14,78.47,82.15,31.51000022888184,16.19,102.56999969482422,-0.01693242374853566,0.01693242374853566,0.02445408433413967,0.023613450379802017,0.02261026705368585,-1.7499980926513636,-3.680000000000007,3,82,-2.6013384173958074,-4.3,-9.2,2,1,0,0,1,"175,77","188,71",191.13,0.015051191614116199,-0.37000083923339844,0
2024-08-15,79.66,83.09,31.13999938964844,15.23,102.9800033569336,0.015051191614116199,0.015051191614116199,0.024689579786335746,0.02302828484735665,0.022979586443540957,-0.37000083923339844,-3.430000000000007,5,123,-1.2951190017915384,-4.0,-10.0,2,2,2,0,1,"139,61","101,22",168.86,0.02041793079205712,-0.13999938964844105,0
2024-08-16,78.05,81.56,31.0,14.8,102.45999908447266,-0.02041793079205712,0.02041793079205712,0.027009302298359794,0.020526631036595452,0.022262275995594466,-0.13999938964844105,-3.510000000000005,6,130,-3.464765483228555,-5.783333333333334,-10.0,2,1,1,0,1,"118,94","166,01",118.69,0.028987536873252298,1.029998779296875,1
2024-08-19,75.82,81.09,32.029998779296875,14.65,101.88999938964844,-0.028987536873252298,0.028987536873252298,0.017015137580344664,0.02287466320934293,0.02305896038352819,1.029998779296875,-5.27000000000001,6,114,-3.5993415684603245,-6.583333333333333,-7.0,0,0,0,0,0,"136,53","186,25",83.65,0.007280461041748144,0.020000457763671875,0
2024-08-20,75.27,78.85,32.04999923706055,15.88,101.44000244140624,-0.007280461041748144,0.007280461041748144,0.016862659798994036,0.023054272398141652,0.02163682158960065,0.020000457763671875,-3.5799999999999983,1,12,-2.7495932794503,7.0,7.0,0,1,0,0,0,"151,47","183,83",98.57,0.033915295396518996,0.6500015258789062,1
2024-08-21,72.76,78.77,32.70000076293945,16.27,101.04000091552734,-0.033915295396518996,0.033915295396518996,0.01965577811862324,0.023357383677229487,0.02266083368221867,0.6500015258789062,-6.009999999999991,5,115,-5.315757563316874,-3.1,-7.5,0,2,0,0,1,"140,69","114,75",148.89,0.013107779151701016,-0.970001220703125,0
2024-08-22,73.72,78.8,31.729999542236328,17.55,101.51000213623048,0.013107779151701016,0.013107779151701016,0.018915526947516876,0.023414301098701625,0.022825115318832797,-0.970001220703125,-5.079999999999998,6,208,-3.6529772281216335,-8.1,-9.2,4,0,0,0,1,"184,37","159,30",183.97,0.02808797728656614,-1.1899986267089844,1
2024-08-23,75.82,80.34,30.540000915527344,15.86,100.72000122070312,0.02808797728656614,0.02808797728656614,0.026628098656947926,0.025434155977478935,0.023826415693710506,-1.1899986267089844,-4.52000000000001,8,218,-3.2950293290256654,-3.95,-9.2,6,2,0,0,1,"143,76","203,04",99.62,0.03346181726817358,0.4499988555908203,1
2024-08-26,78.4,,30.989999771118164,16.15,100.8499984741211,0.03346181726817358,0.03346181726817358,0.027657527406951023,0.024317770356989957,0.024790400434239388,0.4499988555908203,,4,109,-2.7376387858680804,0.2250000000000001,-5.0,2,2,0,0,0,"176,03","191,44",172.99,0.024533186523872052,0.26000022888183594,0
2024-08-27,76.5,81.51,31.25,15.43,100.5500030517578,-0.024533186523872052,0.024533186523872052,0.030740930080154067,0.02466793939612827,0.02521759588891623,0.26000022888183594,-5.010000000000005,2,37,-1.0245068583895245,3.5,3.5,0,2,0,0,0,"174,35","141,62",171.82,0.013290543680956696,0.8699989318847656,0
2024-08-28,75.49,80.04,32.119998931884766,17.11,101.08999633789062,-0.013290543680956696,0.013290543680956696,0.025434282691671424,0.024485875647971046,0.02345434625383966,0.8699989318847656,-4.550000000000011,2,43,-3.4131425074192103,-0.75,-5.0,1,1,0,0,0,"156,19","220,59",119.06,0.01850567936006501,-0.3099994659423828,0
2024-08-29,76.9,81.55,31.809999465942383,15.65,101.33999633789062,0.01850567936006501,0.01850567936006501,0.02585004646277461,0.024804794176688207,0.023494881164625104,-0.3099994659423828,-4.6499999999999915,3,118,-4.43373472277792,-1.0,-10.0,1,2,1,0,1,"132,50","176,13",94.44,0.03143833077821075,1.5500011444091797,1
2024-08-30,74.52,80.2,33.36000061035156,15.0,101.6999969482422,-0.03143833077821075,0.03143833077821075,0.028147901461265782,0.02586097991539607,0.02315097089247274,1.5500011444091797,-5.680000000000007,10,225,-2.75214030878627,1.52,-7.2,1,8,0,0,1,"166,55","258,29",102.59,0.04445176257083381,2.0,1
2024-09-03,71.28,76.46,35.36000061035156,20.72,101.83000183105467,-0.04445176257083381,0.04445176257083381,0.023834773202908444,0.027864228046934086,0.025147732892498623,2.0,-5.179999999999993,1,30,-3.71206206859857,-10.0,-10.0,1,0,1,0,1,"171,23","144,44",208.09,0.016550345943677613,2.5900001525878906,1
2024-09-04,70.11,74.67,37.95000076293945,21.32,101.36000061035156,-0.016550345943677613,0.016550345943677613,0.023641540719911914,0.02805862183672272,0.025328089811932727,2.5900001525878906,-4.560000000000002,0,0,0.0,0.0,0.0,0,0,0,0,0,"180,32","226,37",177.71,0.00028530670664283223,-1.3400001525878906,0
2024-09-05,70.09,74.47,36.61000061035156,19.9,101.11000061035156,-0.00028530670664283223,0.00028530670664283223,0.024895078322509083,0.026457445368098544,0.0243023249820778,-1.3400001525878906,-4.3799999999999955,5,96,-4.977691520294762,-4.9399999999999995,-9.2,2,1,0,0,1,"141,97","165,12",127.89,0.021779183477459205,0.970001220703125,0
2024-09-06,68.58,72.82,37.58000183105469,22.38,101.18000030517578,-0.021779183477459205,0.021779183477459205,0.016510453102449012,0.02628881960764459,0.024251884031080938,0.970001220703125,-4.239999999999995,3,88,-6.103202534259515,-3.5,-9.0,1,1,0,0,1,"100,38","100,07",102.02,0.01548175319104057,-0.5800018310546875,0
2024-09-09,69.65,72.37,37.0,19.45,101.5500030517578,0.01548175319104057,0.01548175319104057,0.022640835854616605,0.024658914226159005,0.02453226328775054,-0.5800018310546875,-2.719999999999999,6,100,-5.443230143020048,-0.9166666666666666,-9.0,2,3,0,0,1,"146,76","97,54",185.96,0.04282807331029954,3.229999542236328,1
2024-09-10,66.73,70.34,40.22999954223633,19.08,101.62999725341795,-0.04282807331029954,0.04282807331029954,0.022091185472766235,0.021883545790541793,0.0233831807132377,3.229999542236328,-3.6099999999999994,0,0,0.0,0.0,0.0,0,0,0,0,0,"97,61","85,14",131.89,0.022522807149553823,-2.470001220703125,0
2024-09-11,68.25,70.31,37.7599983215332,17.69,101.68000030517578,0.022522807149553823,0.022522807149553823,0.026976965532554974,0.02474486579856558,0.02432756857636383,-2.470001220703125,-2.0600000000000023,4,69,-3.9893599276959693,-6.05,-9.2,3,0,0,0,1,"212,91","249,71",197.87,0.023745143423968544,-1.6899986267089844,0
2024-09-12,69.89,73.81,36.06999969482422,17.07,101.37000274658205,0.023745143423968544,0.023745143423968544,0.03007381308776113,0.027092552212014356,0.02521033663593692,-1.6899986267089844,-3.9200000000000017,2,44,-1.704015000792342,-1.75,-7.0,0,1,0,0,0,"103,11","64,25",117.9,0.0043016986322788895,-0.8499984741210938,0
2024-09-13,69.59,73.68,35.220001220703125,16.56,101.11000061035156,-0.0043016986322788895,0.0043016986322788895,0.02793203068740558,0.025557118122234962,0.024735235287380548,-0.8499984741210938,-4.090000000000003,5,170,-5.843436717504237,-7.44,-9.5,2,0,1,0,1,"185,64","219,77",125.42,0.02146645795243647,-0.5100021362304688,0
2024-09-16,71.1,73.96,34.709999084472656,17.14,100.76000213623048,0.02146645795243647,0.02146645795243647,0.028721750294826025,0.02609368597088195,0.02528475818739064,-0.5100021362304688,-2.8599999999999994,1,30,-6.0802846910558,-5.8,-5.8,0,0,0,0,0,"88,97","81,88",79.68,0.014798538945173006,0.5800018310546875,0
2024-09-17,72.16,74.55,35.290000915527344,17.61,100.88999938964844,0.014798538945173006,0.014798538945173006,0.011676827503672535,0.022550240385552756,0.024961315789362327,0.5800018310546875,-2.3900000000000006,15,406,-0.5586073222501429,-2.2333333333333334,-10.0,5,8,5,0,1,"100,79","80,38",111.74,0.004026944274016865,0.8999977111816335,0
2024-09-18,71.87,74.52,36.18999862670898,18.23,100.5999984741211,-0.004026944274016865,0.004026944274016865,0.013639674340433129,0.021788136893982648,0.024938933319555812,0.8999977111816335,-2.6499999999999915,4,98,-0.6785333813776668,-2.5,-10.0,1,2,1,0,1,"122,01","145,96",101.46,0.013680860100066479,-2.4699974060058523,0
2024-09-19,72.86,75.93,33.720001220703125,16.33,100.61000061035156,0.013680860100066479,0.013680860100066479,0.011782337359121969,0.022037421002861903,0.024018314111970664,-2.4699974060058523,-3.0700000000000074,3,34,0.4690388112400394,-5.666666666666667,-7.0,2,0,0,0,0,"93,75","137,08",62.37,0.0019233417111943392,-1.5,0
2024-09-20,72.72,75.96,32.220001220703125,16.15,100.72000122070312,-0.0019233417111943392,0.0019233417111943392,0.011177711916965654,0.02029463844321701,0.023823210611906787,-1.5,-3.239999999999995,0,0,0.0,0.0,0.0,0,0,0,0,0,"175,54","191,93",188.34,0.01929945357927665,2.1699981689453125,1
2024-09-23,71.33,74.95,34.38999938964844,15.89,100.91999816894533,-0.01929945357927665,0.01929945357927665,0.014110820138282897,0.021412368499498246,0.023158376537222955,2.1699981689453125,-3.6200000000000045,4,116,-2.308480557820853,-6.65,-7.2,4,0,0,0,1,"158,10","150,11",212.85,0.014060230234005265,-0.6300010681152344,0
2024-09-24,72.34,75.29,33.7599983215332,15.39,100.37000274658205,0.014060230234005265,0.014060230234005265,0.013928379962887058,0.014510706743330543,0.021921674259546754,-0.6300010681152344,-2.950000000000003,0,0,0.0,0.0,0.0,0,0,0,0,0,"161,12","154,20",171.49,0.026899912797045508,0.6400032043457031,0
2024-09-25,70.42,75.4,34.400001525878906,15.41,100.91999816894533,-0.026899912797045508,0.026899912797045508,0.01871862307400537,0.017207942353527614,0.022044267318115,0.6400032043457031,-4.980000000000004,6,296,-3.78114878673167,-2.5,-10.0,3,3,1,0,1,"175,30","132,58",231.22,0.030860415800666646,5.359996795654297,1
2024-09-26,68.28,73.06,39.7599983215332,15.37,100.55999755859376,-0.030860415800666646,0.030860415800666646,0.018753882090265742,0.018550848211342265,0.022766358224817065,5.359996795654297,-4.780000000000001,1,30,0.5444646098003599,-5.0,-5.0,0,0,0,0,0,"240,48","263,71",289.95,0.006423379749760132,-0.1399993896484375,0
2024-09-27,68.72,71.63,39.619998931884766,16.96,100.41999816894533,0.006423379749760132,0.006423379749760132,0.020292958815638824,0.018733360729251827,0.02226402420299638,-0.1399993896484375,-2.9099999999999966,7,264,-0.676985967979812,-4.242857142857143,-9.5,2,2,1,0,1,"134,85","116,90",136.51,0.0004364588706807721,0.24000167846679688,0
2024-09-30,68.75,72.35,39.86000061035156,16.73,100.77999877929688,0.0004364588706807721,0.0004364588706807721,0.020271100132190575,0.016998989593629204,0.021444606946306847,0.24000167846679688,-3.5999999999999943,5,122,-1.022438065503272,-8.120000000000001,-9.5,5,0,2,0,1,"160,49","179,20",160.15,0.02385856198436109,3.009998321533203,1
2024-10-01,70.41,75.3,42.869998931884766,19.26,101.19000244140624,0.02385856198436109,0.02385856198436109,0.023132221476119975,0.01826842817142133,0.020063094385341398,3.009998321533203,-4.890000000000001,3,88,-2.2841032560746437,-4.5,-10.0,1,1,1,0,1,"135,87","232,20",75.32,0.004675885246292696,3.6500015258789062,1
2024-10-02,70.74,74.86,46.52000045776367,18.9,101.68000030517578,0.004675885246292696,0.004675885246292696,0.019879633135553722,0.018392102190323997,0.019734442930856164,3.6500015258789062,-4.1200000000000045,4,152,-7.538031914342121,-3.55,-7.2,3,1,0,0,1,"178,71","216,34",191.06,0.04950345495986759,7.979999542236328,1
2024-10-03,74.33,77.57,54.5,20.49,101.98999786376952,0.04950345495986759,0.04950345495986759,0.020258405419456085,0.024251154807628544,0.022573320730610174,7.979999542236328,-3.239999999999995,2,93,0.15169291422844935,-0.6000000000000001,-7.2,1,1,0,0,1,"237,06","223,89",321.62,0.008039705639017358,-8.130001068115234,0
2024-10-04,74.93,79.32,46.369998931884766,19.21,102.5199966430664,0.008039705639017358,0.008039705639017358,0.020059770384202244,0.02427682000981045,0.021827369727183264,-8.130001068115234,-4.389999999999986,5,138,-6.555503606976698,-7.56,-10.0,3,0,2,0,1,"144,28","161,09",143.96,0.03707281577596431,1.9500007629394531,1
2024-10-07,77.76,81.74,48.31999969482422,22.64,102.54000091552734,0.03707281577596431,0.03707281577596431,0.019023091922972843,0.025057453943902384,0.02290995119230056,1.9500007629394531,-3.9799999999999898,3,93,-4.633975741178877,-7.533333333333334,-10.0,1,0,1,0,1,"80,63","107,18",67.05,0.04605471140324961,4.029998779296868,1
2024-10-08,74.26,78.19,52.34999847412109,21.42,102.5500030517578,-0.04605471140324961,0.04605471140324961,0.03696513256398857,0.030277523426190237,0.023276668982329586,4.029998779296868,-3.9299999999999926,7,138,-4.857913929964542,-4.957142857142857,-9.2,2,1,0,0,1,"98,59","91,73",120.24,0.0055364397715453395,-3.5499992370605398,0
2024-10-09,73.85,77.06,48.79999923706055,20.86,102.93000030517578,-0.0055364397715453395,0.0055364397715453395,0.03765330025497727,0.028674492531818,0.023031186719217712,-3.5499992370605398,-3.210000000000008,5,132,-2.7875650249999158,-1.3,-10.0,1,3,1,0,1,"137,03","142,55",128.81,0.03473171929087784,3.5600013732910156,1
2024-10-10,76.46,79.45,52.36000061035156,20.93,102.98999786376952,0.03473171929087784,0.03473171929087784,0.03404909710767511,0.02707979498488305,0.023651040198357818,3.5600013732910156,-2.990000000000009,2,28,-0.05377938891987709,-3.25,-10.0,1,1,1,0,1,"119,59","178,83",69.61,0.004588065988966459,0.31999969482421875,0
2024-10-11,76.11,80.27,52.68000030517578,20.46,102.88999938964844,-0.004588065988966459,0.004588065988966459,0.03429502456568673,0.02752109062340308,0.023656730272732344,0.31999969482421875,-4.159999999999997,2,30,-2.93831811599598,7.0,7.0,0,2,0,0,0,"157,45","217,34",151.07,0.06640598442966858,-4.040000915527344,1
2024-10-15,71.22,73.68,48.63999938964844,20.64,103.26000213623048,-0.06640598442966858,0.06640598442966858,0.039513096498934766,0.03673465834848819,0.028081666059520533,-4.040000915527344,-2.460000000000008,5,142,-2.04767283745133,-4.04,-10.0,3,2,2,0,1,"125,71","112,79",125.44,0.0035164253127401048,-0.7999992370605469,0
2024-10-16,70.97,73.65,47.84000015258789,19.58,103.58999633789062,-0.0035164253127401048,0.0035164253127401048,0.036295390386624084,0.0360653142904912,0.027874440781511835,-0.7999992370605469,-2.680000000000007,4,84,-3.200850200782427,-3.425,-7.2,1,1,0,0,1,"117,64","123,45",102.97,0.00407790764079858,-0.9599990844726562,0
2024-10-17,71.26,74.37,46.880001068115234,19.11,103.83000183105467,0.00407790764079858,0.00407790764079858,0.03678036806231045,0.036058654615675756,0.027884451808870753,-0.9599990844726562,-3.1099999999999994,7,236,-3.3229694058320094,-2.6,-10.0,4,3,4,0,1,"104,24","57,73",134.84,0.02098772441906198,0.3400001525878906,0
2024-10-18,69.78,72.75,47.220001220703125,18.03,103.48999786376952,-0.02098772441906198,0.02098772441906198,0.028411046685578475,0.03214254049867018,0.02803849121057616,0.3400001525878906,-2.969999999999999,2,57,-2.351766698967155,-1.85,-7.2,1,1,0,0,1,"124,89","130,43",118.69,0.01958342703900621,-0.40000152587890625,0
2024-10-21,71.16,73.29,46.81999969482422,18.37,104.01000213623048,0.01958342703900621,0.01958342703900621,0.03300857589444734,0.03291347428129986,0.028457317914581316,-0.40000152587890625,-2.1300000000000097,5,192,-0.3421881099678281,4.2,3.5,0,5,0,0,0,"119,06","111,71",139.76,0.02333439206177284,0.8699989318847585,0
2024-10-22,72.84,75.59,47.68999862670898,18.2,104.08000183105467,0.02333439206177284,0.02333439206177284,0.01800214858152233,0.031196602032567036,0.028617400500625362,0.8699989318847585,-2.75,9,484,-1.6713158937451558,0.19999999999999998,-9.0,2,6,0,0,1,"214,15","173,46",222.59,0.020387641876431137,0.09000015258790484,0
2024-10-23,71.37,74.68,47.77999877929688,19.24,104.43000030517578,-0.020387641876431137,0.020387641876431137,0.02118051360021108,0.02852546848763562,0.02882885249050433,0.09000015258790484,-3.3100000000000023,1,12,0.398971212935733,-7.2,-7.2,1,0,0,0,1,"215,39","207,32",209.98,0.011130794735852031,-1.1199989318847727,0
2024-10-24,70.58,74.27,46.65999984741211,19.08,104.05999755859376,-0.011130794735852031,0.011130794735852031,0.0217350656561752,0.028614333077066987,0.028284360297352294,-1.1199989318847727,-3.6899999999999977,2,60,-1.89194552366629,-1.85,-7.2,1,1,0,0,1,"136,47","160,79",123.8,0.02019703997360524,2.3100013732910156,1
2024-10-25,72.02,75.62,48.970001220703125,20.33,104.26000213623048,0.02019703997360524,0.02019703997360524,0.02046832089738115,0.026703870199647945,0.027638379274317625,2.3100013732910156,-3.6000000000000085,5,102,-3.249424621267718,-3.56,-8.0,3,1,1,0,1,"170,03","233,80",136.51,0.06259650360393194,-6.010002136230469,1
2024-10-28,67.65,71.87,42.959999084472656,19.8,104.31999969482422,-0.06259650360393194,0.06259650360393194,0.03499481680471488,0.03211885278239448,0.031221329979714704,-6.010002136230469,-4.219999999999999,4,106,-6.322015526828347,-10.0,-10.0,4,0,4,0,1,"145,17","171,04",131.69,0.0025160969390295405,-0.48999786376953125,0
2024-10-29,67.48,71.09,42.470001220703125,19.34,104.27999877929688,-0.0025160969390295405,0.0025160969390295405,0.030428986093196882,0.025773865134526067,0.03122223264328579,-0.48999786376953125,-3.6099999999999994,5,142,-0.3745235364741939,-7.6,-10.0,5,0,3,0,1,"160,80","102,60",213.94,0.02097004769134895,-1.3400001525878906,0
2024-10-30,68.91,73.21,41.130001068115234,20.35,103.98999786376952,0.02097004769134895,0.02097004769134895,0.03409597282452823,0.027101086398881435,0.03110799303669588,-1.3400001525878906,-4.299999999999997,1,25,-2.19007123626019,-7.2,-7.2,1,0,0,0,1,"133,96","157,83",151.9,0.009675864354679374,7.659999847412109,1
2024-10-31,69.58,73.25,48.790000915527344,23.16,103.9800033569336,0.009675864354679374,0.009675864354679374,0.03473188055782075,0.027319219705355304,0.031176672111375103,7.659999847412109,-3.6700000000000017,3,34,-5.046801084106298,-1.5999999999999999,-7.2,2,1,0,0,1,"133,90","174,11",77.46,0.0033000962585141595,-4.650001525878906,0
2024-11-01,69.81,73.63,44.13999938964844,21.88,104.27999877929688,0.0033000962585141595,0.0033000962585141595,0.03269035637384383,0.026550509185864168,0.028878038606345757,-4.650001525878906,-3.819999999999993,5,126,-7.017956529768849,-7.74,-10.0,2,0,1,0,1,"131,07","130,67",128.81,0.028524950104400027,1.6100006103515625,1
2024-11-04,71.83,74.89,45.75,21.98,103.88999938964844,0.028524950104400027,0.028524950104400027,0.012701794420405478,0.027418088626305726,0.02964833700199943,1.6100006103515625,-3.0600000000000023,1,12,-2.14285714285715,-7.2,-7.2,1,0,0,0,1,"114,69","107,61",134.64,0.005968509632784008,-0.1399993896484375,0
2024-11-05,72.26,76.98,45.61000061035156,20.49,103.41999816894533,0.005968509632784008,0.005968509632784008,0.010685967609807338,0.0263718799866105,0.028268344843837594,-0.1399993896484375,-4.719999999999999,4,141,-2.31870654468635,-3.075,-5.8,2,1,0,0,0,"57,44","38,18",63.69,0.0038824230686095446,-0.8699989318847656,0
2024-11-06,71.98,76.52,44.7400016784668,16.27,105.08999633789062,-0.0038824230686095446,0.0038824230686095446,0.012133804169512954,0.025512197125667588,0.026454886749531274,-0.8699989318847656,-4.539999999999992,6,120,1.1522840744392482,-1.3,-8.0,2,3,1,0,1,"120,14","114,07",123.69,0.009815520845659346,-2.19000244140625,0
2024-11-07,72.69,75.73,42.54999923706055,15.2,104.51000213623048,0.009815520845659346,0.009815520845659346,0.012136722470807278,0.025277946790886716,0.026555940512282487,-2.19000244140625,-3.0400000000000063,3,43,-0.17849773170007577,3.5,3.5,0,3,0,0,0,"98,80","115,87",115.98,0.027899703313681343,-3.7900009155273438,0
2024-11-08,70.69,74.04,38.7599983215332,14.94,105.0,-0.027899703313681343,0.027899703313681343,0.020662300052326898,0.026190057272383497,0.025829347536029574,-3.7900009155273438,-3.3500000000000085,2,55,-6.57081162300969,-3.25,-10.0,1,1,1,0,1,"108,89","68,56",152.5,0.03249279521845619,-4.439998626708984,1
2024-11-12,68.43,72.56,34.31999969482422,14.71,106.0199966430664,-0.03249279521845619,0.03249279521845619,0.019435422862166714,0.019242121328097297,0.026609056442778636,-4.439998626708984,-4.1299999999999955,10,266,-0.5850879557292523,-7.06,-7.2,9,0,0,0,1,"106,86","93,21",155.5,0.004810855550242166,2.799999237060547,1
2024-11-13,68.76,72.86,37.119998931884766,14.02,106.4800033569336,0.004810855550242166,0.004810855550242166,0.019207690955637374,0.019226657043665465,0.022443045042353085,2.799999237060547,-4.099999999999994,1,22,-11.5872563776897,7.4,7.4,0,1,0,0,0,"116,55","97,85",122.42,0.00333938604336873,-6.219999313354485,0
2024-11-14,68.99,73.39,30.89999961853028,14.31,106.66999816894533,0.00333938604336873,0.00333938604336873,0.02003003918334177,0.018054125186182955,0.022467111041943155,-6.219999313354485,-4.400000000000006,3,98,-2.732047355200513,-4.666666666666667,-10.0,1,1,1,0,1,"58,63","35,07",68.25,0.024355664000827712,4.170000076293938,1
2024-11-15,67.33,73.45,35.06999969482422,16.14,106.69000244140624,-0.024355664000827712,0.024355664000827712,0.01794589846487851,0.019221577990908387,0.022994669164584883,4.170000076293938,-6.1200000000000045,1,16,-0.805068597560975,3.8,3.8,0,1,0,0,0,"97,59","118,91",108.2,0.031145144758738353,1.8199996948242188,1
2024-11-18,69.46,74.35,36.88999938964844,15.58,106.27999877929688,0.031145144758738353,0.031145144758738353,0.025454242813969987,0.022085381499932583,0.023770537878588308,1.8199996948242188,-4.890000000000001,5,121,-3.751525983602861,-3.8,-10.0,3,2,3,0,1,"253,14","346,10",192.45,0.004166373385547123,0.3899993896484446,0
2024-11-19,69.75,74.32,37.27999877929688,16.35,106.20999908447266,0.004166373385547123,0.004166373385547123,0.019633290157033106,0.019747692523804122,0.023340284182204605,0.3899993896484446,-4.569999999999993,2,45,-1.675953581315267,-6.85,-7.2,1,0,0,0,1,"197,48","152,42",233.07,0.007194275634027085,-0.5399971008300852,0
2024-11-20,69.25,74.33,36.7400016784668,17.16,106.68000030517578,-0.007194275634027085,0.007194275634027085,0.02020768071601029,0.01952546398038293,0.022653190605457837,-0.5399971008300852,-5.079999999999998,7,197,3.9449893179695867,2.1142857142857143,-7.0,0,5,0,0,0,"195,19","160,25",267.33,0.01632806255259241,0.1699981689453125,0
2024-11-21,70.39,75.09,36.90999984741211,16.87,106.97000122070312,0.01632806255259241,0.01632806255259241,0.021320304706848228,0.020585488932129185,0.022617285310860824,0.1699981689453125,-4.700000000000003,1,18,-6.59497818242213,-10.0,-10.0,1,0,1,0,1,"193,79","217,34",241.71,0.018160561046634986,-1.1699981689453125,0
2024-11-22,71.68,76.1,35.7400016784668,15.24,107.48999786376952,0.018160561046634986,0.018160561046634986,0.014591513125059808,0.02128546593553605,0.022852849560417797,-1.1699981689453125,-4.4199999999999875,5,168,-5.098479856052243,-3.2399999999999998,-9.2,3,2,0,0,1,"102,10","67,86",122.63,0.03218081931518283,1.6999969482421804,1
2024-11-25,69.41,74.27,37.43999862670898,14.6,106.81999969482422,-0.03218081931518283,0.03218081931518283,0.020621768212964586,0.021911534532837965,0.023501754389391352,1.6999969482421804,-4.859999999999999,1,30,-4.51127819548872,-9.0,-9.0,1,0,0,0,1,"123,71","164,43",91.44,0.005200069496191162,1.3000030517578196,0
2024-11-26,69.05,74.56,38.7400016784668,14.1,107.01000213623048,-0.005200069496191162,0.005200069496191162,0.020557646992431674,0.019199400257099167,0.01870854658239045,1.3000030517578196,-5.510000000000005,1,32,-3.66758532965868,-7.0,-7.0,1,0,0,0,0,"169,26","192,84",130.69,0.0002896871399169196,-1.7400016784667969,0
2024-11-27,69.03,73.91,37.0,14.1,106.08000183105467,-0.0002896871399169196,0.0002896871399169196,0.020353847383827478,0.019151709210014155,0.01869298974560365,-1.7400016784667969,-4.8799999999999955,7,125,-2.992202739435566,-6.671428571428572,-10.0,3,1,3,0,1,"199,63","236,33",176.37,0.01121724923682313,-2.049999237060547,0
2024-11-29,68.26,74.16,34.95000076293945,13.51,105.73999786376952,-0.01121724923682313,0.01121724923682313,0.018231356771002523,0.01945361102001868,0.018276400177147618,-2.049999237060547,-5.8999999999999915,5,148,-4.532709601747627,-5.84,-7.2,1,0,0,0,1,"226,97","293,54",234.64,0.001317619691397364,-0.24000167846679688,0
2024-12-02,68.35,72.81,34.709999084472656,13.34,106.4499969482422,0.001317619691397364,0.001317619691397364,0.013580387375669693,0.017648523330313214,0.018127049593405192,-0.24000167846679688,-4.460000000000008,6,218,-6.687258986436777,-5.25,-9.0,4,1,0,0,1,"197,00","320,05",121.34,0.02599424337851152,-0.15999984741210938,0
2024-12-03,70.15,74.8,34.54999923706055,13.3,106.37000274658205,0.02599424337851152,0.02599424337851152,0.01421175159053372,0.016739010627014425,0.01908808368702565,-0.15999984741210938,-4.6499999999999915,3,76,2.4251242530756785,3.5,3.5,0,3,0,0,0,"164,99","189,79",168.86,0.01928672333408147,-0.7299995422363281,0
2024-12-04,68.81,74.68,33.81999969482422,13.45,106.33999633789062,-0.01928672333408147,0.01928672333408147,0.01712381765953682,0.01785039740924403,0.018338886561744573,-0.7299995422363281,-5.8700000000000045,5,120,-3.60938098179391,5.0600000000000005,3.5,0,5,0,0,0,"136,60","95,33",147.66,0.0033481361796142404,-4.369998931884766,0
2024-12-05,68.58,73.78,29.450000762939453,13.54,105.70999908447266,-0.0033481361796142404,0.0033481361796142404,0.017160246509328295,0.01775180888356669,0.01823993514502071,-4.369998931884766,-5.200000000000003,3,100,-0.5217013936624127,3.5,3.5,0,3,0,0,0,"127,66","107,18",167.62,0.0,1.529998779296875,1
2024-12-06,68.58,73.78,30.979999542236328,12.77,105.97000122070312,0.0,0.0,0.016249997314324603,0.01670370998986404,0.01824637803701627,1.529998779296875,-5.200000000000003,1,66,-2.02147171412155,-7.0,-7.0,0,0,0,0,0,"150,85","156,40",150.52,0.0010201851792058312,-3.279998779296875,0
2024-12-09,68.65,73.73,27.700000762939453,14.19,106.1500015258789,0.0010201851792058312,0.0010201851792058312,0.01624879268177821,0.015142576644965202,0.018040810528986376,-3.279998779296875,-5.079999999999998,8,174,0.23199362884138913,-5.0,-7.2,5,1,0,0,1,"170,97","298,28",71.08,0.00290909296068373,0.9099998474121058,0
2024-12-10,68.85,73.64,28.61000061035156,14.18,106.4000015258789,0.00290909296068373,0.00290909296068373,0.008982087140388091,0.01162620254996465,0.01707988862806667,0.9099998474121058,-4.790000000000006,2,32,-2.21151401326498,3.5,3.5,0,2,0,0,0,"194,50","254,49",202.17,0.02467489983807496,3.379999160766605,1
2024-12-11,70.57,74.38,31.989999771118164,13.58,106.70999908447266,0.02467489983807496,0.02467489983807496,0.011202575240610316,0.01397409360547158,0.01635649632269265,3.379999160766605,-3.8100000000000023,4,98,0.7675253689061796,0.825,-7.2,1,3,0,0,1,"153,94","181,89",142.23,0.004544816798883591,1.6499996185302734,1
2024-12-12,70.25,73.52,33.63999938964844,13.92,106.95999908447266,-0.004544816798883591,0.004544816798883591,0.011437209770516843,0.014121570987438804,0.016391764196259116,1.6499996185302734,-3.269999999999996,5,92,-1.6017399609129581,-0.78,-7.2,2,3,0,0,1,"233,83","323,76",140.43,0.01819642561701662,1.279998779296875,0
2024-12-13,71.54,74.89,34.91999816894531,13.81,107.0,0.01819642561701662,0.01819642561701662,0.01237951173403544,0.014183227139961039,0.01683070478796449,1.279998779296875,-3.3499999999999943,2,24,-2.5820923309337553,-0.6000000000000001,-5.0,0,1,0,0,0,"191,36","249,98",131.69,0.007154410821153119,-1.5099983215332031,0
2024-12-16,71.03,74.3,33.40999984741211,14.69,106.86000061035156,-0.007154410821153119,0.007154410821153119,0.01403530236431326,0.014652533105843078,0.015832911563734575,-1.5099983215332031,-3.269999999999996,0,0,0.0,0.0,0.0,0,0,0,0,0,"194,04","179,63",207.45,0.010188286798648586,-2.700000762939453,0
2024-12-17,70.31,73.16,30.709999084472656,15.87,106.95999908447266,-0.010188286798648586,0.010188286798648586,0.01602762196925353,0.012943359552451322,0.014568203053736463,-2.700000762939453,-2.8499999999999943,2,28,-6.332203830712567,-1.5,-10.0,1,1,1,0,1,"133,30","93,02",166.27,0.006944964488604021,1.8899993896484375,1
2024-12-18,70.8,74.57,32.599998474121094,27.62,108.02999877929688,0.006944964488604021,0.006944964488604021,0.011756562395224735,0.011071822779052113,0.014617088958771665,1.8899993896484375,-3.769999999999996,9,356,-2.8890234908029875,-3.888888888888889,-10.0,6,3,4,0,1,"182,29","187,99",229.98,0.009936206659129719,-2.0999984741210938,0
2024-12-19,70.1,73.75,30.5,24.09,108.41000366210938,-0.009936206659129719,0.009936206659129719,0.012571233317357468,0.011661952979381135,0.014708068091513966,-2.0999984741210938,-3.6500000000000057,0,0,0.0,0.0,0.0,0,0,0,0,0,"152,59","202,83",137.46,0.005579014542237089,-1.2299995422363281,0
2024-12-20,69.71,73.19,29.270000457763672,18.36,107.62000274658205,-0.005579014542237089,0.005579014542237089,0.007049409184898679,0.011909303782353858,0.014285560823810772,-1.2299995422363281,-3.480000000000004,3,94,0.023614201827579236,3.5,3.5,0,3,0,0,0,"128,64","153,90",106.97,0.003017026927560802,0.8899993896484375,0
2024-12-23,69.5,72.12,30.15999984741211,16.78,108.04000091552734,-0.003017026927560802,0.003017026927560802,0.0070027616618037955,0.012000515317462516,0.01359911313670444,0.8899993896484375,-2.6200000000000045,1,24,-9.45945945945942,-10.0,-10.0,1,0,1,0,1,"146,57","102,29",158.44,0.01952046025141831,0.1900005340576172,0
2024-12-24,70.87,73.5,30.350000381469727,14.27,108.26000213623048,0.01952046025141831,0.01952046025141831,0.011786113645555133,0.013334251923820038,0.012322963780429743,0.1900005340576172,-2.6299999999999955,3,66,-3.156531436863154,-7.666666666666667,-10.0,1,0,1,0,1,"143,37","135,40",150.59,0.0069380809287256425,-0.3400001525878871,0
2024-12-26,70.38,,30.01000022888184,14.73,108.12999725341795,-0.0069380809287256425,0.0069380809287256425,0.011843365285631681,0.0111674086014032,0.012375307313042665,-0.3400001525878871,,2,88,-3.3033235635525915,1.2000000000000002,-5.0,0,1,0,0,0,"132,86","158,94",88.38,0.012706651269114883,0.19999885559081676,0
2024-12-27,71.28,73.77,30.209999084472656,15.95,108.0,0.012706651269114883,0.012706651269114883,0.011991048739104946,0.011750855351218953,0.012644848079278053,0.19999885559081676,-2.489999999999995,6,158,-5.263579119334379,-1.6833333333333333,-9.0,1,3,0,0,1,"168,56","219,18",121.88,0.006293286975789142,0.5600013732910156,0
2024-12-30,71.73,74.24,30.770000457763672,17.4,108.12999725341795,0.006293286975789142,0.006293286975789142,0.01091051177130417,0.010390816807808323,0.012312242484307612,0.5600013732910156,-2.509999999999991,5,104,-2.727818849599097,-6.2,-10.0,3,1,3,0,1,"108,20","82,97",110.73,0.009849562876869517,-0.75,0
2024-12-31,72.44,74.58,30.020000457763672,17.35,108.48999786376952,0.009849562876869517,0.009849562876869517,0.009797238491889971,0.010432941401339437,0.012417236112913602,-0.75,-2.1400000000000006,4,104,-10.621648242316882,-8.899999999999999,-9.2,4,0,1,0,1,"63,40","79,00",52.72,0.018464588055062788,-0.4799995422363281,0
2025-01-02,73.79,76.14,29.540000915527344,17.93,109.38999938964844,0.018464588055062788,0.018464588055062788,0.009501472345200703,0.010656325919027355,0.011778063886074969,-0.4799995422363281,-2.3499999999999943,1,60,-2.84790472290472,-6.5,-6.5,0,0,0,0,0,"198,48","272,92",102.44,0.01145333546881293,0.4399986267089844,0
2025-01-03,74.64,76.72,29.979999542236328,16.13,108.9499969482422,0.01145333546881293,0.01145333546881293,0.004457471306917287,0.01084932263188776,0.010741411783892211,0.4399986267089844,-2.0799999999999983,0,0,0.0,0.0,0.0,0,0,0,0,0,"137,50","137,08",155.92,0.004431024369710488,-0.6700000762939453,0
2025-01-06,74.31,77.27,29.309999465942383,16.04,108.26000213623048,-0.004431024369710488,0.004431024369710488,0.00839294393702555,0.010105505817950469,0.010783400498468671,-0.6700000762939453,-2.9599999999999937,5,126,-5.3036249666351445,-0.21999999999999992,-5.8,0,3,0,0,0,"98,32","120,63",62.89,0.00910923914392006,1.7800006866455078,1
2025-01-07,74.99,77.84,31.09000015258789,17.82,108.54000091552734,0.00910923914392006,0.00910923914392006,0.008316578900444264,0.009297776022922496,0.010797381296040468,1.7800006866455078,-2.8500000000000085,5,84,0.3178088350349814,-1.6,-5.0,0,2,0,0,0,"117,64","61,73",164.76,0.01342482237583846,0.4699993133544922,0
2025-01-08,73.99,77.37,31.559999465942383,17.7,109.08999633789062,-0.01342482237583846,0.01342482237583846,0.012896831513955534,0.011006592106253722,0.011500364403212397,0.4699993133544922,-3.3800000000000097,1,110,-2.09801402386058,-5.8,-5.8,0,0,0,0,0,"70,21","50,90",84.92,0.04337583300803292,2.3500003814697266,1
2025-01-10,77.27,79.76,33.90999984741211,19.54,109.6500015258789,0.04337583300803292,0.04337583300803292,0.02162613794524647,0.01575904590633644,0.014511157050879192,2.3500003814697266,-2.490000000000009,0,0,0.0,0.0,0.0,0,0,0,0,0,"65,54","59,40",69.36,0.02933135544395099,0.06999969482421875,1
2025-01-13,79.57,82.69,33.97999954223633,19.19,109.95999908447266,0.02933135544395099,0.02933135544395099,0.023486369405179446,0.01594647742463872,0.014863536069964474,0.06999969482421875,-3.1200000000000045,3,105,-2.8510406513388027,-6.066666666666666,-7.0,0,0,0,0,0,"106,86","71,02",154.02,0.01736748983817798,-0.470001220703125,0
2025-01-14,78.2,82.39,33.5099983215332,18.71,109.2699966430664,-0.01736748983817798,0.01736748983817798,0.026390969232403014,0.018488808842653037,0.01560066767600405,-0.470001220703125,-4.189999999999998,4,108,-2.8858314190769363,-4.2,-7.5,1,1,0,0,1,"147,37","89,43",202.46,0.03184060585565884,-0.5799980163574219,1
2025-01-15,80.73,83.48,32.93000030517578,16.12,109.08999633789062,0.03184060585565884,0.03184060585565884,0.0280601889422766,0.019754226209104282,0.016465855492962377,-0.5799980163574219,-2.75,2,42,-2.627483323391903,-3.25,-10.0,1,1,1,0,1,"147,09","152,51",156.56,0.017241806434506218,0.20000076293945312,0
2025-01-16,79.35,82.39,33.130001068115234,16.6,108.95999908447266,-0.017241806434506218,0.017241806434506218,0.029052738139040704,0.021805664990296427,0.01703599871004489,0.20000076293945312,-3.0400000000000063,1,16,-8.48126232741614,-5.8,-5.8,0,0,0,0,0,"92,82","115,67",67.54,0.010005782926207518,0.3899993896484375,0
2025-01-17,78.56,83.02,33.52000045776367,15.97,109.3499984741211,-0.010005782926207518,0.010005782926207518,0.025091591264934137,0.022301688399567653,0.017027178124769917,0.3899993896484375,-4.459999999999994,1,10,-1.26921021481478,7.4,7.4,0,1,0,0,0,"88,34","66,05",101.0,0.0227882407037582,1.5799980163574219,1
2025-01-21,76.79,80.57,35.099998474121094,15.06,108.05999755859376,-0.0227882407037582,0.0227882407037582,0.022244168077953107,0.02398179603131725,0.018159128692808217,1.5799980163574219,-3.779999999999987,7,419,-3.438475600209185,-0.8571428571428571,-10.0,2,4,1,0,1,"50,10","37,46",62.48,0.008763380914503505,-0.4199981689453125,0
2025-01-22,76.12,80.0,34.68000030517578,15.1,108.16999816894533,-0.008763380914503505,0.008763380914503505,0.021575259232121693,0.024166162619053095,0.01811338536054457,-0.4199981689453125,-3.8799999999999955,7,195,-2.47468378903599,-2.7857142857142856,-10.0,4,3,3,0,1,"157,46","174,42",145.48,0.014423008870311421,-0.5,0
2025-01-23,75.03,78.62,34.18000030517578,15.02,108.0500030517578,-0.014423008870311421,0.014423008870311421,0.005683767004773326,0.024583106507891524,0.01846711293815786,-0.5,-3.5900000000000034,9,207,-1.0161995924053175,-3.566666666666667,-10.0,4,3,2,0,1,"126,48","120,09",130.21,0.0008000000426666934,-4.200000762939453,0
2025-01-24,74.97,78.71,29.979999542236328,14.85,107.44000244140624,-0.0008000000426666934,0.0008000000426666934,0.008063444764075901,0.024134095734591226,0.018431434496635007,-4.200000762939453,-3.739999999999995,6,172,-7.04700982371637,-2.2666666666666666,-10.0,2,2,1,0,1,"148,64","116,43",194.23,0.019666582128974354,6.0,1
2025-01-27,73.51,77.3,35.97999954223633,17.9,107.33999633789062,-0.019666582128974354,0.019666582128974354,0.008784239424251434,0.019764928623056496,0.018751096384603285,6.0,-3.789999999999992,5,200,-4.8193245365430135,-6.88,-10.0,5,0,1,0,1,"209,14","269,03",213.18,0.008668617197944798,-4.029998779296875,0
2025-01-28,74.15,78.01,31.950000762939453,16.41,107.87000274658205,0.008668617197944798,0.008668617197944798,0.011209353139013662,0.016606036034619916,0.018691706425227907,-4.029998779296875,-3.8599999999999994,10,246,-1.2540209959223247,0.8400000000000001,-7.0,0,7,0,0,0,"163,21","192,84",150.79,0.016452883203406998,1.0699996948242188,0
2025-01-29,72.94,77.02,33.02000045776367,16.56,108.0,-0.016452883203406998,0.016452883203406998,0.012011123098465503,0.01654533324731575,0.01899736758990305,1.0699996948242188,-4.079999999999998,8,221,-0.39165194872186126,-4.8875,-10.0,2,1,1,0,1,"105,26","86,42",113.27,0.0021911813751985575,-1.970001220703125,0
2025-01-30,73.1,77.42,31.049999237060547,15.84,107.8000030517578,0.0021911813751985575,0.0021911813751985575,0.012270256431583637,0.010295027073732794,0.018961037065256686,-1.970001220703125,-4.320000000000007,4,40,-4.6663519126863395,-0.75,-5.0,0,2,0,0,0,"120,68","72,18",140.48,0.003563111896325546,-1.0900001525878906,0
2025-01-31,72.84,77.11,29.959999084472656,16.43,108.37000274658205,-0.003563111896325546,0.003563111896325546,0.01208266600118208,0.010122597223863248,0.018866512142095834,-1.0900001525878906,-4.269999999999996,3,82,-4.915186665795307,-2.1666666666666665,-5.0,1,1,0,0,0,"109,84","69,16",134.6,0.009292223188024393,5.340000152587891,1
2025-02-03,73.52,76.49,35.29999923706055,18.62,108.98999786376952,0.009292223188024393,0.009292223188024393,0.010602842109074416,0.011554630489688642,0.018509185469429843,5.340000152587891,-2.969999999999999,8,250,-5.000773503716544,0.8875,-9.5,1,6,1,0,1,"146,05","145,60",143.52,0.00655024176071843,-1.6800003051757812,0
2025-02-04,73.04,76.58,33.619998931884766,17.21,107.95999908447266,-0.00655024176071843,0.00655024176071843,0.009642965321783359,0.010078318706766556,0.018350576749062555,-1.6800003051757812,-3.539999999999992,14,308,-2.4511581722548987,1.7857142857142858,-10.0,2,12,1,0,1,"141,46","152,78",127.43,0.022849432772343917,0.6300010681152344,0
2025-02-05,71.39,74.71,34.25,15.77,107.58000183105467,-0.022849432772343917,0.022849432772343917,0.012005956126566223,0.011540079049501948,0.018978823305364222,0.6300010681152344,-3.319999999999993,13,296,-5.154580098468915,-4.1692307692307695,-10.0,7,3,4,0,1,"135,57","117,52",156.84,0.005900550977477651,2.0,1
2025-02-06,70.97,74.54,36.25,15.5,107.69000244140624,-0.005900550977477651,0.005900550977477651,0.011445192941937295,0.011192455612777635,0.018812260394410807,2.0,-3.5700000000000074,6,117,-1.7926151305968954,-5.5,-10.0,3,1,1,0,1,"162,32","119,87",199.96,0.004919540458048141,-6.590000152587891,0
2025-02-07,71.32,74.68,29.65999984741211,16.54,108.04000091552734,0.004919540458048141,0.004919540458048141,0.01246416255021021,0.011601564208325348,0.018711584941547017,-6.590000152587891,-3.3600000000000136,3,74,-5.576905836234392,-7.133333333333333,-9.2,2,0,0,0,1,"124,44","141,78",108.41,0.01957716117150991,2.4300003051757812,1
2025-02-10,72.73,76.23,32.09000015258789,15.81,108.31999969482422,0.01957716117150991,0.01957716117150991,0.015683929985688357,0.012673643074202687,0.016284252469118726,2.4300003051757812,-3.5,1,56,-4.41988950276243,-6.5,-6.5,0,0,0,0,0,"121,01","105,56",138.35,0.012841706528272753,-2.329999923706051,0
2025-02-11,73.67,77.65,29.76000022888184,16.02,107.95999908447266,0.012841706528272753,0.012841706528272753,0.016692344184575242,0.013091631668504458,0.01491995915273239,-2.329999923706051,-3.980000000000004,11,188,-4.404761705739093,-5.9818181818181815,-10.0,8,1,2,0,1,"119,80","83,60",149.43,0.026826011957790104,2.0300006866455043,1
2025-02-12,71.72,75.38,31.790000915527344,15.89,107.94000244140624,-0.026826011957790104,0.026826011957790104,0.01818360621918798,0.01478445611553445,0.015509183395595894,2.0300006866455043,-3.6599999999999966,1,24,-3.71380099119078,-8.0,-8.0,1,0,1,0,1,"95,37","76,06",116.31,0.000836936860124371,-0.3200016021728551,0
2025-02-13,71.66,75.61,31.46999931335449,15.1,107.30999755859376,-0.000836936860124371,0.000836936860124371,0.01784649141002014,0.01472710329107712,0.013020197011009654,-0.3200016021728551,-3.950000000000003,1,24,-2.88825334405815,-5.0,-5.0,0,0,0,0,0,"167,42","178,83",188.94,0.008548857333698066,-3.0100002288818324,0
2025-02-14,71.05,75.19,28.459999084472656,14.77,106.56999969482422,-0.008548857333698066,0.008548857333698066,0.018294232234867376,0.014869994536264492,0.012766341866791644,-3.0100002288818324,-4.140000000000001,6,222,-3.5415000919077806,-1.5333333333333332,-8.0,2,3,1,0,1,"119,53","102,14",123.05,0.016194685919980606,-0.9899997711181676,0
2025-02-18,72.21,76.46,27.46999931335449,15.35,107.0500030517578,0.016194685919980606,0.016194685919980606,0.017394670942716826,0.015618924654801879,0.01359936908834834,-0.9899997711181676,-4.25,3,56,-3.319534122492391,0.0,-7.0,0,2,0,0,0,"217,61","180,79",251.32,0.005110861321834155,0.8900012969970703,0
2025-02-19,72.58,76.34,28.36000061035156,15.27,107.16999816894533,0.005110861321834155,0.005110861321834155,0.01610409720490419,0.01565994614388896,0.013012055307344702,0.8900012969970703,-3.760000000000005,4,140,0.014579225902600485,-5.75,-10.0,2,1,2,0,1,"166,24","171,87",174.08,0.004124851166778567,0.9399986267089879,0
2025-02-20,72.88,76.95,29.299999237060547,15.66,106.33999633789062,0.004124851166778567,0.004124851166778567,0.009051252852285746,0.013594711598997344,0.013021319832180977,0.9399986267089879,-4.070000000000007,7,236,-2.8992678478350746,-4.885714285714286,-10.0,3,2,2,0,1,"265,49","336,85",200.69,0.030085834622314848,6.490001678466797,1
2025-02-21,70.72,74.88,35.790000915527344,18.21,106.61000061035156,-0.030085834622314848,0.030085834622314848,0.017668990390384026,0.01691518127295384,0.01421318962008724,6.490001678466797,-4.159999999999997,3,40,-4.1671827903711955,-6.066666666666666,-7.0,0,0,0,0,0,"181,82","203,92",188.99,0.0047961722634930135,-4.490001678466797,0
2025-02-24,71.06,74.89,31.299999237060547,18.98,106.5999984741211,0.0047961722634930135,0.0047961722634930135,0.017561035736974998,0.01691095311192183,0.01431264544946865,-4.490001678466797,-3.8299999999999983,20,525,-1.4656960497830047,-1.29,-10.0,2,10,2,0,1,"144,02","182,74",108.87,0.027246532482113776,1.470001220703125,1
2025-02-25,69.15,73.11,32.77000045776367,19.43,106.30999755859376,-0.027246532482113776,0.027246532482113776,0.018294009892664956,0.017254576072973732,0.014875465581334424,1.470001220703125,-3.9599999999999937,8,238,-3.8402535635609754,-4.375,-10.0,2,2,2,0,1,"165,32","207,54",112.01,0.00405738855416041,0.5900001525878906,0
2025-02-26,68.87,73.49,33.36000061035156,19.1,106.41999816894533,-0.00405738855416041,0.00405738855416041,0.016981000208317342,0.016096511698086718,0.01461743524222152,0.5900001525878906,-4.61999999999999,8,168,0.9257864268230145,-2.1125,-7.2,1,3,0,0,1,"162,06","232,65",107.81,0.025092720943633507,-1.6400012969970739,0
2025-02-27,70.62,75.01,31.71999931335449,21.13,107.23999786376952,0.025092720943633507,0.025092720943633507,0.023011847083614704,0.017230264967439384,0.015625989057808345,-1.6400012969970739,-4.390000000000001,4,100,0.3580674284309559,-6.3,-7.0,0,0,0,0,0,"143,77","126,13",172.16,0.009246811742435095,-1.75,0
2025-02-28,69.97,74.76,29.96999931335449,19.63,107.61000061035156,-0.009246811742435095,0.009246811742435095,0.019197997354571783,0.017396269403997893,0.01568849407347473,-1.75,-4.790000000000006,3,60,-0.9594750863432182,0.0,-7.0,0,2,0,0,0,"122,69","88,95",139.12,0.01933682183726209,8.550001144409183,1
2025-03-03,68.63,72.85,38.52000045776367,22.78,106.75,-0.01933682183726209,0.01933682183726209,0.020035971991909953,0.01813949038376495,0.01615092619252794,8.550001144409183,-4.219999999999999,4,140,-0.9542600205253194,0.825,-7.2,1,3,0,0,1,"154,23","160,44",156.13,0.0023340637875716675,-1.0,0
2025-03-04,68.47,72.31,37.52000045776367,23.51,105.73999786376952,-0.0023340637875716675,0.0023340637875716675,0.016518466020292485,0.016805419520537993,0.015893265963546423,-1.0,-3.8400000000000034,5,114,-2.6771149748965843,1.6800000000000002,-5.6,0,4,0,0,0,"253,45","211,54",303.88,0.027991460986092676,-2.479999542236328,1
2025-03-05,66.58,70.92,35.040000915527344,21.93,105.73999786376952,-0.027991460986092676,0.027991460986092676,0.02030591234471139,0.017756152570943748,0.01680283895281267,-2.479999542236328,-4.340000000000003,14,307,-4.374213181277769,-0.2857142857142857,-7.0,0,8,0,0,0,"180,47","116,08",242.05,0.0006006006186547006,2.0999984741210938,1
2025-03-06,66.62,71.08,37.13999938964844,24.87,104.05999755859376,0.0006006006186547006,0.0006006006186547006,0.01192444011420828,0.01750814021974344,0.01627444854641928,2.0999984741210938,-4.459999999999994,9,116,-0.8792199505869578,2.5555555555555554,-5.0,0,8,0,0,0,"229,88","176,28",245.06,0.010006804434693078,-7.3899993896484375,0
2025-03-07,67.29,72.49,29.75,23.37,103.83999633789062,0.010006804434693078,0.010006804434693078,0.015478384805517224,0.016710578214923846,0.016535396415931117,-7.3899993896484375,-5.199999999999989,2,48,-4.512456637740073,-1.0499999999999998,-5.6,0,1,0,0,0,"179,53","138,56",221.52,0.01467092181945047,5.069999694824219,1
2025-03-10,66.31,71.08,34.81999969482422,27.86,103.91000366210938,-0.01467092181945047,0.01467092181945047,0.014732458293047104,0.016579634330484434,0.016642528739790025,5.069999694824219,-4.769999999999996,10,268,-0.8780192147015061,-0.5599999999999999,-7.0,2,6,0,0,0,"238,45","205,60",267.95,0.0031619389439505835,-2.9899997711181676,0
2025-03-11,66.52,71.51,31.82999992370605,26.92,103.44000244140624,0.0031619389439505835,0.0031619389439505835,0.015348379481529345,0.015165276351802821,0.015821702444375783,-2.9899997711181676,-4.990000000000009,5,87,-1.023878065029037,0.8,-10.0,1,4,1,0,1,"221,64","226,93",219.16,0.01684470029207016,-0.7399997711181605,0
2025-03-12,67.65,72.36,31.09000015258789,24.23,103.61000061035156,0.01684470029207016,0.01684470029207016,0.011817761612575247,0.01651786791014327,0.016075413786299845,-0.7399997711181605,-4.709999999999994,1,18,1.38924030786464,-5.6,-5.6,0,0,0,0,0,"218,23","234,29",214.03,0.012344917688186737,1.7099990844726562,1
2025-03-13,66.82,70.82,32.79999923706055,24.66,103.83000183105467,-0.012344917688186737,0.012344917688186737,0.013781452521650873,0.013761166662585035,0.01531371158194446,1.7099990844726562,-4.0,5,138,-3.2813169494902796,-2.44,-9.2,1,2,0,0,1,"254,81","214,51",282.51,0.009087585817880288,0.720001220703125,0
2025-03-14,67.43,71.94,33.52000045776367,21.77,103.72000122070312,0.009087585817880288,0.009087585817880288,0.013629884484810664,0.014416856063845655,0.015564598006373134,0.720001220703125,-4.509999999999991,13,320,-3.4074377236204727,-0.9461538461538462,-10.0,4,7,4,0,1,"223,68","212,37",265.71,0.00606196873715697,-2.6200008392333913,0
2025-03-17,67.84,71.93,30.89999961853028,20.51,103.37000274658205,0.00606196873715697,0.00606196873715697,0.010740107029523356,0.013567807238253553,0.0156352577227698,-2.6200008392333913,-4.090000000000003,2,70,-4.57924879764544,1.2000000000000002,-5.0,1,1,0,0,0,"155,96","136,82",186.75,0.005172552728332601,5.219999313354485,1
2025-03-18,67.49,71.93,36.119998931884766,21.7,103.23999786376952,-0.005172552728332601,0.005172552728332601,0.011622310934824019,0.013624722682093691,0.015022157629883577,5.219999313354485,-4.440000000000012,7,114,-0.7519706205314243,1.4857142857142858,-5.6,0,5,0,0,0,"201,12","271,27",206.59,0.0013344208370536276,-2.25,0
2025-03-19,67.4,71.94,33.869998931884766,19.9,103.43000030517578,-0.0013344208370536276,0.0013344208370536276,0.008624430343328389,0.00997082165180025,0.014899050378214465,-2.25,-4.539999999999992,9,314,-5.120427635995135,-3.0,-10.0,1,3,1,0,1,"275,09","251,39",314.53,0.016918388090061943,-4.149999618530277,0
2025-03-20,68.55,72.61,29.71999931335449,19.8,103.8499984741211,0.016918388090061943,0.016918388090061943,0.008709576470365717,0.011125801680151745,0.015514704444905054,-4.149999618530277,-4.060000000000002,6,119,-5.777224132625187,-6.616666666666667,-10.0,5,1,2,0,1,"246,20","223,13",251.26,0.00043773255240427605,-1.2899990081787074,0
2025-03-21,68.52,72.64,28.43000030517578,19.28,104.08999633789062,-0.00043773255240427605,0.00043773255240427605,0.008664272795314945,0.010867147339302446,0.014153474242437921,-1.2899990081787074,-4.1200000000000045,4,104,-2.0938244381320263,-1.65,-9.2,2,2,0,0,1,"158,82","135,71",160.36,0.013625373860008696,1.239999771118164,0
2025-03-24,69.46,73.96,29.670000076293945,17.48,104.26000213623048,0.013625373860008696,0.013625373860008696,0.009864420556236708,0.009722190124507894,0.01449636675796486,1.239999771118164,-4.5,12,272,-1.9505126320794257,0.875,-9.0,1,9,0,0,1,"141,51","192,37",96.27,0.0002878940569764286,-1.3999996185302734,0
2025-03-25,69.48,73.78,28.270000457763672,17.15,104.18000030517578,0.0002878940569764286,0.0002878940569764286,0.008732795967795238,0.009812831251283221,0.013129428773267695,-1.3999996185302734,-4.299999999999997,4,60,-1.3090438030943405,-6.25,-10.0,1,0,1,0,1,"139,72","81,25",174.27,0.008170331410111706,0.5699996948242188,0
2025-03-26,70.05,74.6,28.84000015258789,18.33,104.5500030517578,0.008170331410111706,0.008170331410111706,0.007769670615007494,0.008929606169542302,0.013203370144534427,0.5699996948242188,-4.549999999999997,6,149,-5.573013401392573,0.8166666666666669,-6.5,0,3,0,0,0,"155,46","119,22",208.83,0.0035625260336033114,-0.35000038146972656,0
2025-03-27,70.3,74.72,28.489999771118164,18.69,104.06999969482422,0.0035625260336033114,0.0035625260336033114,0.005879596055348437,0.0070056954549804025,0.011939974779377612,-0.35000038146972656,-4.420000000000002,9,288,-5.091785524977994,0.15555555555555578,-9.0,3,5,0,0,1,"155,95","160,83",143.09,0.00799775756911411,0.21000099182128906,0
2025-03-28,69.74,74.69,28.700000762939453,21.65,104.04000091552734,-0.00799775756911411,0.00799775756911411,0.008167783541102414,0.007939978518178858,0.011893489634943768,0.21000099182128906,-4.950000000000003,6,270,-6.802686105742582,-7.25,-9.0,2,0,0,0,1,"156,46","139,84",188.42,0.030084890232846356,2.1799983978271484,1
2025-03-31,71.87,77.23,30.8799991607666,22.28,104.20999908447266,0.030084890232846356,0.030084890232846356,0.01428219156940986,0.011624661060931185,0.012800044742262581,2.1799983978271484,-5.359999999999999,4,118,-2.3325862370973693,4.475,3.5,0,4,0,0,0,"188,36","90,65",259.25,0.003624202461502871,-0.3099994659423828,0
2025-04-01,71.61,77.78,30.56999969482422,21.77,104.26000213623048,-0.003624202461502871,0.003624202461502871,0.014826398574149463,0.01147201616855897,0.012827882527631956,-0.3099994659423828,-6.170000000000002,3,138,-1.607588978759462,-5.0,-5.0,0,0,0,0,0,"90,91","79,30",94.49,0.0070966693162682224,-0.5900001525878906,0
2025-04-02,72.12,77.27,29.979999542236328,21.51,103.80999755859376,0.0070966693162682224,0.0070966693162682224,0.014795558942879598,0.011185410955482441,0.010697975760751566,-0.5900001525878906,-5.1499999999999915,3,37,-1.0153396639883105,-3.6333333333333333,-7.2,2,1,0,0,1,"115,75","109,90",119.16,0.06724137558862589,5.470001220703125,1
2025-04-03,67.43,72.54,35.45000076293945,30.02,102.06999969482422,-0.06724137558862589,0.06724137558862589,0.03607800855473406,0.025368832306715702,0.01920477448314786,5.470001220703125,-5.109999999999999,2,42,-4.308607268270926,-6.75,-7.0,1,0,0,0,0,"97,94","114,87",86.23,0.07720428590385729,9.270000457763672,1
2025-04-04,62.42,68.36,44.720001220703125,45.31,103.0199966430664,-0.07720428590385729,0.07720428590385729,0.04741112559675907,0.03481742488920303,0.02574481763749537,9.270000457763672,-5.939999999999998,5,134,-3.7404529039555845,3.5,3.5,0,5,0,0,0,"176,97","187,45",183.94,0.022192536285919776,8.09000015258789,1
2025-04-07,61.05,66.13,52.810001373291016,46.98,103.26000213623048,-0.022192536285919776,0.022192536285919776,0.03779318532842466,0.034027621679007566,0.025966632686297387,8.09000015258789,-5.079999999999998,1,24,0.0,-7.2,-7.2,1,0,0,0,1,"125,71","137,86",104.54,0.016682193791452474,2.4499969482421875,1
2025-04-08,60.04,64.86,55.2599983215332,52.33,102.95999908447266,-0.016682193791452474,0.016682193791452474,0.035679515369029746,0.03371827900793014,0.02605223060901834,2.4499969482421875,-4.82,6,169,-1.873433778430622,4.1499999999999995,3.5,0,6,0,0,0,"128,11","133,80",142.04,0.04223338977206039,-12.359996795654297,1
2025-04-09,62.63,67.3,42.900001525878906,33.62,102.9000015258789,0.04223338977206039,0.04223338977206039,0.04757956338033514,0.037753599338199016,0.027742760593726348,-12.359996795654297,-4.669999999999995,4,282,-2.5828547556306414,4.475,3.5,0,4,0,0,0,"189,45","206,04",152.76,0.033444675544465695,6.099998474121094,1
2025-04-10,60.57,65.37,49.0,40.72,100.87000274658205,-0.033444675544465695,0.033444675544465695,0.04281141723377725,0.03795934733602993,0.028474142016346498,6.099998474121094,-4.800000000000004,5,166,-0.08473662856875369,0.36000000000000015,-9.2,1,3,0,0,1,"166,20","148,55",162.03,0.02188199653828487,1.8800010681152344,1
2025-04-11,61.91,66.83,50.880001068115234,37.56,99.77999877929688,0.02188199653828487,0.02188199653828487,0.032165083461494944,0.03969891677539837,0.02894500757348092,1.8800010681152344,-4.920000000000002,3,94,-5.023762252237467,-0.8666666666666666,-5.0,1,1,0,0,0,"134,75","100,75",168.07,0.0012913641826873684,-3.1200027465820312,0
2025-04-14,61.99,67.18,47.7599983215332,30.89,99.63999938964844,0.0012913641826873684,0.0012913641826873684,0.030059505833961095,0.03728550305128975,0.028874950994038893,-3.1200027465820312,-5.190000000000005,2,34,-4.60705054468704,-1.75,-7.0,1,1,0,0,0,"168,12","161,39",196.75,0.004041062639814804,-5.4499969482421875,0
2025-04-15,61.74,66.58,42.310001373291016,30.12,100.22000122070312,-0.004041062639814804,0.004041062639814804,0.02847414849234787,0.03727186466772826,0.02887469082045008,-5.4499969482421875,-4.839999999999996,9,230,-8.650915962798578,-5.199999999999999,-10.0,6,2,2,0,1,"141,46","141,03",147.04,0.018296129046937823,1.25,0
2025-04-16,62.88,67.94,43.560001373291016,32.64,99.37999725341795,0.018296129046937823,0.018296129046937823,0.02206207258086611,0.03816157453770623,0.029316523404189113,1.25,-5.059999999999995,3,48,-3.813925427988955,4.8,3.5,0,3,0,0,0,"156,31","191,79",169.97,0.03423546538594135,-2.2900009155273438,1
2025-04-17,65.07,69.33,41.27000045776367,29.65,99.37999725341795,0.03423546538594135,0.03423546538594135,0.015624438481545154,0.035761901606025694,0.030193030959559334,-2.2900009155273438,-4.260000000000005,4,96,-1.6827792312002865,4.475,3.5,0,4,0,0,0,"122,46","97,67",142.56,0.02473871784868429,-0.060001373291015625,0
2025-04-21,63.48,,41.209999084472656,33.82,98.27999877929688,-0.02473871784868429,0.02473871784868429,0.02242423490144943,0.02637400494964049,0.030587614692975332,-0.060001373291015625,,7,180,2.383438920530344,5.5,3.5,0,7,0,0,0,"158,40","137,31",171.8,0.01748951513034786,1.94000244140625,1
2025-04-22,64.6,68.93,43.150001525878906,30.57,98.91999816894533,0.01748951513034786,0.01748951513034786,0.022917588611559216,0.025347712394700645,0.03071554498145824,1.94000244140625,-4.3300000000000125,6,138,-2.8366150809037003,1.25,-5.0,1,4,0,0,0,"133,23","193,19",100.71,0.030810359106008454,0.4099998474121094,1
2025-04-23,62.64,68.26,43.560001373291016,28.45,99.83999633789062,-0.030810359106008454,0.030810359106008454,0.028862142207667432,0.027066356825437322,0.0312887346262983,0.4099998474121094,-5.6200000000000045,0,0,0.0,0.0,0.0,0,0,0,0,0,"146,83","105,39",185.59,0.014422945952915425,0.80999755859375,0
2025-04-24,63.55,67.5,44.369998931884766,26.47,99.29000091552734,0.014422945952915425,0.014422945952915425,0.028393603445491165,0.02398171295150671,0.03145993657169304,0.80999755859375,-3.950000000000003,8,214,-0.18042012178625977,1.0,-7.2,1,6,0,0,1,"179,21","149,85",221.13,0.004709584843085388,-0.8400001525878835,0
2025-04-25,63.85,66.99,43.52999877929688,24.84,99.47000122070312,0.004709584843085388,0.004709584843085388,0.022504002906028393,0.02060982624720131,0.03147715771870977,-0.8400001525878835,-3.1399999999999935,7,94,-4.196913509169802,2.1714285714285713,-5.8,0,6,0,0,0,"190,11","206,76",249.1,0.008651253328417843,0.02000045776366477,0
2025-04-28,63.3,66.13,43.54999923706055,25.15,99.01000213623048,-0.008651253328417843,0.008651253328417843,0.019739519267529083,0.020132131509805206,0.031480977947030996,0.02000045776366477,-2.8299999999999983,4,88,-3.84658073323335,-9.5,-9.5,4,0,4,0,1,"113,79","75,63",168.21,0.023334924870963846,4.8600006103515625,1
2025-04-29,61.84,64.04,48.40999984741211,24.17,99.23999786376952,-0.023334924870963846,0.023334924870963846,0.018825073689044555,0.021703273357136912,0.030615737297450582,4.8600006103515625,-2.200000000000003,0,0,0.0,0.0,0.0,0,0,0,0,0,"127,87","109,27",162.03,0.037734108477857464,6.049999237060547,1
2025-04-30,59.55,63.37,54.459999084472656,24.7,99.47000122070312,-0.037734108477857464,0.037734108477857464,0.020985728459120695,0.024758778050388248,0.031329317761104786,6.049999237060547,-3.8200000000000003,6,210,-3.5520973816660617,0.3333333333333333,-7.0,1,4,0,0,0,"140,21","139,78",136.02,0.01731356715558869,-2.5,0
2025-05-01,60.59,62.37,51.959999084472656,24.6,100.25,0.01731356715558869,0.01731356715558869,0.021852701842341317,0.02466394434307356,0.03169060374400391,-2.5,-1.779999999999994,2,70,-4.1015625,-7.0,-7.0,0,0,0,0,0,"105,35","128,36",97.33,0.01530048142290722,-1.3699989318847656,0
2025-05-02,59.67,61.57,50.59000015258789,22.68,100.0,-0.01530048142290722,0.01530048142290722,0.020373004030942964,0.020880368924642824,0.02862113739986213,-1.3699989318847656,-1.8999999999999986,2,30,-5.45246549202133,-10.0,-10.0,2,0,2,0,1,"181,07","180,52",221.42,0.019802627296179754,-8.009998321533203,0
2025-05-05,58.5,,42.58000183105469,23.64,99.83000183105467,-0.019802627296179754,0.019802627296179754,0.020314127357378503,0.020513243767262036,0.02354493099914867,-8.009998321533203,,2,36,-1.9715592710053602,-8.0,-8.0,2,0,2,0,1,"213,92","193,88",280.3,0.03229342172071509,-0.44000244140625,1
2025-05-06,60.42,62.37,42.13999938964844,24.76,99.23999786376952,0.03229342172071509,0.03229342172071509,0.028656621026998993,0.022959130939414252,0.02437451490284339,-0.44000244140625,-1.9499999999999957,1,12,0.45766590389016,-10.0,-10.0,1,0,1,0,1,"214,70","281,31",214.24,0.01668930592406439,0.5200004577636719,0
2025-05-07,59.42,60.31,42.65999984741211,23.55,99.61000061035156,-0.01668930592406439,0.01668930592406439,0.02369837119275182,0.021711064615504903,0.024374763179199805,0.5200004577636719,-0.8900000000000006,4,122,-5.658852576615088,-0.2749999999999999,-7.0,1,2,0,0,0,"250,21","357,89",262.33,0.030332979390374715,-2.0600013732910227,1
2025-05-08,61.25,62.22,40.59999847412109,22.48,100.63999938964844,0.030332979390374715,0.030332979390374715,0.026665808558913977,0.023797789136131862,0.023402034516596445,-2.0600013732910227,-0.9699999999999989,1,40,-7.904091420680589,7.4,7.4,0,1,0,0,0,"246,39","251,09",309.6,0.018120541113194836,-0.7799987792968679,0
2025-05-09,62.37,64.26,39.81999969482422,21.9,100.33999633789062,0.018120541113194836,0.018120541113194836,0.02534898691778829,0.02468484773582842,0.022474779320065155,-0.7799987792968679,-1.8900000000000077,2,42,-2.6502714815702686,-8.25,-9.5,1,0,1,0,1,"150,08","128,25",160.46,0.015116844474780256,-2.3199996948242188,0
2025-05-12,63.32,65.28,37.5,18.39,101.79000091552734,0.015116844474780256,0.015116844474780256,0.019650960366273784,0.02515008443418919,0.022200543827784542,-2.3199996948242188,-1.9600000000000009,3,45,-1.8448508555170087,-7.0,-7.0,1,0,0,0,0,"200,17","193,12",214.78,0.026801230226743866,-0.7900009155273438,0
2025-05-13,65.04,66.93,36.709999084472656,18.22,101.0,0.026801230226743866,0.026801230226743866,0.01862783910550253,0.024971087460170443,0.022931330496254013,-0.7900009155273438,-1.8900000000000006,6,142,-1.7884820409852777,-2.3833333333333333,-7.0,0,2,0,0,0,"150,30","83,91",199.96,0.008647367041182295,0.01000213623046875,0
2025-05-14,64.48,65.91,36.720001220703125,18.62,101.04000091552734,-0.008647367041182295,0.008647367041182295,0.015282961431125836,0.02077608088231566,0.023022394259991412,0.01000213623046875,-1.4299999999999926,8,176,-5.859316577107396,-3.1125,-7.0,2,2,0,0,0,"145,34","96,60",181.28,0.022744294673354166,0.6800003051757812,0
2025-05-15,63.03,64.36,37.400001525878906,17.83,100.87999725341795,-0.022744294673354166,0.022744294673354166,0.0206344932083781,0.022556400436475183,0.02333636314465686,0.6800003051757812,-1.3299999999999983,3,80,-1.0489444779359847,4.8,3.5,0,3,0,0,0,"213,53","138,08",287.93,0.012769149616534723,0.4799995422363281,0
2025-05-16,63.84,65.2,37.880001068115234,17.24,101.08999633789062,0.012769149616534723,0.012769149616534723,0.01995882862295242,0.02162209196985491,0.022148054079898297,0.4799995422363281,-1.3599999999999994,10,280,-2.1355004766806385,-3.45,-10.0,3,4,3,0,1,"206,70","116,24",308.5,0.00219058137981846,0.11999893188476562,0
2025-05-19,63.98,66.25,38.0,18.14,100.43000030517578,0.00219058137981846,0.00219058137981846,0.01908357404190664,0.019649109290046596,0.0214330239278808,0.11999893188476562,-2.270000000000003,7,148,-1.7337928874379809,2.0,-7.0,1,6,0,0,0,"231,88","303,82",220.36,0.00015631105932565495,-3.3800010681152344,0
2025-05-20,63.97,66.93,34.619998931884766,18.09,100.12000274658205,-0.00015631105932565495,0.00015631105932565495,0.013275166719648946,0.017974619892314588,0.021051981519060625,-3.3800010681152344,-2.960000000000008,1,18,-7.488179815332831,-10.0,-10.0,1,0,1,0,1,"167,24","153,90",224.64,0.01639122592320406,4.5,1
2025-05-21,62.93,65.86,39.119998931884766,20.87,99.55999755859376,-0.01639122592320406,0.01639122592320406,0.014451983123530163,0.017933548305969094,0.02018814412531252,4.5,-2.9299999999999997,5,124,-3.0648824269900397,0.6400000000000002,-5.6,0,3,0,0,0,"222,44","95,89",349.94,0.006056760625922106,2.3199996948242116,1
2025-05-22,62.55,64.87,41.43999862670898,20.28,99.95999908447266,-0.006056760625922106,0.006056760625922106,0.010741776141149793,0.015973518731859232,0.019948372347649266,2.3199996948242116,-2.3200000000000074,5,89,-2.166458835076299,-8.24,-10.0,5,0,2,0,1,"205,25","170,52",246.53,0.005420931642491872,1.690002441406257,1
2025-05-23,62.89,65.41,43.130001068115234,22.29,99.11000061035156,0.005420931642491872,0.005420931642491872,0.008582096166110807,0.015035619232972816,0.01995933087027246,1.690002441406257,-2.519999999999996,5,146,-0.7576818962710136,-2.38,-10.0,3,2,2,0,1,"103,52","65,18",117.79,0.020562973528932684,-1.190002441406257,0
2025-05-27,61.61,64.32,41.93999862670898,18.96,99.5199966430664,-0.020562973528932684,0.020562973528932684,0.010870214129261957,0.015495120685007926,0.020380556486511908,-1.190002441406257,-2.7099999999999937,2,50,-3.4751363098617842,-7.5,-9.2,1,0,0,0,1,"203,35","222,34",218.18,0.014982157003215955,-1.5200004577636648,0
2025-05-28,62.54,65.72,40.41999816894531,19.31,99.87999725341795,0.014982157003215955,0.014982157003215955,0.014830887322562375,0.013284764351834843,0.02000289625351449,-1.5200004577636648,-3.1799999999999997,4,89,-7.359184490883268,-7.45,-10.0,3,0,2,0,1,"228,04","167,51",279.44,0.014170929571690931,-0.15999984741210938,0
2025-05-29,61.66,64.6,40.2599983215332,19.18,99.27999877929688,-0.014170929571690931,0.014170929571690931,0.014414024068276833,0.013613928947052642,0.018245215455431063,-0.15999984741210938,-2.9399999999999977,8,341,-5.551387679479529,1.2375,-10.0,1,6,1,0,1,"169,43","104,84",223.47,0.003248865755665668,0.4500007629394531,0
2025-05-30,61.46,64.32,40.709999084472656,18.57,99.33000183105467,-0.003248865755665668,0.003248865755665668,0.014372271489365995,0.012007693912857014,0.017897546564533646,0.4500007629394531,-2.8599999999999923,0,0,0.0,0.0,0.0,0,0,0,0,0,"185,32","150,11",221.52,0.029024726456454285,-2.009998321533203,1
2025-06-02,63.27,66.55,38.70000076293945,18.36,98.6999969482422,0.029024726456454285,0.029024726456454285,0.02057819256498202,0.015028227294504082,0.018543011178269727,-2.009998321533203,-3.279999999999994,8,358,-2.873851956863542,-7.0,-7.0,0,0,0,0,0,"247,21","197,16",256.95,0.013033080767831277,-0.9500007629394531,0
2025-06-03,64.1,67.48,37.75,17.69,99.25,0.013033080767831277,0.013033080767831277,0.01683879290159246,0.015653837543407937,0.01786568623146026,-0.9500007629394531,-3.3800000000000097,8,458,-0.5777197167646497,-3.075,-9.5,2,3,1,0,1,"205,09","223,05",248.06,0.008302702978306821,-0.049999237060546875,0
2025-06-04,63.57,66.69,37.70000076293945,17.61,98.79000091552734,-0.008302702978306821,0.008302702978306821,0.01760136874684533,0.015883991702803326,0.01682613840278719,-0.049999237060546875,-3.1199999999999974,9,178,-2.6518445998666023,-1.9000000000000001,-7.2,4,4,0,0,1,"197,03","184,15",235.52,0.0076784832326948224,-2.8100013732910156,0
2025-06-05,64.06,67.14,34.88999938964844,18.48,98.73999786376952,0.0076784832326948224,0.0076784832326948224,0.014655463620773804,0.015030554844531972,0.01623212495326075,-2.8100013732910156,-3.0799999999999983,8,180,-2.331445506876422,-4.175,-7.2,2,2,0,0,1,"245,16","181,89",341.35,0.019171892101373194,0.8300018310546875,0
2025-06-06,65.3,68.02,35.720001220703125,16.77,99.19000244140624,0.019171892101373194,0.019171892101373194,0.01390275635795716,0.01567264853742718,0.015443135844016045,0.8300018310546875,-2.719999999999999,3,44,-4.946927090908964,-1.133333333333333,-5.8,0,1,0,0,0,"137,79","142,86",128.33,0.01051117911294492,-1.3000030517578125,0
2025-06-09,65.99,68.73,34.41999816894531,17.16,98.94000244140624,0.01051117911294492,0.01051117911294492,0.010264688950617641,0.015795189636437945,0.01514713030150854,-1.3000030517578125,-2.740000000000009,15,488,-4.7215785268052395,-5.6466666666666665,-10.0,7,2,3,0,1,"145,34","144,89",201.43,0.005013303321883657,0.6300010681152344,0
2025-06-10,65.66,68.41,35.04999923706055,16.95,99.0500030517578,-0.005013303321883657,0.005013303321883657,0.011351606138042144,0.013637662370332393,0.014954669364348305,0.6300010681152344,-2.75,5,117,-5.65444149991337,-7.76,-10.0,5,0,1,0,1,"188,47","113,87",246.96,0.04831139329567001,8.19000244140625,1
2025-06-11,68.91,71.29,43.2400016784668,17.26,98.62999725341795,0.04831139329567001,0.04831139329567001,0.019968310660858007,0.01899686659374034,0.01741701144944064,8.19000244140625,-2.3800000000000097,9,280,-6.714077489253047,-4.333333333333333,-9.2,5,2,1,0,1,"177,36","68,44",256.9,0.002615520235602583,2.1299972534179688,1
2025-06-12,68.73,70.84,45.369998931884766,18.02,97.91999816894533,-0.002615520235602583,0.002615520235602583,0.021527578395101055,0.017690041574706227,0.017258216844543525,2.1299972534179688,-2.1099999999999994,6,118,-3.050198448326126,-4.95,-9.0,3,1,0,0,1,"168,15","89,40",233.04,0.07171480506108292,11.860000610351562,1
2025-06-13,73.84,76.0,57.22999954223633,20.82,98.18000030517578,0.07171480506108292,0.07171480506108292,0.03390486876838041,0.025297066912375845,0.022047461067229202,11.860000610351562,-2.1599999999999966,3,68,-3.389276734777225,-5.733333333333333,-7.2,3,0,0,0,1,"166,78","80,27",267.8,0.01790032081927578,-0.6300010681152415,0
2025-06-16,72.53,75.05,56.59999847412109,19.11,98.0,-0.01790032081927578,0.01790032081927578,0.038869850098346544,0.027364912696894398,0.022747499719896338,-0.6300010681152415,-2.519999999999996,0,0,0.0,0.0,0.0,0,0,0,0,0,"273,92","177,82",413.18,0.0417205290874658,14.959999084472663,1
2025-06-17,75.62,78.7,71.55999755859375,21.6,98.81999969482422,0.0417205290874658,0.0417205290874658,0.03726807048912078,0.028760143156579224,0.02404460410655643,14.959999084472663,-3.0799999999999983,0,0,0.0,0.0,0.0,0,0,0,0,0,"293,20","199,01",435.74,0.0035641249530346786,-4.6999969482421875,0
2025-06-18,75.89,78.38,66.86000061035156,20.14,98.91000366210938,0.0035641249530346786,0.0035641249530346786,0.03661203190287142,0.02785226313755565,0.023989598657666894,-4.6999969482421875,-2.489999999999995,0,0,0.0,0.0,0.0,0,0,0,0,0,"320,77","159,89",482.17,0.002242597074699419,-2.19000244140625,0
2025-06-20,75.72,78.73,64.66999816894531,20.62,98.70999908447266,-0.002242597074699419,0.002242597074699419,0.0365565712666696,0.028420366165757608,0.02341738579205968,-2.19000244140625,-3.010000000000005,0,0,0.0,0.0,0.0,0,0,0,0,0,"284,89","345,27",353.02,0.08773199386883562,-11.019996643066406,1
2025-06-23,69.36,74.34,53.650001525878906,19.83,98.41999816894533,-0.08773199386883562,0.08773199386883562,0.04741347629351766,0.04350133121019278,0.031835871100184626,-11.019996643066406,-4.980000000000004,0,0,0.0,0.0,0.0,0,0,0,0,0,"540,16","583,92",606.1,0.05802384011637738,-4.850002288818359,1
2025-06-24,65.45,69.13,48.79999923706055,17.48,97.86000061035156,-0.05802384011637738,0.05802384011637738,0.051749346729674094,0.04789415612787473,0.034829443767401075,-4.850002288818359,-3.6799999999999926,0,0,0.0,0.0,0.0,0,0,0,0,0,"351,72","318,76",436.04,0.00806517344452636,-6.049999237060547,0
2025-06-25,65.98,68.4,42.75,16.76,97.68000030517578,0.00806517344452636,0.00806517344452636,0.04309042803351643,0.047945516905621016,0.034439665886862966,-6.049999237060547,-2.4200000000000017,0,0,0.0,0.0,0.0,0,0,0,0,0,"328,47","188,71",462.94,0.006947618944658693,-0.8899993896484375,0
2025-06-26,66.44,68.57,41.86000061035156,16.59,97.1500015258789,0.006947618944658693,0.006947618944658693,0.04371778363792622,0.045058426173287654,0.03434450579612082,-0.8899993896484375,-2.1299999999999955,0,0,0.0,0.0,0.0,0,0,0,0,0,"233,97","171,87",296.95,0.0033057881344994103,-0.6300010681152344,0
2025-06-27,66.66,69.37,41.22999954223633,16.32,97.4000015258789,0.0033057881344994103,0.0033057881344994103,0.04455295367023814,0.045112408944248276,0.03410546792521721,-0.6300010681152344,-2.710000000000008,0,0,0.0,0.0,0.0,0,0,0,0,0,"231,24","138,32",317.27,0.005415175687776768,-2.3400001525878906,0
2025-06-30,66.3,68.15,38.88999938964844,16.73,96.87999725341795,-0.005415175687776768,0.005415175687776768,0.027897867662607215,0.036720921204615155,0.03413279091898872,-2.3400001525878906,-1.8500000000000085,0,0,0.0,0.0,0.0,0,0,0,0,0,"147,65","89,60",181.5,0.005115100666770409,-0.8899993896484375,0
2025-07-01,66.64,67.63,38.0,16.83,96.81999969482422,0.005115100666770409,0.005115100666770409,0.005357232058895981,0.03694501574174906,0.033617265184823976,-0.8899993896484375,-0.9899999999999949,0,0,0.0,0.0,0.0,0,0,0,0,0,"189,46","182,79",233.78,0.02986179017095861,2.240001678466797,1
2025-07-02,68.66,70.8,40.2400016784668,16.64,96.77999877929688,0.02986179017095861,0.02986179017095861,0.01312786870879777,0.03530909997115025,0.034099440088072155,2.240001678466797,-2.1400000000000006,12,477,-4.824095562720922,-3.5833333333333335,-10.0,2,4,1,0,1,"95,84","131,38",99.62,0.007749143243969265,-2.490001678466797,0
2025-07-03,68.13,70.42,37.75,16.38,97.18000030517578,-0.007749143243969265,0.007749143243969265,0.014933234317757825,0.03501852178879947,0.034089633629014335,-2.490001678466797,-2.2900000000000063,2,46,0.020800870859018238,-5.3,-5.6,1,0,0,0,0,"96,76","113,48",75.73,0.01500501602951291,3.479999542236328,1
2025-07-07,69.16,71.95,41.22999954223633,17.79,97.4800033569336,0.01500501602951291,0.01500501602951291,0.015502480975307209,0.03589976118887543,0.034176562851598924,3.479999542236328,-2.7900000000000063,6,240,-0.11501499167672743,0.5333333333333333,-5.8,1,4,0,0,0,"115,55","76,80",138.79,0.0056232575543622605,-5.520000457763672,0
2025-07-08,69.55,72.5,35.709999084472656,16.81,97.51000213623048,0.0056232575543622605,0.0056232575543622605,0.013934415730835264,0.022983805876386505,0.03399022984455956,-5.520000457763672,-2.950000000000003,4,308,-0.9673561377895153,2.05,-5.8,0,3,0,0,0,"151,72","138,65",168.21,0.0008623168111231634,-1.5400009155273438,0
2025-07-09,69.61,71.98,34.16999816894531,15.94,97.47000122070312,0.0008623168111231634,0.0008623168111231634,0.014396548146082454,0.010589827328608716,0.03394874020774901,-1.5400009155273438,-2.3700000000000045,6,330,-1.43229115887335,0.6666666666666666,-5.0,0,4,0,0,0,"136,30","59,08",187.25,0.02664106900166976,-1.3699989318847656,0
2025-07-10,67.78,70.38,32.79999923706055,15.78,97.6500015258789,-0.02664106900166976,0.02664106900166976,0.01576412740719307,0.014762109994177507,0.03454558447869237,-1.3699989318847656,-2.5999999999999943,1,38,-6.08667540999682,-10.0,-10.0,1,0,1,0,1,"146,06","104,84",194.32,0.02692834277554993,4.260002136230469,1
2025-07-11,69.63,72.06,37.060001373291016,16.4,97.8499984741211,0.02692834277554993,0.02692834277554993,0.01998463316206417,0.016635517860930246,0.03333307459368802,4.260002136230469,-2.430000000000007,4,55,-6.326179355049513,-5.25,-9.5,3,1,3,0,1,"134,52","178,81",139.82,0.020897582421893785,-3.5300025939941406,0
2025-07-14,68.19,70.96,33.529998779296875,17.2,98.08000183105467,-0.020897582421893785,0.020897582421893785,0.021587346672091418,0.01851388016903227,0.033672527016779585,-3.5300025939941406,-2.769999999999996,8,226,-3.424719917657545,-2.3875,-5.0,0,2,0,0,0,"107,63","71,53",129.27,0.006325876188762516,0.8500022888183594,0
2025-07-15,67.76,70.27,34.380001068115234,17.38,98.62000274658205,-0.006325876188762516,0.006325876188762516,0.021073574295451508,0.018558067287850564,0.029085962521686982,0.8500022888183594,-2.509999999999991,9,317,-3.6451986416395266,-3.8444444444444446,-7.2,2,2,0,0,1,"166,55","147,59",184.66,0.009341012393138962,-1.220001220703125,0
2025-07-16,67.13,69.67,33.15999984741211,17.16,98.38999938964844,-0.009341012393138962,0.009341012393138962,0.02083059869267978,0.01886438780139169,0.02893785530828794,-1.220001220703125,-2.5400000000000063,3,52,-1.857069240694924,-7.966666666666666,-9.5,3,0,1,0,1,"177,90","134,54",244.84,0.023991142563988398,-0.31999969482421875,0
2025-07-17,68.76,71.32,32.84000015258789,16.52,98.7300033569336,0.023991142563988398,0.023991142563988398,0.021351097466005865,0.017925121487322424,0.02771345373734962,-0.31999969482421875,-2.559999999999988,2,60,-3.694619000858244,-8.5,-10.0,2,0,1,0,1,"155,01","160,25",162.31,0.0033505749169162108,-0.6700019836425781,0
2025-07-18,68.53,71.06,32.16999816894531,16.41,98.4800033569336,-0.0033505749169162108,0.0033505749169162108,0.01658363129218773,0.01776310747740718,0.027647260942427376,-0.6700019836425781,-2.530000000000001,5,65,-5.830260758324754,0.78,-7.0,1,3,0,0,0,"140,04","107,39",179.15,0.0020449904877275966,-0.7899990081787109,0
2025-07-21,68.39,71.92,31.3799991607666,16.65,97.8499984741211,-0.0020449904877275966,0.0020449904877275966,0.013384123417524266,0.01702832642363965,0.027648371377893024,-0.7899990081787109,-3.530000000000001,2,22,-1.161317282675929,-7.5,-10.0,1,0,1,0,1,"144,32","95,92",171.44,0.012210523170405307,0.8799991607666016,0
2025-07-22,67.56,69.69,32.2599983215332,16.5,97.38999938964844,-0.012210523170405307,0.012210523170405307,0.014366515848499904,0.017176899925225263,0.019815149817430308,0.8799991607666016,-2.1299999999999955,3,96,-2.407564256107392,1.8333333333333333,-5.0,0,2,0,0,0,"118,56","83,43",162.37,0.02260406097126507,0.13000106811523438,0
2025-07-23,66.05,69.17,32.38999938964844,15.37,97.20999908447266,-0.02260406097126507,0.02260406097126507,0.01730904727941153,0.01817905063548017,0.015618386963532004,0.13000106811523438,-3.1200000000000045,22,403,-3.608296045831953,1.6954545454545453,-10.0,7,15,3,0,1,"155,72","141,13",153.03,0.016665801241005782,-0.020000457763671875,0
2025-07-24,67.16,70.42,32.369998931884766,15.39,97.37999725341795,0.016665801241005782,0.016665801241005782,0.014511464867794357,0.017668063062134486,0.01595371767891975,-0.020000457763671875,-3.260000000000005,9,202,-4.213226842876793,5.477777777777778,3.5,0,9,0,0,0,"209,66","125,41",278.94,0.01168202591751149,0.5100021362304688,0
2025-07-25,66.38,69.23,32.880001068115234,14.93,97.6500015258789,-0.01168202591751149,0.01168202591751149,0.014792124415096261,0.014909882571356722,0.016124142414476555,0.5100021362304688,-2.8500000000000085,11,274,-2.245154975206212,3.5,3.5,0,11,0,0,0,"113,31","93,02",144.1,0.021313870403922255,2.4899978637695312,1
2025-07-28,67.81,70.87,35.369998931884766,15.03,98.66000366210938,0.021313870403922255,0.021313870403922255,0.019455285481294375,0.015789137647903014,0.016809359360235976,2.4899978637695312,-3.0600000000000023,3,86,-0.8902191356962049,-5.666666666666667,-7.0,2,0,0,0,0,"156,25","186,93",142.92,0.0356352885083554,2.670001983642578,1
2025-07-29,70.27,73.21,38.040000915527344,15.98,98.91000366210938,0.0356352885083554,0.0356352885083554,0.024186592552242057,0.019276793320750465,0.018431400717944458,2.670001983642578,-2.9399999999999977,4,165,-2.0755415663765926,0.875,-7.0,1,3,0,0,0,"138,94","87,48",182.42,0.011601714737285539,-0.29000091552734375,0
2025-07-30,71.09,73.98,37.75,15.48,99.94000244140624,0.011601714737285539,0.011601714737285539,0.017259087346513532,0.018842884689386014,0.018529099290388675,-0.29000091552734375,-2.8900000000000006,11,206,-2.4385491060637614,-3.190909090909091,-7.0,2,3,0,0,0,"212,53","263,02",268.14,0.010321760072034395,-0.9700012207031179,0
2025-07-31,70.36,73.43,36.77999877929688,16.72,100.02999877929688,-0.010321760072034395,0.010321760072034395,0.020423251639433905,0.01826365005540124,0.01764720411878157,-0.9700012207031179,-3.0700000000000074,8,178,-1.9136098051577466,0.5,-10.0,1,6,1,0,1,"166,63","146,18",177.35,0.028398304759352705,2.5900001525878835,1
2025-08-01,68.39,70.55,39.369998931884766,20.38,98.69000244140624,-0.028398304759352705,0.028398304759352705,0.02546459138075249,0.020682198422312652,0.018768186325586154,2.5900001525878835,-2.1599999999999966,4,198,-0.521095903319279,3.5,3.5,0,4,0,0,0,"177,58","108,94",238.53,0.015620712552815174,-0.5799980163574219,0
2025-08-04,67.33,69.56,38.790000915527344,17.52,98.77999877929688,-0.015620712552815174,0.015620712552815174,0.025255642712888136,0.021254077233231985,0.018745211574203897,-0.5799980163574219,-2.230000000000004,3,75,-2.217976136656548,-6.5,-6.5,0,0,0,0,0,"125,30","124,91",130.24,0.016925439614226954,-3.490001678466797,0
2025-08-05,66.2,69.14,35.29999923706055,17.85,98.77999877929688,-0.016925439614226954,0.016925439614226954,0.014714863487420569,0.021566544839332447,0.018980925577209477,-3.490001678466797,-2.9399999999999977,8,184,-3.628407142281434,-5.3125,-7.2,2,1,0,0,1,"153,01","106,77",203.57,0.012464061646898122,1.3699989318847656,1
2025-08-06,65.38,67.97,36.66999816894531,16.77,98.18000030517578,-0.012464061646898122,0.012464061646898122,0.00701214181465252,0.020713416643258376,0.01909143998004527,1.3699989318847656,-2.5900000000000034,4,82,-2.5336678069274257,1.85,-7.0,0,3,0,0,0,"138,02","130,36",157.06,0.007368777586020127,-1.6599998474121094,0
2025-08-07,64.9,66.99,35.0099983215332,16.57,98.4000015258789,-0.007368777586020127,0.007368777586020127,0.007771716040967712,0.019807924852030888,0.01831304011046449,-1.6599998474121094,-2.089999999999989,1,18,-5.32568206986812,-5.0,-5.0,1,0,0,0,0,"135,64","142,34",106.86,0.000616142964655554,-0.9499969482421875,0
2025-08-08,64.94,67.17,34.060001373291016,15.15,98.18000030517578,0.000616142964655554,0.000616142964655554,0.007152447468667027,0.019619050170469526,0.017011393009762413,-0.9499969482421875,-2.230000000000004,7,126,-4.210672311725497,-2.4857142857142853,-9.5,4,3,2,0,1,"162,80","127,01",188.34,0.001384935206360527,-2.660001754760735,0
2025-08-11,65.03,67.36,31.39999961853028,16.25,98.5199966430664,0.001384935206360527,0.001384935206360527,0.008012604131857346,0.017903036536937735,0.016534057025985597,-2.660001754760735,-2.3299999999999983,4,153,-2.5584522563740757,-4.675,-10.0,2,1,1,0,1,"169,26","224,98",160.85,0.012534013219692587,-1.0900001525878977,0
2025-08-12,64.22,66.8,30.309999465942383,14.73,98.0999984741211,-0.012534013219692587,0.012534013219692587,0.006794020006152556,0.01123775979707836,0.016669901009609907,-1.0900001525878977,-2.5799999999999983,6,152,-0.49848124558707924,0.3,-7.2,1,4,0,0,1,"164,14","119,00",248.15,0.008444147125240319,3.510000228881836,1
2025-08-13,63.68,66.25,33.81999969482422,14.49,97.83999633789062,-0.008444147125240319,0.008444147125240319,0.006045262681578266,0.008642006505394585,0.016652244397359097,3.510000228881836,-2.5700000000000003,3,44,-2.44027655648984,-4.3,-9.2,2,1,0,0,1,"118,31","88,46",159.86,0.020362870370129908,2.1399993896484375,1
2025-08-14,64.99,68.12,35.959999084472656,14.83,98.25,0.020362870370129908,0.020362870370129908,0.012698082470088863,0.013172533366548913,0.016364142494362372,2.1399993896484375,-3.1300000000000097,6,124,-2.8600930422102935,1.8833333333333335,-7.2,2,4,0,0,1,"163,85","142,04",201.4,0.018793750324345812,1.2600021362304688,0
2025-08-15,63.78,67.3,37.220001220703125,15.09,97.8499984741211,-0.018793750324345812,0.018793750324345812,0.01527416954923773,0.011792941962022343,0.016750318116577033,1.2600021362304688,-3.519999999999996,7,154,-1.0999665602451028,-1.0857142857142859,-7.2,3,4,0,0,1,"140,36","97,95",163.4,0.011380588962238878,-5.069999694824219,0
2025-08-18,64.51,68.18,32.150001525878906,14.99,98.16999816894533,0.011380588962238878,0.011380588962238878,0.016679952397881788,0.012654086524832527,0.017081310254379766,-5.069999694824219,-3.6700000000000017,16,230,-0.8556164827126874,3.5,3.5,0,16,0,0,0,"240,76","248,30",248.53,0.017671896281375665,0.8899993896484375,0
2025-08-19,63.38,66.62,33.040000915527344,15.57,98.2699966430664,-0.017671896281375665,0.017671896281375665,0.01765147594852476,0.012738896329527787,0.017280140498786296,0.8899993896484375,-3.240000000000002,5,77,-3.152975274291732,-3.6,-9.5,3,2,3,0,1,"134,77","169,72",106.17,0.012699081060911948,-0.5300025939941406,0
2025-08-20,64.19,67.61,32.5099983215332,15.69,98.22000122070312,0.012699081060911948,0.012699081060911948,0.018426921590188453,0.013425480342447388,0.016993717932902067,-0.5300025939941406,-3.4200000000000017,1,12,-6.632653061224491,-5.8,-5.8,0,0,0,0,0,"156,72","113,63",177.71,0.005747588638006655,-0.9699974060058594,0
2025-08-21,64.56,68.41,31.540000915527344,16.6,98.62000274658205,0.005747588638006655,0.005747588638006655,0.015656520770943465,0.013465637355655728,0.0165514835994046,-0.9699974060058594,-3.8499999999999943,7,191,-2.4916229782874013,-6.014285714285713,-10.0,4,1,1,0,1,"133,63","126,21",140.36,0.0074627212015896,-1.1900005340576172,0
2025-08-22,64.08,68.29,30.350000381469727,14.22,97.72000122070312,-0.0074627212015896,0.0074627212015896,0.01310918751999715,0.013630885140930098,0.016447799291235382,-1.1900005340576172,-4.210000000000008,5,89,-4.7986797411498205,-3.7,-7.0,1,1,0,0,0,"87,75","43,74",121.61,0.017020370649311906,0.8899993896484375,0
2025-08-25,65.18,,31.239999771118164,14.79,98.43000030517578,0.017020370649311906,0.017020370649311906,0.01441033297188551,0.014822003926488145,0.016156181451907285,0.8899993896484375,,8,204,-4.425811348267909,-2.2249999999999996,-10.0,4,3,2,0,1,"130,22","129,82",135.36,0.02453920306333916,2.489999771118164,1
2025-08-26,63.6,66.89,33.72999954223633,14.62,98.2300033569336,-0.02453920306333916,0.02453920306333916,0.016877927455746143,0.01637551243630457,0.014276664351423765,2.489999771118164,-3.289999999999999,14,445,-3.7489750326013374,-2.4,-9.2,3,6,0,0,1,"120,60","112,22",106.97,0.013896702676209412,-1.789999008178711,0
2025-08-27,64.49,67.75,31.940000534057617,14.85,98.2300033569336,0.013896702676209412,0.013896702676209412,0.01709797215761298,0.01676195005836418,0.014425458534694648,-1.789999008178711,-3.260000000000005,0,0,0.0,0.0,0.0,0,0,0,0,0,"181,61","159,32",193.3,0.0072615228311365305,2.039999008178711,1
2025-08-28,64.96,68.61,33.97999954223633,14.43,97.80999755859376,0.0072615228311365305,0.0072615228311365305,0.017217545670935367,0.015573141630482137,0.014610452246995653,2.039999008178711,-3.6500000000000057,2,28,-3.2969848397241472,0.8000000000000003,-5.8,0,1,0,0,0,"172,53","137,60",206.59,0.009279373729239914,-1.3499984741210938,0
2025-08-29,64.36,67.83,32.630001068115234,15.36,97.7699966430664,-0.009279373729239914,0.009279373729239914,0.01746438079461895,0.014558054813678256,0.013513887979325623,-1.3499984741210938,-3.469999999999999,6,116,-3.7159658186594897,-3.766666666666667,-10.0,3,2,2,0,1,"174,71","139,34",209.2,0.024404557039141093,1.6499977111816406,1
2025-09-02,65.95,68.09,34.279998779296875,17.17,98.4000015258789,0.024404557039141093,0.024404557039141093,0.01937862516671111,0.016100222744981827,0.01448128279499634,1.6499977111816406,-2.1400000000000006,9,288,-3.3082359566697748,-3.744444444444445,-10.0,5,3,1,0,1,"113,11","96,65",120.93,0.024404557039141204,0.94000244140625,0
2025-09-03,64.36,67.76,35.220001220703125,16.35,98.13999938964844,-0.024404557039141204,0.024404557039141204,0.019331956836707204,0.017131631096324484,0.015000473664243777,0.94000244140625,-3.4000000000000057,3,117,-5.064710891747182,-3.5666666666666664,-7.2,1,1,0,0,1,"188,29","194,67",185.57,0.008582404243926898,-0.19000244140625,0
2025-09-04,63.81,66.41,35.029998779296875,15.3,98.3499984741211,-0.008582404243926898,0.008582404243926898,0.018582154611202016,0.016911023303795465,0.014874498010263049,-0.19000244140625,-2.5999999999999943,7,165,-3.3385214530470337,-0.9857142857142858,-7.2,2,4,0,0,1,"107,09","71,17",142.47,0.025233426410764627,-1.6999969482421875,0
2025-09-05,62.22,64.92,33.33000183105469,15.18,97.7699966430664,-0.025233426410764627,0.025233426410764627,0.020101092807453813,0.0183931237849326,0.01577274480081976,-1.6999969482421875,-2.700000000000003,3,76,-3.00222444486554,-2.3333333333333335,-7.2,2,1,0,0,1,"142,26","94,55",191.52,0.006088786636561913,1.6999969482421875,1
2025-09-08,62.6,65.44,35.029998779296875,15.11,97.4499969482422,0.006088786636561913,0.006088786636561913,0.021123824276726374,0.018582668622201814,0.015869674903972942,1.6999969482421875,-2.8399999999999963,11,359,-4.807755134685516,-5.163636363636363,-10.0,4,2,1,0,1,"121,49","113,04",148.16,0.00589314439459832,-1.5900001525878906,0
2025-09-09,62.97,67.97,33.439998626708984,15.04,97.79000091552734,0.00589314439459832,0.00589314439459832,0.015412408750439088,0.017602060300687426,0.015949631910881317,-1.5900001525878906,-5.0,7,157,-3.3768392048949627,-3.6714285714285713,-10.0,4,3,3,0,1,"91,24","125,94",81.7,0.01638089865326087,-0.09000015258789062,0
2025-09-10,64.01,67.62,33.349998474121094,15.35,97.77999877929688,0.01638089865326087,0.01638089865326087,0.016159925288866325,0.016896779028629995,0.016215540076973012,-0.09000015258789062,-3.6099999999999994,3,110,-4.664438962167064,-2.6999999999999997,-5.8,0,1,0,0,0,"254,81","246,77",302.69,0.020518396598982636,0.6100006103515625,0
2025-09-11,62.71,67.25,33.959999084472656,14.71,97.54000091552734,-0.020518396598982636,0.020518396598982636,0.01828518050154715,0.017394717846030316,0.01675581266406699,0.6100006103515625,-4.539999999999999,17,413,-4.227186091374374,-6.223529411764706,-10.0,10,4,10,0,1,"162,10","182,68",175.82,0.00493121177419921,-2.1899986267089844,0
2025-09-12,63.02,67.87,31.770000457763672,14.76,97.5500030517578,0.00493121177419921,0.00493121177419921,0.01371873119578571,0.01726005423650535,0.01607296594849784,-2.1899986267089844,-4.850000000000001,4,84,-5.11852540341662,-9.3,-10.0,4,0,3,0,1,"93,82","86,34",120.02,0.010104285524818103,-0.7900009155273438,0
2025-09-15,63.66,67.88,30.979999542236328,15.69,97.3000030517578,0.010104285524818103,0.010104285524818103,0.014089823671659271,0.01756620251406648,0.015735566493702894,-0.7900009155273438,-4.219999999999999,7,186,-2.8491723069296975,-3.814285714285714,-10.0,4,3,3,0,1,"104,69","104,36",111.92,0.019137106779130303,2.1899986267089844,1
2025-09-16,64.89,69.69,33.16999816894531,16.36,96.62999725341795,0.019137106779130303,0.019137106779130303,0.015823710144979578,0.016777942607010862,0.01612405299584528,2.1899986267089844,-4.799999999999997,10,203,-5.442968444985254,-7.49,-10.0,8,1,5,0,1,"105,72","112,42",105.49,0.0074246280742778096,-2.1199989318847656,0
2025-09-17,64.41,69.19,31.049999237060547,15.72,96.87000274658205,-0.0074246280742778096,0.0074246280742778096,0.015500084358860184,0.014978619838200872,0.015679817681936752,-2.1199989318847656,-4.780000000000001,12,236,-3.658258128637539,-4.408333333333333,-10.0,4,3,3,0,1,"147,38","153,92",128.39,0.007793056896608928,0.8299999237060547,0
2025-09-18,63.91,67.83,31.8799991607666,15.7,97.3499984741211,-0.007793056896608928,0.007793056896608928,0.011582760223361783,0.014929912698095465,0.015530581214257471,0.8299999237060547,-3.9200000000000017,5,124,-5.880230359421752,-5.1,-9.2,1,1,0,0,1,"97,63","111,24",92.78,0.014023707333061713,-1.3499984741210938,0
2025-09-19,63.02,67.05,30.530000686645508,15.45,97.63999938964844,-0.014023707333061713,0.014023707333061713,0.013971816695060606,0.013123273218421952,0.015758408425400158,-1.3499984741210938,-4.029999999999994,8,206,-7.962528396294969,-7.7,-10.0,7,0,2,0,1,"136,32","81,54",192.7,0.0004761526952908682,0.34999847412109375,0
2025-09-22,62.99,66.87,30.8799991607666,16.1,97.33000183105467,-0.0004761526952908682,0.0004761526952908682,0.012811983139601897,0.013019645507268746,0.015689726418152753,0.34999847412109375,-3.8800000000000026,1,10,-4.84349020458324,-5.0,-5.0,1,0,0,0,0,"115,47","71,95",144.03,0.012150050848121792,1.700002670288086,1
2025-09-23,63.76,67.96,32.58000183105469,16.64,97.26000213623048,0.012150050848121792,0.012150050848121792,0.00998308935212295,0.013444570396981357,0.015433340239817107,1.700002670288086,-4.199999999999996,9,194,-2.338127932777823,-5.222222222222222,-7.0,0,1,0,0,0,"120,07","112,66",140.96,0.025396223981193483,1.5,1
2025-09-24,65.4,69.64,34.08000183105469,16.18,97.87000274658205,0.025396223981193483,0.025396223981193483,0.01584046848415255,0.014805536072539434,0.015481195982859143,1.5,-4.239999999999995,28,511,-6.937080133609682,2.5107142857142857,-7.2,1,24,0,0,1,"121,69","80,87",168.64,0.0016805442806319155,2.769996643066399,1
2025-09-25,65.51,70.48,36.84999847412109,16.74,98.5500030517578,0.0016805442806319155,0.0016805442806319155,0.014748073983254497,0.012516636604385083,0.015200448620927669,2.769996643066399,-4.969999999999999,13,329,-1.648664517761628,-0.06923076923076912,-9.2,2,7,0,0,1,"145,23","124,10",195.52,0.014999144918023299,-0.9999999999999929,0
2025-09-26,66.5,71.15,35.849998474121094,15.29,98.1500015258789,0.014999144918023299,0.014999144918023299,0.010521511098643655,0.012963879957904793,0.01547005232207174,-0.9999999999999929,-4.650000000000006,7,184,-4.060332746583222,-3.7857142857142856,-10.0,2,2,1,0,1,"154,23","120,33",167.28,0.03410898827861367,-0.30999755859375,1
2025-09-29,64.27,69.0,35.540000915527344,16.12,97.91000366210938,-0.03410898827861367,0.03410898827861367,0.022928557762082358,0.017806664839995674,0.017247112781831324,-0.30999755859375,-4.730000000000004,15,290,-0.5568977124980281,-0.5733333333333335,-7.2,3,9,0,0,1,"109,96","95,92",125.72,0.01726345447258569,0.04000091552734375,0
2025-09-30,63.17,68.52,35.58000183105469,16.28,97.7699966430664,-0.01726345447258569,0.01726345447258569,0.024067257940807916,0.017392274136380836,0.016641099276503087,0.04000091552734375,-5.349999999999994,2,58,-2.8013762257361536,-10.0,-10.0,2,0,2,0,1,"148,96","155,57",129.76,0.009223983973998937,0.80999755859375,0
2025-10-01,62.59,66.67,36.38999938964844,16.29,97.70999908447266,-0.009223983973998937,0.009223983973998937,0.018631924433793162,0.017455932512555374,0.01590258708807354,0.80999755859375,-4.079999999999998,4,108,-0.1688682908729494,-1.8,-7.2,1,2,0,0,1,"162,70","155,71",194.82,0.02115199550427428,1.2299995422363281,0
2025-10-02,61.28,65.44,37.619998931884766,16.63,97.8499984741211,-0.02115199550427428,0.02115199550427428,0.018219631444096877,0.01836250045657818,0.016440883246405687,1.2299995422363281,-4.159999999999997,4,68,-2.975674600300532,-3.0,-7.0,2,1,0,0,0,"172,17","205,97",171.8,0.006019704178017482,-1.1199989318847656,0
2025-10-03,61.65,66.13,36.5,16.65,97.72000122070312,0.006019704178017482,0.006019704178017482,0.014859406336818,0.018264980357302535,0.015581470455459693,-1.1199989318847656,-4.479999999999997,3,92,-3.195420131384523,-7.466666666666666,-8.0,3,0,1,0,1,"292,29","259,01",280.85,0.01353331433063704,-4.060001373291016,0
2025-10-06,62.49,67.09,32.439998626708984,16.37,98.11000061035156,0.01353331433063704,0.01353331433063704,0.01493430399430137,0.018936635509010008,0.01583304310901792,-4.060001373291016,-4.600000000000001,6,111,-5.119924098450986,-6.633333333333333,-7.2,4,0,0,0,1,"194,04","207,26",161.35,0.0004799616122854747,-0.6199989318847656,0
2025-10-07,62.52,67.1,31.81999969482422,17.24,98.58000183105467,0.0004799616122854747,0.0004799616122854747,0.013515833911900439,0.018402150219758273,0.015771566483791122,-0.6199989318847656,-4.579999999999991,5,142,-5.831806696719497,-5.0600000000000005,-7.2,4,1,0,0,1,"172,76","104,84",199.87,0.01350405778214973,-0.28999900817871094,0
2025-10-08,63.37,67.42,31.530000686645508,16.3,98.8499984741211,0.01350405778214973,0.01350405778214973,0.01430652328191958,0.016747437310980193,0.015623283158808258,-0.28999900817871094,-4.050000000000004,3,92,-2.8761353637999134,-9.066666666666666,-10.0,3,0,2,0,1,"84,94","127,01",35.31,0.016066519145849847,0.9499988555908203,0
2025-10-09,62.36,67.23,32.47999954223633,16.43,99.54000091552734,-0.016066519145849847,0.016066519145849847,0.01223791860601942,0.017114593811683027,0.015352461860201816,0.9499988555908203,-4.8700000000000045,5,144,-1.3874694699147965,-2.9200000000000004,-7.2,3,2,0,0,1,"192,76","185,05",201.84,0.042754853377955676,5.25,1
2025-10-10,59.75,64.41,37.72999954223633,21.66,98.9800033569336,-0.042754853377955676,0.042754853377955676,0.023747960398299305,0.01925393331162919,0.017978842675941246,5.25,-4.659999999999997,3,56,-3.680191427329047,2.5333333333333337,-7.2,1,2,0,0,1,"193,34","179,90",214.36,0.0038568002867835943,0.17000198364257812,0
2025-10-14,59.52,63.0,37.900001525878906,20.81,99.0500030517578,-0.0038568002867835943,0.0038568002867835943,0.021268234868204332,0.017460917906549488,0.017726252972602576,0.17000198364257812,-3.479999999999997,0,0,0.0,0.0,0.0,0,0,0,0,0,"218,14","144,98",268.73,0.007419932861657423,-1.2800025939941406,0
2025-10-15,59.08,62.33,36.619998931884766,20.64,98.79000091552734,-0.007419932861657423,0.007419932861657423,0.02060232488230709,0.017134922677900472,0.016928896712326138,-1.2800025939941406,-3.25,7,226,-3.1630248617012358,-5.6000000000000005,-9.2,3,1,0,0,1,"186,72","110,31",230.02,0.013461905605720649,1.6399993896484375,1
2025-10-16,58.29,61.08,38.2599983215332,25.31,98.38999938964844,-0.013461905605720649,0.013461905605720649,0.015336302052163102,0.017256433288966762,0.017033725662116594,1.6399993896484375,-2.789999999999999,5,82,-4.062747896227992,-4.66,-7.0,1,1,0,0,0,"157,74","104,84",212.37,0.00017154129898822577,-1.0199966430664062,0
2025-10-17,58.3,61.23,37.2400016784668,20.78,98.43000030517578,0.00017154129898822577,0.00017154129898822577,0.01712243495865276,0.01663581816044518,0.0170578760496016,-1.0199966430664062,-2.9299999999999997,4,124,-1.3687600929131902,3.65,3.5,0,4,0,0,0,"133,52","177,48",137.46,0.0006858710831287667,-0.470001220703125,0
2025-10-20,58.34,60.71,36.77000045776367,18.23,98.58999633789062,0.0006858710831287667,0.0006858710831287667,0.005864948116020325,0.01632640251713362,0.016946636759203333,-0.470001220703125,-2.3699999999999974,4,56,1.254701738836088,-0.75,-5.0,2,2,0,0,0,"155,52","232,56",155.18,0.005470099109729443,-0.9000015258789062,0
2025-10-21,58.66,61.0,35.869998931884766,17.87,98.93000030517578,0.005470099109729443,0.005470099109729443,0.007488899273207656,0.015456888007446917,0.017060870247613182,-0.9000015258789062,-2.3400000000000034,8,188,-2.2384869055474756,-1.85,-7.2,4,4,0,0,1,"180,03","143,58",215.57,0.010851242454374702,2.220001220703125,1
2025-10-22,59.3,62.28,38.09000015258789,18.6,98.9000015258789,0.010851242454374702,0.010851242454374702,0.009036470589422639,0.016289719953571678,0.017000285008914835,2.220001220703125,-2.980000000000004,8,216,-1.852360860715687,-3.3375,-10.0,4,3,1,0,1,"121,10","127,83",130.32,0.05159678964355159,2.3699989318847656,1
2025-10-23,62.44,66.32,40.459999084472656,17.3,98.94000244140624,0.05159678964355159,0.05159678964355159,0.02158926188491103,0.023864910748181093,0.020084190004867015,2.3699989318847656,-3.8799999999999955,6,160,-2.824749460564822,-5.3,-7.2,3,1,0,0,1,"196,93","140,23",257.32,0.002726326762870632,-1.7599983215332031,0
2025-10-24,62.27,65.8,38.70000076293945,16.37,98.9499969482422,-0.002726326762870632,0.002726326762870632,0.022078438570035358,0.023325605769645867,0.020062200307154637,-1.7599983215332031,-3.529999999999994,11,330,-3.5561896325278872,-5.0181818181818185,-9.2,4,2,0,0,1,"161,42","111,94",198.42,0.002250804808758153,0.2599983215332031,0
2025-10-27,62.13,65.52,38.959999084472656,15.79,98.77999877929688,-0.002250804808758153,0.002250804808758153,0.022528233627292598,0.018016922908993142,0.019634907823424915,0.2599983215332031,-3.3899999999999935,4,64,1.112095288923745,-6.0,-7.2,1,0,0,0,1,"171,88","124,62",207.89,0.018847024155877842,-1.779998779296875,0
2025-10-28,60.97,64.03,37.18000030517578,16.42,98.69000244140624,-0.018847024155877842,0.018847024155877842,0.02668954242107977,0.01931163517730986,0.018650445858691564,-1.779998779296875,-3.0600000000000023,2,30,-0.40322580645162,-7.2,-7.2,2,0,0,0,1,"135,64","170,81",106.86,0.004745161484904379,-0.04000091552734375,0
2025-10-29,61.26,65.01,37.13999938964844,16.92,99.22000122070312,0.004745161484904379,0.004745161484904379,0.026650390029643815,0.019004542769618226,0.01838939036311601,-0.04000091552734375,-3.750000000000007,10,180,-4.152962924049722,-6.51,-10.0,7,1,2,0,1,"100,99","134,24",111.97,0.0016310556543715023,-2.3999977111816406,0
2025-10-30,61.36,65.11,34.7400016784668,16.91,99.52999877929688,0.0016310556543715023,0.0016310556543715023,0.00911043477704504,0.018073411687209055,0.01831053526082008,-2.3999977111816406,-3.75,2,54,-0.24377456879773224,3.5,3.5,0,2,0,0,0,"132,02","83,76",159.68,0.006335818449085924,1.4599990844726562,1
2025-10-31,61.75,65.44,36.20000076293945,17.44,99.8000030517578,0.006335818449085924,0.006335818449085924,0.010143121205955551,0.017990329844812157,0.01774045492741382,1.4599990844726562,-3.6899999999999977,5,132,-4.109525735087382,-1.26,-7.2,2,2,0,0,1,"158,78","141,92",236.75,0.0006475635648015503,-1.8899993896484375,0
2025-11-03,61.79,65.79,34.310001373291016,17.17,99.87000274658205,0.0006475635648015503,0.0006475635648015503,0.010184875882355907,0.0179915318298893,0.017691203794477774,-1.8899993896484375,-4.000000000000007,4,74,-5.833236522643787,-3.025,-7.2,1,1,0,0,1,"236,61","350,80",141.26,0.006657489881297983,-0.04000091552734375,0
2025-11-04,61.38,65.04,34.27000045776367,19.0,100.22000122070312,-0.006657489881297983,0.006657489881297983,0.005026861641148481,0.01841588677652683,0.017459672613277306,-0.04000091552734375,-3.6600000000000037,10,290,-2.9231152940756764,-3.3,-10.0,3,3,2,0,1,"107,06","138,12",104.73,0.016094944250820913,-0.5800018310546875,0
2025-11-05,60.4,63.54,33.689998626708984,18.01,100.1999969482422,-0.016094944250820913,0.016094944250820913,0.008755214013549239,0.01933696671626595,0.0177813286360967,-0.5800018310546875,-3.1400000000000006,6,161,-0.15789375241341608,-4.8999999999999995,-10.0,4,2,2,0,1,"140,96","93,68",195.35,0.002652521449131117,0.06999969482421875,0
2025-11-06,60.24,63.41,33.7599983215332,19.5,99.7300033569336,-0.002652521449131117,0.002652521449131117,0.00841273337633959,0.008267682835795381,0.01741630490666612,0.06999969482421875,-3.1699999999999946,4,186,-0.7969621060154579,1.2000000000000002,-9.2,1,3,0,0,1,"82,08","93,52",87.75,0.004967720101934447,-0.4299964904785156,0
2025-11-07,60.54,63.72,33.33000183105469,19.08,99.5999984741211,0.004967720101934447,0.004967720101934447,0.008018363777598701,0.008703212091877037,0.01718964788383818,-0.4299964904785156,-3.1799999999999997,6,76,0.9374555508139768,-1.0,-10.0,2,4,2,0,1,"99,21","87,92",100.83,0.006585469963990387,-1.2100028991699219,0
2025-11-10,60.94,63.01,32.119998931884766,17.6,99.62000274658205,0.006585469963990387,0.006585469963990387,0.009220597161712182,0.009201453111397247,0.014242279908352536,-1.2100028991699219,-2.0700000000000003,4,68,-3.809315503032888,-4.5,-9.0,2,1,0,0,1,"105,16","117,94",98.38,0.02728046755388328,0.8800010681152344,0
2025-11-12,59.3,61.88,33.0,17.51,99.4800033569336,-0.02728046755388328,0.02728046755388328,0.014497000418336785,0.011111969293430361,0.015563311499398979,0.8800010681152344,-2.5800000000000054,6,103,-0.16089502244852555,3.5,3.5,0,6,0,0,0,"77,42","99,24",101.17,0.004039049583950575,-0.3699989318847656,0
2025-11-13,59.54,62.14,32.630001068115234,20.0,99.18000030517578,0.004039049583950575,0.004039049583950575,0.0140933401008612,0.011060983185953865,0.015493722147521032,-0.3699989318847656,-2.6000000000000014,14,336,-2.196532444386023,-0.6428571428571429,-10.0,3,8,2,0,1,"71,03","64,37",64.43,0.02209208691820262,0.48999786376953125,0
2025-11-14,60.87,63.45,33.119998931884766,19.83,99.2699966430664,0.02209208691820262,0.02209208691820262,0.017993031547532158,0.013585873483874758,0.015856446244632352,0.48999786376953125,-2.5800000000000054,4,76,-3.7285237488666954,-2.0,-5.0,0,1,0,0,0,"81,59","43,38",108.55,0.0034559402453979765,-0.7399978637695312,0
2025-11-17,60.66,63.16,32.380001068115234,22.38,99.58999633789062,-0.0034559402453979765,0.0034559402453979765,0.018049417138622147,0.01336535817938122,0.015901138011150152,-0.7399978637695312,-2.5,11,245,-2.3791522990831724,-3.8545454545454545,-7.2,7,3,0,0,1,"111,82","69,67",127.85,0.013915260959841778,0.9500007629394531,0
2025-11-18,61.51,64.86,33.33000183105469,24.69,99.5500030517578,0.013915260959841778,0.013915260959841778,0.018952842563570153,0.014261702030748698,0.01611797531311868,0.9500007629394531,-3.3500000000000014,17,405,-5.582468416601463,-4.18235294117647,-10.0,12,5,4,0,1,"81,25","49,85",93.55,0.020365295725324133,0.7899971008300781,0
2025-11-19,60.27,63.78,34.119998931884766,23.66,100.2300033569336,-0.020365295725324133,0.020365295725324133,0.01637105932277844,0.015526845753097682,0.01689618932649807,0.7899971008300781,-3.509999999999998,16,570,-5.125261648966285,0.33749999999999997,-10.0,3,11,1,0,1,"59,47","59,29",59.34,0.003323918632882714,2.2600021362304688,1
2025-11-20,60.07,63.64,36.380001068115234,26.42,100.16000366210938,-0.003323918632882714,0.003323918632882714,0.01661117339393134,0.01472734011416581,0.016773689473981685,2.2600021362304688,-3.5700000000000003,12,372,-1.4712081400487573,-0.9583333333333334,-7.2,5,7,0,0,1,"84,79","67,63",94.01,0.02034880605674333,-0.4099998474121094,0
2025-11-21,58.86,62.78,35.970001220703125,23.43,100.18000030517578,-0.02034880605674333,0.02034880605674333,0.01431729556199331,0.01601521184176284,0.012421611138983681,-0.4099998474121094,-3.9200000000000017,8,236,-3.1439496523387853,-5.9625,-8.0,7,1,1,0,1,"163,01","23,22",261.41,0.004238372030951326,0.3299980163574219,0
2025-11-24,59.11,64.83,36.29999923706055,20.52,100.13999938964844,0.004238372030951326,0.004238372030951326,0.015144847272104358,0.01597996991917489,0.012525469303460554,0.3299980163574219,-5.719999999999999,0,0,0.0,0.0,0.0,0,0,0,0,0,"173,25","234,90",138.3,0.014656022390468157,1.2700004577636719,0
2025-11-25,58.25,63.99,37.56999969482422,18.56,99.66000366210938,-0.014656022390468157,0.014656022390468157,0.010949273798707155,0.016065813590536906,0.012810958916864788,1.2700004577636719,-5.740000000000002,5,106,-2.8035064312001388,-6.4,-10.0,3,1,3,0,1,"188,15","45,47",293.94,0.009567816026054773,-1.8699989318847656,0
2025-11-26,58.81,64.81,35.70000076293945,17.19,99.5999984741211,0.009567816026054773,0.009567816026054773,0.012541501665430698,0.014403861604935375,0.01256035546350333,-1.8699989318847656,-6.0,5,101,-0.8042425006232883,-5.4799999999999995,-10.0,3,1,1,0,1,"118,31","47,18",167.24,0.003918567072277213,0.25,0
2025-11-28,58.58,64.07,35.95000076293945,16.35,99.45999908447266,-0.003918567072277213,0.003918567072277213,0.012525575305982993,0.014324588186906913,0.012471701784496317,0.25,-5.489999999999995,11,240,-3.6047712600504185,2.5272727272727273,-7.2,1,10,0,0,1,"151,37","81,25",213.0,0.015078642318914827,-0.13000106811523438,0
2025-12-01,59.47,64.22,35.81999969482422,17.24,99.41000366210938,0.015078642318914827,0.015078642318914827,0.011680820838401638,0.013158562997751632,0.0130407113673331,-0.13000106811523438,-4.75,2,72,-1.2924972171558267,-7.0,-7.0,2,0,0,0,0,"149,95","135,90",147.36,0.01116007524663766,0.06999969482421875,0
2025-12-02,58.81,63.37,35.88999938964844,16.59,99.36000061035156,-0.01116007524663766,0.01116007524663766,0.012927026230047933,0.013454225849390353,0.01306966016419793,0.06999969482421875,-4.559999999999995,6,188,-3.822711614919001,-7.366666666666667,-9.2,2,0,0,0,1,"110,01","109,67",121.97,0.004749796885718645,-2.1699981689453125,0
2025-12-03,59.09,63.75,33.720001220703125,16.08,98.8499984741211,0.004749796885718645,0.004749796885718645,0.010492530291333001,0.012440505569545372,0.013152577648916752,-2.1699981689453125,-4.659999999999997,7,152,-5.336886628008364,-4.257142857142857,-7.0,1,1,0,0,0,"106,48","117,94",127.89,0.01227834784421873,-0.4200019836425781,0
2025-12-04,59.82,64.15,33.29999923706055,15.78,98.98999786376952,0.01227834784421873,0.01227834784421873,0.010984019701854371,0.011946165863646984,0.013494497986478171,-0.4200019836425781,-4.330000000000005,2,30,-5.624591995217844,5.25,3.5,0,2,0,0,0,"154,63","142,29",187.92,0.006830513853827756,-1.2399978637695312,0
2025-12-05,60.23,64.42,32.060001373291016,15.41,98.98999786376952,0.006830513853827756,0.006830513853827756,0.010217291671594003,0.012133124764168534,0.013139488874922675,-1.2399978637695312,-4.190000000000005,5,152,0.19476520723574894,-1.1400000000000001,-9.0,2,3,1,0,1,"150,30","131,86",189.97,0.01995538676341256,0.9699974060058594,0
2025-12-08,59.04,63.3,33.029998779296875,16.66,99.08999633789062,-0.01995538676341256,0.01995538676341256,0.013529660167028409,0.012059266715585788,0.01386326544141636,0.9699974060058594,-4.259999999999998,2,48,-3.35195530726256,3.5,3.5,0,2,0,0,0,"110,64","116,78",97.41,0.010899290458035742,-2.2099990844726562,0
2025-12-09,58.4,62.62,30.81999969482422,16.93,99.22000122070312,-0.010899290458035742,0.010899290458035742,0.013483299427040305,0.012454331942175798,0.01395710342037062,-2.2099990844726562,-4.219999999999999,2,74,-3.47222222222222,-5.0,-5.0,0,0,0,0,0,"104,48","61,27",122.65,0.004612633103587147,-0.03999900817871094,0
2025-12-10,58.67,63.12,30.780000686645508,15.77,98.79000091552734,0.004612633103587147,0.004612633103587147,0.013467791805995133,0.011604175944758734,0.013901585332101151,-0.03999900817871094,-4.449999999999996,4,102,-4.149701712523829,-7.2,-7.2,4,0,0,0,1,"95,67","59,61",119.33,0.015632028353197765,1.0999984741210938,0
2025-12-11,57.76,61.87,31.8799991607666,14.85,98.3499984741211,-0.015632028353197765,0.015632028353197765,0.012079884181409557,0.012190321258802624,0.01299675758316761,1.0999984741210938,-4.109999999999999,6,213,-8.214242734071233,-8.633333333333333,-10.0,6,0,1,0,1,"142,22","106,34",187.25,0.002600330840278974,-1.9499988555908203,0
2025-12-12,57.61,62.11,29.93000030517578,15.74,98.4000015258789,-0.002600330840278974,0.002600330840278974,0.009922397624170827,0.012171998300754376,0.012937444837714154,-1.9499988555908203,-4.5,4,112,-3.2683964706237796,1.2000000000000002,-9.2,1,3,0,0,1,"175,30","108,47",201.06,0.011171350251987528,2.9199981689453125,1
2025-12-15,56.97,61.55,32.849998474121094,16.5,98.1500015258789,-0.011171350251987528,0.011171350251987528,0.008081329679286197,0.010925429699631813,0.01181430384785936,2.9199981689453125,-4.579999999999998,6,138,-6.552935018539818,3.0500000000000003,-7.0,0,5,0,0,0,"202,67","250,81",174.34,0.027223458610656427,3.3800010681152344,1
2025-12-16,55.44,59.93,36.22999954223633,16.48,98.1500015258789,-0.027223458610656427,0.027223458610656427,0.01221895874221225,0.013025939701019238,0.01296864243230153,3.3800010681152344,-4.490000000000002,6,202,0.8447245028025738,-0.5,-10.0,1,4,1,0,1,"145,12","150,97",136.41,0.011299555253933466,0.5100021362304688,0
2025-12-17,56.07,60.61,36.7400016784668,17.62,98.37000274658205,0.011299555253933466,0.011299555253933466,0.014437791110143833,0.01376471481038995,0.012785053910794921,0.5100021362304688,-4.539999999999999,4,100,-3.511667681476631,-4.425,-7.2,3,1,0,0,1,"125,11","130,67",118.9,0.0026716553428046057,-3.140003204345703,0
2025-12-18,56.22,60.69,33.599998474121094,16.87,98.43000030517578,0.0026716553428046057,0.0026716553428046057,0.014675120340204458,0.01269979212906112,0.012322148240271892,-3.140003204345703,-4.469999999999999,8,196,-2.293165154449091,-0.6875,-7.2,4,4,0,0,1,"209,34","270,08",194.56,0.0102637602487199,0.020000457763671875,0
2025-12-19,56.8,61.35,33.619998931884766,14.91,98.5999984741211,0.0102637602487199,0.0102637602487199,0.01632465947803245,0.013130503983052494,0.012699885981760542,0.020000457763671875,-4.550000000000004,3,154,-2.5151243785336277,-7.3999999999999995,-10.0,3,0,1,0,1,"100,56","82,56",147.56,0.02400532733994993,-0.5900001525878906,0
2025-12-22,58.18,62.22,33.029998779296875,14.08,98.29000091552734,0.02400532733994993,0.02400532733994993,0.019165029323828624,0.015099652972302884,0.013330892429378776,-0.5900001525878906,-4.039999999999999,3,54,-7.233814316621804,-10.0,-10.0,3,0,3,0,1,"106,63","127,56",70.93,0.006339436976670784,-0.009998321533203125,0
2025-12-23,58.55,63.7,33.02000045776367,14.0,97.94000244140624,0.006339436976670784,0.006339436976670784,0.008074917483441208,0.014885723296574312,0.013379061729835724,-0.009998321533203125,-5.150000000000006,6,194,-3.4894374676816327,0.18333333333333357,-9.2,2,4,0,0,1,"97,63","83,43",127.58,0.0028992942625337454,-1.3100013732910156,0
2025-12-24,58.72,63.7,31.709999084472656,13.47,97.9800033569336,0.0028992942625337454,0.0028992942625337454,0.008815098678943598,0.014839803098665363,0.012969386971394851,-1.3100013732910156,-4.980000000000004,6,145,-5.394397631097888,-7.683333333333334,-10.0,6,0,2,0,1,"134,29","89,25",186.12,0.036771399097122896,0.5100021362304688,1
2025-12-26,56.6,,32.220001220703125,13.6,98.0199966430664,-0.036771399097122896,0.036771399097122896,0.02276650393091525,0.01840491343908656,0.015194114270323302,0.5100021362304688,,1,52,-4.51973119674705,-5.0,-5.0,1,0,0,0,0,"144,02","159,53",186.29,0.0225356728817759,-0.060001373291015625,0
2025-12-29,57.89,63.1,32.15999984741211,14.2,98.04000091552734,0.0225356728817759,0.0225356728817759,0.024559006051975626,0.01996822446338412,0.016132997530044036,-0.060001373291015625,-5.210000000000001,1,16,-0.421592643874037,-5.0,-5.0,0,0,0,0,0,"62,95","47,06",65.43,0.001728907761226699,-1.3999996185302699,0
2025-12-30,57.79,62.3,30.76000022888184,14.33,98.23999786376952,-0.001728907761226699,0.001728907761226699,0.02180899058139022,0.01957517603652644,0.015705819946849976,-1.3999996185302699,-4.509999999999998,1,20,-8.90804597701149,-10.0,-10.0,1,0,1,0,1,"218,89","160,03",266.96,0.009213450659717671,-0.5900001525878942,0
2025-12-31,57.26,61.35,30.170000076293945,14.95,98.27999877929688,-0.009213450659717671,0.009213450659717671,0.021546497081993885,0.017347899681482756,0.01564829239529984,-0.5900001525878942,-4.090000000000003,1,15,-1.75,-10.0,-10.0,1,0,1,0,1,"161,76","140,23",210.54,0.0008735913895315788,-1.7700004577636648,0
2026-01-02,57.21,61.98,28.39999961853028,14.51,98.41999816894533,-0.0008735913895315788,0.0008735913895315788,0.021289048452580416,0.017144652878162223,0.015583583905516927,-1.7700004577636648,-4.769999999999996,2,36,-5.769100092867338,-7.65,-9.5,1,0,1,0,1,"175,08","111,71",232.94,0.01543695557742807,1.0100002288818288,0
2026-01-05,58.1,63.0,29.40999984741211,14.9,98.2699966430664,0.01543695557742807,0.01543695557742807,0.013209482760210407,0.017666450280934668,0.015746961806381722,1.0100002288818288,-4.899999999999999,11,228,-2.380343843774341,0.9454545454545454,-9.2,2,8,0,0,1,"263,89","166,16",300.28,0.019640850365561437,0.6499996185302734,0
2026-01-06,56.97,62.1,30.059999465942383,14.75,98.58000183105467,-0.019640850365561437,0.019640850365561437,0.01285861066961549,0.01884631382933999,0.016121595773297307,0.6499996185302734,-5.130000000000003,8,185,-5.058604614914363,0.30000000000000004,-9.2,1,5,0,0,1,"255,33","66,99",379.93,0.016994567270563317,2.9200000762939453,1
2026-01-07,56.01,61.08,32.97999954223633,15.38,98.68000030517578,-0.016994567270563317,0.016994567270563317,0.014166617440420701,0.017529714079805477,0.015968466280522786,2.9200000762939453,-5.07,7,232,-0.39921466149893753,-4.085714285714285,-10.0,5,2,2,0,1,"242,22","65,26",348.4,0.030419928013048204,2.8199996948242188,1
2026-01-08,57.74,63.34,35.79999923706055,15.45,98.93000030517578,0.030419928013048204,0.030419928013048204,0.02136045234528389,0.020482732847514538,0.017447289065350806,2.8199996948242188,-5.600000000000001,8,170,-5.755356454756249,-6.5,-10.0,6,1,1,0,1,"267,44","169,66",333.57,0.02090907364629205,1.0,0
2026-01-09,58.96,65.11,36.79999923706055,14.49,99.12999725341795,0.02090907364629205,0.02090907364629205,0.022879408946887045,0.021660019201721586,0.01807135908965377,1.0,-6.149999999999999,16,384,-0.9472615939423638,0.75,-10.0,2,12,1,0,1,"131,63","142,16",118.57,0.00726661414668768,2.0499992370605398,1
2026-01-12,59.39,65.4,38.84999847412109,15.12,98.86000061035156,0.00726661414668768,0.00726661414668768,0.022324276703209446,0.01729873503819713,0.01773465482893457,2.0499992370605398,-6.010000000000005,4,75,-4.826545452503554,-6.2,-9.0,1,0,0,0,1,"186,33","151,36",241.02,0.024285957405767427,1.5800018310546946,1
2026-01-13,60.85,67.58,40.43000030517578,15.98,99.12999725341795,0.024285957405767427,0.024285957405767427,0.018879675551174785,0.017505609531477163,0.018421842296724927,1.5800018310546946,-6.729999999999997,9,325,-6.718531537861297,-4.577777777777778,-7.2,2,2,0,0,1,"167,42","119,22",228.71,0.01613858484563044,3.759998321533196,1
2026-01-14,61.84,68.87,44.18999862670898,16.75,99.12999725341795,0.01613858484563044,0.01613858484563044,0.008726803106133553,0.017655207377432158,0.018348750602164492,3.759998321533196,-7.030000000000001,10,278,-7.300390890697262,-5.470000000000001,-10.0,1,1,1,0,1,"119,88","62,90",178.39,0.04481199444642803,-2.1299972534179616,1
2026-01-15,59.13,66.16,42.060001373291016,15.84,99.31999969482422,-0.04481199444642803,0.04481199444642803,0.028439380731352784,0.02376764766090213,0.020251910431971044,-2.1299972534179616,-7.029999999999994,3,58,-5.896431853824627,-9.733333333333333,-10.0,3,0,2,0,1,"152,98","46,93",225.06,0.004555816535860661,1.1299972534179616,0
2026-01-16,59.4,66.97,43.18999862670898,15.86,99.38999938964844,0.004555816535860661,0.004555816535860661,0.027022582494297506,0.023725883950524492,0.0201663006128633,1.1299972534179616,-7.57,8,189,-0.9926360701638884,-7.45,-10.0,7,0,2,0,1,"194,86","84,99",283.55,0.015037877364540502,-0.40999984741209516,0
2026-01-20,60.3,67.68,42.77999877929688,20.09,98.63999938964844,0.015037877364540502,0.015037877364540502,0.027654221001413657,0.02370437997702871,0.020348183590206136,-0.40999984741209516,-7.38000000000001,4,104,-1.9676518814240407,-2.125,-9.0,1,2,0,0,1,"251,43","137,86",303.15,0.0013258205455530235,2.670001983642571,1
2026-01-21,60.38,66.72,45.45000076293945,16.9,98.76000213623048,0.0013258205455530235,0.0013258205455530235,0.025025962564556567,0.02229414979621548,0.020289951380214836,2.670001983642571,-6.339999999999996,4,148,-5.729420334437676,0.8,-5.8,0,2,0,0,0,"180,36","143,84",219.96,0.019060934879094743,-0.75,0
2026-01-22,59.24,65.46,44.70000076293945,15.64,98.36000061035156,-0.019060934879094743,0.019060934879094743,0.023722805139922944,0.022537287241589748,0.02023482751016452,-0.75,-6.219999999999992,5,108,-1.2619693308681565,-2.6,-10.0,1,2,1,0,1,"133,72","84,83",151.62,0.024346708665854495,2.9399986267089844,1
2026-01-23,60.7,68.16,47.63999938964844,16.09,97.5999984741211,0.024346708665854495,0.024346708665854495,0.01633546031729485,0.021866175743947402,0.020879812181894424,2.9399986267089844,-7.459999999999994,4,84,-3.3011725516361965,0.4500000000000002,-9.0,1,3,0,0,1,"193,19","135,95",255.13,0.003961708714140672,0.1399993896484446,0
2026-01-26,60.46,67.7,47.77999877929688,16.15,97.04000091552734,-0.003961708714140672,0.003961708714140672,0.016860462339036965,0.021261578750776115,0.020917183448560032,0.1399993896484446,-7.240000000000002,5,120,-0.5358556465816701,1.3599999999999999,-7.2,1,4,0,0,1,"80,79","69,04",76.78,0.02579734895702611,1.8300018310546804,1
2026-01-27,62.04,70.28,49.61000061035156,16.35,96.22000122070312,0.02579734895702611,0.02579734895702611,0.01921710552863779,0.022493813286701754,0.019531293282033062,1.8300018310546804,-8.240000000000002,7,126,-1.185487419744412,0.8428571428571429,-5.8,0,5,0,0,0,"206,28","96,77",282.51,0.011379239703555272,0.779998779296875,0
2026-01-28,62.75,70.9,50.38999938964844,16.35,96.4499969482422,0.011379239703555272,0.011379239703555272,0.01917229015484113,0.021575321234996118,0.01914727842863514,0.779998779296875,-8.150000000000006,7,213,-2.487498436320076,-5.6571428571428575,-9.0,5,1,0,0,1,"134,14","93,02",184.28,0.0316839551829323,4.979999542236328,1
2026-01-29,64.77,71.0,55.369998931884766,16.88,96.27999877929688,0.0316839551829323,0.0316839551829323,0.014268560428528079,0.02312552622610179,0.020054473042139004,4.979999542236328,-6.230000000000004,1,18,-3.53362324100452,-7.2,-7.2,1,0,0,0,1,"177,57","122,08",244.39,0.004177309393098857,0.5400009155273438,0
2026-01-30,64.5,72.25,55.90999984741211,17.44,96.98999786376952,-0.004177309393098857,0.004177309393098857,0.016542276427602712,0.01592033555578998,0.019888272790311145,0.5400009155273438,-7.75,4,102,-6.199499428742825,-3.5,-7.5,0,1,0,0,1,"161,46","72,69",233.87,0.04600335326225272,-7.209999084472656,1
2026-02-02,61.6,67.72,48.70000076293945,16.34,97.61000061035156,-0.04600335326225272,0.04600335326225272,0.03107585138967327,0.0235703046446388,0.023017571340139393,-7.209999084472656,-6.119999999999997,4,80,-3.8883536052642995,1.0,-5.0,0,2,0,0,0,"109,21","72,58",121.08,0.016422845358785427,3.6399993896484375,1
2026-02-03,62.62,70.01,52.34000015258789,18.0,97.44000244140624,0.016422845358785427,0.016422845358785427,0.02966273072671667,0.023648678669083996,0.02304507696701619,3.6399993896484375,-7.390000000000008,4,114,-1.5276112347649702,-7.45,-10.0,3,0,1,0,1,"141,46","105,77",156.84,0.03051030806343372,2.7900009155273438,1
2026-02-04,64.56,71.15,55.130001068115234,18.64,97.62000274658205,0.03051030806343372,0.03051030806343372,0.032312899503621186,0.025070854180991187,0.023094846897921503,2.7900009155273438,-6.590000000000003,7,176,-7.694228117693523,-4.214285714285714,-9.0,2,2,2,0,1,"239,61","226,93",338.71,0.026048860255298536,-0.15999984741210938,0
2026-02-05,62.9,69.87,54.970001220703125,21.77,97.81999969482422,-0.026048860255298536,0.026048860255298536,0.03098884815744667,0.025950424162250043,0.023656464719272147,-0.15999984741210938,-6.970000000000006,2,58,-1.1081839621316878,-0.75,-5.0,0,1,0,0,0,"139,29","169,04",120.86,0.013736696620785523,-1.7900009155273438,0
2026-02-06,63.77,70.45,53.18000030517578,17.76,97.62999725341795,0.013736696620785523,0.013736696620785523,0.03224215243347661,0.025326118042086915,0.023028470342708936,-1.7900009155273438,-6.68,14,304,-5.740787339606435,-5.971428571428571,-10.0,3,2,3,0,1,"114,82","80,13",143.22,0.011847371620568044,-2.3899993896484375,0
2026-02-09,64.53,71.19,50.790000915527344,17.36,96.81999969482422,0.011847371620568044,0.011847371620568044,0.0210732484110645,0.025202251478002077,0.022786163774771537,-2.3899993896484375,-6.659999999999997,7,243,-2.260445597409357,3.5,3.5,0,7,0,0,0,"114,45","101,42",116.31,0.005127021251832878,-2.770000457763672,0
2026-02-10,64.2,71.01,48.02000045776367,17.79,96.8000030517578,-0.005127021251832878,0.005127021251832878,0.021450985626619425,0.024459641264223602,0.022875701949589527,-2.770000457763672,-6.810000000000002,3,95,-2.1107369641649028,-2.6666666666666665,-7.0,0,1,0,0,0,"59,26","23,63",78.84,0.00930239266231341,-3.6899986267089844,0
2026-02-11,64.8,71.52,44.33000183105469,17.65,96.83000183105467,0.00930239266231341,0.00930239266231341,0.01671576609997676,0.024393300742990454,0.022413396493512355,-3.6899986267089844,-6.719999999999999,7,170,-0.2947327897792295,1.0714285714285714,-5.0,2,5,0,0,0,"107,05","142,29",69.23,0.026901841263391405,-2.3300018310546875,0
2026-02-12,63.08,69.8,42.0,20.82,96.93000030517578,-0.026901841263391405,0.026901841263391405,0.017058383526721094,0.023824768623576274,0.023154146223748697,-2.3300018310546875,-6.719999999999999,3,60,-4.018839806953505,-2.1666666666666665,-5.0,0,1,0,0,0,"125,65","91,10",161.47,0.0004756996839091339,0.18000030517578125,0
2026-02-13,63.05,69.96,42.18000030517578,20.6,96.87999725341795,-0.0004756996839091339,0.0004756996839091339,0.015421820068354054,0.02382705228899551,0.020509277643248218,0.18000030517578125,-6.909999999999997,10,232,-4.208646985456816,-1.4,-9.0,3,5,0,0,1,"116,79","74,09",158.91,0.008281620831721986,0.3600006103515625,0
2026-02-17,62.53,69.77,42.540000915527344,20.29,97.16000366210938,-0.008281620831721986,0.008281620831721986,0.013295635017901994,0.018532483892878367,0.020665215846103098,0.3600006103515625,-7.239999999999995,6,130,-1.9032136078419535,-1.8999999999999997,-7.2,1,2,0,0,1,"82,99","68,94",80.51,0.04380490727345246,8.950000762939453,1
2026-02-18,65.33,71.78,51.4900016784668,19.62,97.6999969482422,0.04380490727345246,0.04380490727345246,0.026158351929177263,0.02256643836135263,0.022498656974402925,8.950000762939453,-6.450000000000003,8,220,-0.5151657910190436,-7.4875,-10.0,4,0,2,0,1,"144,57","62,66",219.52,0.02015372402693473,5.239997863769531,1
2026-02-19,66.66,73.17,56.72999954223633,20.23,97.93000030517578,0.02015372402693473,0.02015372402693473,0.027190950220165083,0.021436002406375977,0.022772841974752128,5.239997863769531,-6.510000000000005,7,160,-1.6643707606578968,-3.1714285714285713,-7.2,4,2,0,0,1,"135,46","36,83",215.04,0.00044994376462123456,-0.6100006103515625,0
2026-02-20,66.69,72.75,56.119998931884766,19.09,97.8000030517578,0.00044994376462123456,0.00044994376462123456,0.02106326215230446,0.018907126396765343,0.022098153306195148,-0.6100006103515625,-6.060000000000002,7,156,-3.378746475529433,-5.742857142857143,-9.0,2,1,0,0,1,"129,78","61,61",205.56,0.004960551321971096,2.9300003051757812,1
2026-02-23,66.36,71.9,59.04999923706055,21.01,97.6999969482422,-0.004960551321971096,0.004960551321971096,0.021764863303170262,0.018965047647939114,0.021781578773800766,2.9300003051757812,-5.540000000000006,6,154,-3.5904171453231437,-1.5833333333333333,-10.0,2,3,1,0,1,"129,14","103,00",150.34,0.011213937789288126,-0.22999954223632812,0
2026-02-24,65.62,71.21,58.81999969482422,19.55,97.87999725341795,-0.011213937789288126,0.011213937789288126,0.022418179026084176,0.019301377688400925,0.021988499393309675,-0.22999954223632812,-5.589999999999989,6,105,-3.863734132714799,-1.133333333333333,-9.2,1,3,0,0,1,"223,47","91,73",338.85,0.004888491250570358,0.15000152587890625,0
2026-02-25,65.3,70.69,58.970001220703125,17.93,97.6999969482422,-0.004888491250570358,0.004888491250570358,0.0120477141483838,0.019292182776570122,0.021458667302322834,0.15000152587890625,-5.390000000000001,2,30,0.80971659919029,3.5,3.5,0,2,0,0,0,"131,50","74,91",197.87,0.0030674870678618345,0.8299980163574219,0
2026-02-26,65.1,71.66,59.79999923706055,18.63,97.79000091552734,-0.0030674870678618345,0.0030674870678618345,0.004234244411916227,0.01914650640493325,0.021389232677226016,0.8299980163574219,-6.560000000000002,9,200,-1.5499247452738905,-1.711111111111111,-10.0,4,5,2,0,1,"184,72","85,94",276.47,0.028170876966696224,4.880001068115234,1
2026-02-27,66.96,71.32,64.68000030517578,19.86,97.61000061035156,0.028170876966696224,0.028170876966696224,0.015604483498387847,0.018303040437411114,0.021144254658558927,4.880001068115234,-4.359999999999999,4,54,-4.87111143634653,-8.0,-9.0,2,0,0,0,1,"229,29","180,46",311.07,0.06041376256420405,4.220001220703125,1
2026-03-02,71.13,77.24,68.9000015258789,21.44,98.37999725341795,0.06041376256420405,0.06041376256420405,0.03016123122078232,0.024870635727895152,0.024818816143418323,4.220001220703125,-6.109999999999999,8,176,-5.608620566505835,-4.175,-9.0,3,2,0,0,1,"564,93","614,39",704.64,0.04602144422338795,5.089996337890625,1
2026-03-03,74.48,83.28,73.98999786376953,23.57,99.0500030517578,0.04602144422338795,0.04602144422338795,0.02909747122551624,0.025845389748792347,0.023374894994374656,5.089996337890625,-8.799999999999997,7,152,-2.6960662905858905,2.9285714285714284,-7.5,0,6,0,0,1,"386,36","479,89",463.47,0.0013417417818631485,1.2099990844726562,0
2026-03-04,74.58,81.56,75.19999694824219,21.15,98.7699966430664,0.0013417417818631485,0.0013417417818631485,0.02757338944650498,0.02449422412866522,0.023382843562457,1.2099990844726562,-6.980000000000004,12,404,-2.935400352504259,-0.04999999999999997,-10.0,2,8,2,0,1,"478,55","607,19",589.14,0.08109419996154114,8.6300048828125,1
2026-03-05,80.88,88.59,83.83000183105469,23.75,99.31999969482422,0.08109419996154114,0.08109419996154114,0.030487766877170107,0.032633427965691374,0.02811789086526475,8.6300048828125,-7.710000000000008,9,276,-2.191135288280516,-4.833333333333333,-10.0,4,3,4,0,1,"453,16","547,21",488.27,0.11536225982631985,19.769996643066406,1
2026-03-06,90.77,95.74,103.5999984741211,29.49,98.98999786376952,0.11536225982631985,0.11536225982631985,0.04225731656789029,0.04362505203964336,0.035142378250100754,19.769996643066406,-4.969999999999999,6,114,-0.10787262944122844,1.2666666666666668,-7.2,1,4,0,0,1,"334,72","402,73",268.73,0.041857043116796167,-3.0699996948242188,1
2026-03-09,94.65,94.35,100.52999877929688,25.5,99.18000030517578,0.041857043116796167,0.041857043116796167,0.04311111167735381,0.04183299474877736,0.035509168707172085,-3.0699996948242188,0.30000000000001137,4,105,-2.662894887584434,-5.05,-10.0,3,1,2,0,1,"413,25","653,93",414.54,0.12282743298336703,7.660003662109361,1
2026-03-10,83.71,89.84,108.19000244140624,24.93,98.83000183105467,-0.12282743298336703,0.12282743298336703,0.09218915793755578,0.06445641286709296,0.047746491622032386,7.660003662109361,-6.13000000000001,3,101,-3.161388734518687,-4.3,-9.2,2,1,0,0,1,"474,30","630,45",488.3,0.03624817699433961,12.72000122070314,1
2026-03-11,86.8,90.98,120.91000366210938,24.23,99.2300033569336,0.03624817699433961,0.03624817699433961,0.09142289730888677,0.06369135543824991,0.04781552876473507,12.72000122070314,-4.180000000000007,3,65,-9.969851587518896,-9.333333333333334,-10.0,3,0,3,0,1,"385,87","579,99",365.29,0.09667079543105034,-0.69000244140625,1
2026-03-12,95.61,102.38,120.22000122070312,27.29,99.73999786376952,0.09667079543105034,0.09667079543105034,0.09381848268433077,0.06597387155092717,0.051135607375350736,-0.69000244140625,-6.769999999999996,0,0,0.0,0.0,0.0,0,0,0,0,0,"295,57","422,53",250.41,0.029576064778843444,-1.2000045776367188,1
2026-03-13,98.48,103.23,119.0199966430664,27.19,100.36000061035156,0.029576064778843444,0.029576064778843444,0.08222416518205918,0.06595107260277833,0.0499878258796062,-1.2000045776367188,-4.75,3,105,-1.197151622213308,-8.166666666666666,-10.0,1,0,1,0,1,"318,76","548,32",207.89,0.05306920875457158,-17.04999542236328,1
